/*
 * 10x20 Terminus glyph tables — compressed format v1 (spec in
 * terminus_font.h, encoder in tools/gen_terminus.py).
 *
 * Derived from the Terminus Font 4.49.1 (ter-u20n.bdf + ter-u20b.bdf).
 * Copyright (c) 2020 Dimitar Zhekov <dimitar.zhekov@gmail.com>,
 * with Reserved Font Name "Terminus Font".
 * Licensed under the SIL Open Font License, Version 1.1 — full text in
 * components/font/LICENSE. This file is NOT covered by the repository's
 * MIT license.
 *
 * GENERATED file, but COMMITTED: regenerate with
 *     python tools/gen_terminus.py 10x20
 * instead of editing by hand.
 *
 * Size stats:
 *   regular  1356 glyphs (+114 range-gap cps -> '?') in 86 ranges
 *            pool 13336 B / 1204 unique records = 11.1 B/record (9.8 B/glyph vs 40 B flat)
 *            idx 2940 B, range dir 688 B
 *   palette  250 rows, 500 B (shared regular/bold)
 *   bold     415 cps in 3 ranges: 348 smear-synthesized, 67 stored (64 unique records)
 *            pool 838 B, idx 830 B, range dir 24 B
 *   total    19156 B   (flat row tables: 76032 B -> -74.8%)
 */
#include "terminus_font.h"

#if FONT_RT_10X20

static const uint8_t r_pool[] = {
    0x03, 0x0D, 0x0C, 0x25, 0x01, 0x01, 0x00, 0x00, 0x01, 0x01, 0x01, 0x00, 0x00, 0x01, 0x01, 0x25,
    0x00, 0x00, 0x03, 0x0D, 0x87, 0x02, 0x80, 0x00, 0x80, 0x02, 0x01, 0x04, 0x82, 0x09, 0x03, 0x0D,
    0x82, 0x09, 0x04, 0x0F, 0x09, 0x09, 0x09, 0x0F, 0x82, 0x09, 0x02, 0x0F, 0x0E, 0x02, 0x02, 0x08,
    0x0C, 0x1F, 0x1F, 0x1F, 0x08, 0x30, 0x30, 0x30, 0x0C, 0x08, 0x02, 0x02, 0x04, 0x0C, 0x0B, 0xD6,
    0x27, 0xA6, 0x10, 0x0B, 0x0B, 0x02, 0x02, 0x0E, 0xB9, 0x8F, 0xBF, 0x03, 0x0D, 0x0C, 0x11, 0x09,
    0x09, 0x09, 0x0A, 0x02, 0xBA, 0x8F, 0x01, 0x01, 0x01, 0x8F, 0xBE, 0x01, 0x04, 0x82, 0x02, 0x03,
    0x0D, 0x02, 0x0B, 0x02, 0x02, 0x85, 0x0E, 0x02, 0x02, 0x02, 0x0B, 0x03, 0x0D, 0x02, 0x0E, 0x02,
    0x02, 0x85, 0x0B, 0x02, 0x02, 0x02, 0x0E, 0x06, 0x07, 0x06, 0x09, 0x0A, 0x02, 0x0F, 0x02, 0x0A,
    0x09, 0x06, 0x07, 0x81, 0x02, 0x00, 0x0F, 0x81, 0x02, 0x0D, 0x04, 0x81, 0x02, 0x00, 0x0E, 0x09,
    0x01, 0x00, 0x0F, 0x0E, 0x02, 0x80, 0x02, 0x04, 0x0C, 0x80, 0x03, 0x80, 0x10, 0x80, 0x0B, 0x80,
    0x02, 0x80, 0x0E, 0x80, 0x05, 0x03, 0x0D, 0x0C, 0x08, 0x01, 0x01, 0x01, 0x35, 0x32, 0x0C, 0x27,
    0x3A, 0x01, 0x01, 0x01, 0x08, 0x03, 0x0D, 0x02, 0x02, 0x16, 0x50, 0x87, 0x02, 0x00, 0x08, 0x03,
    0x0D, 0x0C, 0x08, 0x01, 0x01, 0x01, 0x03, 0x03, 0x10, 0x0B, 0x02, 0x0E, 0x05, 0x04, 0x0F, 0x03,
    0x0D, 0x0C, 0x08, 0x01, 0x01, 0x03, 0x03, 0x03, 0x1E, 0x03, 0x03, 0x03, 0x01, 0x01, 0x08, 0x03,
    0x0D, 0x09, 0x03, 0x3B, 0x66, 0x30, 0x23, 0x06, 0x01, 0x01, 0x01, 0x0F, 0x81, 0x03, 0x03, 0x0D,
    0x00, 0x0F, 0x82, 0x04, 0x00, 0x17, 0x82, 0x03, 0x02, 0x01, 0x01, 0x08, 0x03, 0x0D, 0x05, 0x1E,
    0x05, 0x04, 0x04, 0x04, 0x17, 0x84, 0x01, 0x00, 0x08, 0x03, 0x0D, 0x07, 0x0F, 0x01, 0x01, 0x03,
    0x10, 0x10, 0x0B, 0x0B, 0x83, 0x02, 0x03, 0x0D, 0x00, 0x08, 0x83, 0x01, 0x00, 0x08, 0x83, 0x01,
    0x00, 0x08, 0x03, 0x0D, 0x00, 0x08, 0x84, 0x01, 0x05, 0x13, 0x03, 0x03, 0x03, 0x10, 0x2C, 0x07,
    0x08, 0x80, 0x02, 0x82, 0x00, 0x80, 0x02, 0x07, 0x0A, 0x80, 0x02, 0x82, 0x00, 0x81, 0x02, 0x00,
    0x0E, 0x03, 0x0D, 0x0C, 0x03, 0x10, 0x0B, 0x02, 0x0E, 0x05, 0x04, 0x05, 0x0E, 0x02, 0x0B, 0x10,
    0x03, 0x07, 0x05, 0x04, 0x0F, 0x00, 0x00, 0x00, 0x0F, 0x03, 0x0D, 0x0C, 0x04, 0x05, 0x0E, 0x02,
    0x0B, 0x10, 0x03, 0x10, 0x0B, 0x02, 0x0E, 0x05, 0x04, 0x03, 0x0D, 0x0C, 0x11, 0x09, 0x01, 0x01,
    0x03, 0x10, 0x0B, 0x02, 0x02, 0x00, 0x00, 0x02, 0x02, 0x03, 0x0D, 0x03, 0x13, 0x19, 0x19, 0x92,
    0x82, 0x39, 0x04, 0x93, 0xC6, 0x04, 0x04, 0x52, 0x03, 0x0D, 0x00, 0x08, 0x83, 0x01, 0x00, 0x0F,
    0x84, 0x01, 0x03, 0x0D, 0x00, 0x17, 0x82, 0x01, 0x00, 0x17, 0x84, 0x01, 0x00, 0x17, 0x03, 0x0D,
    0x02, 0x08, 0x01, 0x01, 0x85, 0x04, 0x02, 0x01, 0x01, 0x08, 0x03, 0x0D, 0x01, 0x28, 0x15, 0x87,
    0x01, 0x01, 0x15, 0x28, 0x03, 0x0D, 0x00, 0x0F, 0x83, 0x04, 0x00, 0x28, 0x83, 0x04, 0x00, 0x0F,
    0x03, 0x0D, 0x00, 0x0F, 0x83, 0x04, 0x00, 0x28, 0x84, 0x04, 0x03, 0x0D, 0x06, 0x08, 0x01, 0x01,
    0x04, 0x04, 0x04, 0x53, 0x83, 0x01, 0x00, 0x08, 0x03, 0x0D, 0x84, 0x01, 0x00, 0x0F, 0x84, 0x01,
    0x03, 0x0D, 0x00, 0x11, 0x89, 0x02, 0x00, 0x11, 0x03, 0x0D, 0x00, 0x7D, 0x86, 0x03, 0x81, 0x06,
    0x00, 0x1E, 0x03, 0x0D, 0x0C, 0x01, 0x01, 0x15, 0x1A, 0x1F, 0x2E, 0x22, 0x2E, 0x1F, 0x1A, 0x15,
    0x01, 0x01, 0x03, 0x0D, 0x8A, 0x04, 0x00, 0x0F, 0x03, 0x0D, 0x05, 0x19, 0x12, 0x54, 0x54, 0x58,
    0x58, 0x85, 0x19, 0x03, 0x0D, 0x82, 0x01, 0x04, 0x3A, 0x27, 0x0C, 0x32, 0x35, 0x82, 0x01, 0x03,
    0x0D, 0x00, 0x08, 0x89, 0x01, 0x00, 0x08, 0x03, 0x0D, 0x00, 0x17, 0x83, 0x01, 0x00, 0x17, 0x84,
    0x04, 0x03, 0x0F, 0x00, 0x08, 0x88, 0x01, 0x03, 0x0C, 0x08, 0x10, 0x03, 0x03, 0x0D, 0x00, 0x17,
    0x83, 0x01, 0x06, 0x17, 0x22, 0x2E, 0x1F, 0x1A, 0x15, 0x01, 0x03, 0x0D, 0x0C, 0x08, 0x01, 0x01,
    0x04, 0x04, 0x04, 0x08, 0x03, 0x03, 0x03, 0x01, 0x01, 0x08, 0x03, 0x0D, 0x00, 0x0F, 0x8A, 0x02,
    0x03, 0x0D, 0x8A, 0x01, 0x00, 0x08, 0x03, 0x0D, 0x82, 0x01, 0x82, 0x09, 0x81, 0x0A, 0x80, 0x02,
    0x03, 0x0D, 0x85, 0x19, 0x05, 0x58, 0x58, 0x54, 0x54, 0x12, 0x19, 0x03, 0x0D, 0x0C, 0x01, 0x01,
    0x09, 0x09, 0x0A, 0x0A, 0x02, 0x0A, 0x0A, 0x09, 0x09, 0x01, 0x01, 0x03, 0x0D, 0x80, 0x01, 0x80,
    0x09, 0x80, 0x0A, 0x85, 0x02, 0x03, 0x0D, 0x0C, 0x0F, 0x03, 0x03, 0x03, 0x10, 0x0B, 0x02, 0x0E,
    0x05, 0x04, 0x04, 0x04, 0x0F, 0x03, 0x0D, 0x00, 0x11, 0x89, 0x0E, 0x00, 0x11, 0x04, 0x0C, 0x80,
    0x05, 0x80, 0x0E, 0x80, 0x02, 0x80, 0x0B, 0x80, 0x10, 0x80, 0x03, 0x03, 0x0D, 0x00, 0x11, 0x89,
    0x0B, 0x00, 0x11, 0x01, 0x04, 0x03, 0x02, 0x0A, 0x09, 0x01, 0x11, 0x01, 0x00, 0x0F, 0x00, 0x03,
    0x02, 0x05, 0x0E, 0x02, 0x07, 0x09, 0x03, 0x08, 0x03, 0x03, 0x13, 0x82, 0x01, 0x00, 0x13, 0x03,
    0x0D, 0x82, 0x04, 0x00, 0x17, 0x85, 0x01, 0x00, 0x17, 0x07, 0x09, 0x01, 0x08, 0x01, 0x83, 0x04,
    0x01, 0x01, 0x08, 0x03, 0x0D, 0x82, 0x03, 0x00, 0x13, 0x85, 0x01, 0x00, 0x13, 0x07, 0x09, 0x08,
    0x08, 0x01, 0x01, 0x01, 0x0F, 0x04, 0x04, 0x01, 0x08, 0x03, 0x0D, 0x04, 0x47, 0x02, 0x02, 0x02,
    0x08, 0x86, 0x02, 0x07, 0x0C, 0x00, 0x13, 0x85, 0x01, 0x03, 0x13, 0x03, 0x03, 0x08, 0x03, 0x0D,
    0x82, 0x04, 0x00, 0x17, 0x86, 0x01, 0x03, 0x0D, 0x04, 0x02, 0x02, 0x00, 0x00, 0x16, 0x85, 0x02,
    0x00, 0x11, 0x03, 0x10, 0x04, 0x10, 0x10, 0x00, 0x00, 0x2A, 0x86, 0x10, 0x02, 0x09, 0x09, 0x11,
    0x03, 0x0D, 0x82, 0x04, 0x08, 0x01, 0x15, 0x1A, 0x1F, 0x46, 0x1F, 0x1A, 0x15, 0x01, 0x03, 0x0D,
    0x00, 0x16, 0x89, 0x02, 0x00, 0x11, 0x07, 0x09, 0x00, 0x17, 0x86, 0x0C, 0x07, 0x09, 0x00, 0x17,
    0x86, 0x01, 0x07, 0x09, 0x00, 0x08, 0x85, 0x01, 0x00, 0x08, 0x07, 0x0C, 0x00, 0x17, 0x85, 0x01,
    0x00, 0x17, 0x81, 0x04, 0x07, 0x0C, 0x00, 0x13, 0x85, 0x01, 0x00, 0x13, 0x81, 0x03, 0x07, 0x09,
    0x02, 0x53, 0x2E, 0x22, 0x84, 0x04, 0x07, 0x09, 0x08, 0x08, 0x01, 0x04, 0x04, 0x08, 0x03, 0x03,
    0x01, 0x08, 0x03, 0x0D, 0x82, 0x02, 0x00, 0x08, 0x85, 0x02, 0x00, 0x47, 0x07, 0x09, 0x86, 0x01,
    0x00, 0x13, 0x07, 0x09, 0x81, 0x01, 0x80, 0x09, 0x80, 0x0A, 0x80, 0x02, 0x07, 0x09, 0x81, 0x01,
    0x83, 0x0C, 0x00, 0x08, 0x07, 0x09, 0x08, 0x01, 0x01, 0x09, 0x0A, 0x02, 0x0A, 0x09, 0x01, 0x01,
    0x07, 0x0C, 0x86, 0x01, 0x03, 0x13, 0x03, 0x03, 0x08, 0x07, 0x09, 0x08, 0x0F, 0x03, 0x10, 0x0B,
    0x02, 0x0E, 0x05, 0x04, 0x0F, 0x03, 0x0D, 0x00, 0x2A, 0x83, 0x02, 0x00, 0x31, 0x83, 0x02, 0x00,
    0x2A, 0x03, 0x0D, 0x8B, 0x02, 0x03, 0x0D, 0x00, 0x31, 0x83, 0x02, 0x00, 0x2A, 0x83, 0x02, 0x00,
    0x31, 0x01, 0x04, 0x03, 0x69, 0x0C, 0x0C, 0x83, 0x03, 0x0D, 0x80, 0x02, 0x80, 0x00, 0x87, 0x02,
    0x05, 0x0D, 0x03, 0x02, 0x02, 0x08, 0x0C, 0x83, 0x1F, 0x03, 0x0C, 0x08, 0x02, 0x02, 0x03, 0x0D,
    0x01, 0x11, 0x09, 0x82, 0x05, 0x00, 0x28, 0x82, 0x05, 0x01, 0x06, 0x0F, 0x05, 0x0A, 0x02, 0x19,
    0x06, 0x1E, 0x82, 0x06, 0x02, 0x1E, 0x06, 0x19, 0x03, 0x0D, 0x0C, 0x01, 0x01, 0x09, 0x09, 0x0A,
    0x0A, 0x02, 0x02, 0x08, 0x02, 0x08, 0x02, 0x02, 0x03, 0x0D, 0x83, 0x02, 0x80, 0x00, 0x84, 0x02,
    0x02, 0x0F, 0x0E, 0x11, 0x09, 0x05, 0x05, 0x16, 0x72, 0x09, 0x09, 0x09, 0x41, 0x07, 0x10, 0x10,
    0x09, 0x11, 0x00, 0x02, 0x80, 0x09, 0x05, 0x0A, 0x09, 0x08, 0x01, 0x99, 0x77, 0xAB, 0xAB, 0x77,
    0x99, 0x01, 0x08, 0x01, 0x09, 0x08, 0x1E, 0x03, 0x42, 0x06, 0x06, 0x06, 0x42, 0x00, 0x13, 0x07,
    0x09, 0x08, 0x2B, 0x23, 0x09, 0x1A, 0x1B, 0x1A, 0x09, 0x23, 0x2B, 0x07, 0x05, 0x00, 0x0F, 0x82,
    0x03, 0x09, 0x01, 0x00, 0x08, 0x05, 0x0A, 0x09, 0x08, 0x01, 0xAF, 0x77, 0x77, 0xAF, 0x9A, 0x77,
    0x01, 0x08, 0x01, 0x01, 0x00, 0x08, 0x01, 0x05, 0x04, 0x11, 0x09, 0x09, 0x09, 0x11, 0x06, 0x0A,
    0x81, 0x02, 0x06, 0x0F, 0x02, 0x02, 0x02, 0x00, 0x00, 0x0F, 0x01, 0x07, 0x06, 0x11, 0x09, 0x09,
    0x0B, 0x02, 0x0E, 0x08, 0x01, 0x07, 0x06, 0x11, 0x09, 0x10, 0x07, 0x10, 0x09, 0x11, 0x00, 0x02,
    0x01, 0x0B, 0x02, 0x07, 0x0C, 0x85, 0x01, 0x01, 0x35, 0xDF, 0x81, 0x04, 0x03, 0x0D, 0x00, 0x13,
    0x83, 0x0C, 0x00, 0xC2, 0x84, 0x30, 0x09, 0x02, 0x80, 0x02, 0x10, 0x03, 0x02, 0x02, 0x02, 0x0E,
    0x01, 0x07, 0x01, 0x02, 0x16, 0x82, 0x02, 0x00, 0x11, 0x01, 0x09, 0x00, 0x1E, 0x83, 0x06, 0x02,
    0x1E, 0x00, 0x13, 0x07, 0x09, 0x08, 0x1B, 0x1A, 0x09, 0x23, 0x2B, 0x23, 0x09, 0x1A, 0x1B, 0x02,
    0x0F, 0x0E, 0x0E, 0x31, 0x0E, 0x4C, 0x23, 0x41, 0x0B, 0x02, 0x23, 0x90, 0x32, 0xA7, 0x45, 0x03,
    0x03, 0x02, 0x0F, 0x0E, 0x0E, 0x31, 0x0E, 0x4C, 0x23, 0x41, 0x0B, 0x02, 0x0E, 0x91, 0x0C, 0x76,
    0x10, 0x0B, 0x45, 0x02, 0x0F, 0x0E, 0x46, 0x02, 0x31, 0x2B, 0x30, 0xA6, 0x0B, 0x02, 0x23, 0x90,
    0x32, 0xA7, 0x45, 0x03, 0x03, 0x03, 0x0D, 0x0C, 0x02, 0x02, 0x00, 0x00, 0x02, 0x02, 0x0E, 0x05,
    0x04, 0x01, 0x01, 0x09, 0x11, 0x00, 0x10, 0x03, 0x0E, 0x02, 0x00, 0x08, 0x83, 0x01, 0x00, 0x0F,
    0x84, 0x01, 0x00, 0x10, 0x03, 0x0B, 0x02, 0x00, 0x08, 0x83, 0x01, 0x00, 0x0F, 0x84, 0x01, 0x00,
    0x10, 0x03, 0x11, 0x09, 0x00, 0x08, 0x83, 0x01, 0x00, 0x0F, 0x84, 0x01, 0x00, 0x10, 0x03, 0x21,
    0x43, 0x00, 0x08, 0x83, 0x01, 0x00, 0x0F, 0x84, 0x01, 0x00, 0x10, 0x03, 0x09, 0x09, 0x00, 0x08,
    0x83, 0x01, 0x00, 0x0F, 0x84, 0x01, 0x00, 0x10, 0x03, 0x11, 0x09, 0x11, 0x08, 0x83, 0x01, 0x00,
    0x0F, 0x84, 0x01, 0x03, 0x0D, 0x00, 0x36, 0x83, 0x1B, 0x00, 0x5E, 0x83, 0x1B, 0x00, 0x55, 0x03,
    0x10, 0x02, 0x08, 0x01, 0x01, 0x85, 0x04, 0x05, 0x01, 0x01, 0x08, 0x02, 0x02, 0x0E, 0x00, 0x10,
    0x03, 0x0E, 0x02, 0x00, 0x0F, 0x83, 0x04, 0x00, 0x28, 0x83, 0x04, 0x00, 0x0F, 0x00, 0x10, 0x03,
    0x0B, 0x02, 0x00, 0x0F, 0x83, 0x04, 0x00, 0x28, 0x83, 0x04, 0x00, 0x0F, 0x00, 0x10, 0x03, 0x11,
    0x09, 0x00, 0x0F, 0x83, 0x04, 0x00, 0x28, 0x83, 0x04, 0x00, 0x0F, 0x00, 0x10, 0x03, 0x09, 0x09,
    0x00, 0x0F, 0x83, 0x04, 0x00, 0x28, 0x83, 0x04, 0x00, 0x0F, 0x00, 0x10, 0x03, 0x0E, 0x02, 0x00,
    0x11, 0x89, 0x02, 0x00, 0x11, 0x00, 0x10, 0x03, 0x0B, 0x02, 0x00, 0x11, 0x89, 0x02, 0x00, 0x11,
    0x00, 0x10, 0x03, 0x11, 0x09, 0x00, 0x11, 0x89, 0x02, 0x00, 0x11, 0x00, 0x10, 0x03, 0x09, 0x09,
    0x00, 0x11, 0x89, 0x02, 0x00, 0x11, 0x03, 0x0D, 0x01, 0x28, 0x15, 0x82, 0x01, 0x00, 0xF9, 0x82,
    0x01, 0x01, 0x15, 0x28, 0x00, 0x10, 0x02, 0x21, 0x43, 0x00, 0x82, 0x01, 0x04, 0x3A, 0x27, 0x0C,
    0x32, 0x35, 0x82, 0x01, 0x00, 0x10, 0x03, 0x0E, 0x02, 0x00, 0x08, 0x89, 0x01, 0x00, 0x08, 0x00,
    0x10, 0x03, 0x0B, 0x02, 0x00, 0x08, 0x89, 0x01, 0x00, 0x08, 0x00, 0x10, 0x03, 0x11, 0x09, 0x00,
    0x08, 0x89, 0x01, 0x00, 0x08, 0x00, 0x10, 0x03, 0x21, 0x43, 0x00, 0x08, 0x89, 0x01, 0x00, 0x08,
    0x00, 0x10, 0x03, 0x09, 0x09, 0x00, 0x08, 0x89, 0x01, 0x00, 0x08, 0x06, 0x07, 0x06, 0x01, 0x09,
    0x0A, 0x02, 0x0A, 0x09, 0x01, 0x03, 0x0D, 0x0C, 0x08, 0x01, 0x60, 0x01, 0x35, 0x32, 0x0C, 0x27,
    0x3A, 0x01, 0x87, 0x01, 0x08, 0x00, 0x10, 0x02, 0x0E, 0x02, 0x00, 0x8A, 0x01, 0x00, 0x08, 0x00,
    0x10, 0x02, 0x0B, 0x02, 0x00, 0x8A, 0x01, 0x00, 0x08, 0x00, 0x10, 0x02, 0x11, 0x09, 0x00, 0x8A,
    0x01, 0x00, 0x08, 0x00, 0x10, 0x02, 0x09, 0x09, 0x00, 0x8A, 0x01, 0x00, 0x08, 0x00, 0x10, 0x08,
    0x0B, 0x02, 0x00, 0x01, 0x01, 0x09, 0x09, 0x0A, 0x0A, 0x85, 0x02, 0x03, 0x0D, 0x81, 0x04, 0x00,
    0x17, 0x83, 0x01, 0x00, 0x17, 0x81, 0x04, 0x03, 0x0D, 0x05, 0x2C, 0x15, 0x15, 0x15, 0x1A, 0x17,
    0x83, 0x01, 0x01, 0x3A, 0x94, 0x04, 0x0C, 0x06, 0x0E, 0x02, 0x00, 0x08, 0x03, 0x03, 0x13, 0x82,
    0x01, 0x00, 0x13, 0x04, 0x0C, 0x06, 0x0B, 0x02, 0x00, 0x08, 0x03, 0x03, 0x13, 0x82, 0x01, 0x00,
    0x13, 0x04, 0x0C, 0x06, 0x11, 0x09, 0x00, 0x08, 0x03, 0x03, 0x13, 0x82, 0x01, 0x00, 0x13, 0x04,
    0x0C, 0x06, 0x21, 0x43, 0x00, 0x08, 0x03, 0x03, 0x13, 0x82, 0x01, 0x00, 0x13, 0x04, 0x0C, 0x06,
    0x09, 0x09, 0x00, 0x08, 0x03, 0x03, 0x13, 0x82, 0x01, 0x00, 0x13, 0x04, 0x0C, 0x06, 0x11, 0x09,
    0x11, 0x08, 0x03, 0x03, 0x13, 0x82, 0x01, 0x00, 0x13, 0x07, 0x09, 0x08, 0x61, 0x2B, 0x2B, 0x49,
    0x55, 0x1B, 0x1B, 0x33, 0x61, 0x07, 0x0C, 0x01, 0x08, 0x01, 0x83, 0x04, 0x04, 0x01, 0x08, 0x02,
    0x02, 0x0E, 0x04, 0x0C, 0x0B, 0x0E, 0x02, 0x00, 0x08, 0x01, 0x01, 0x01, 0x0F, 0x04, 0x04, 0x01,
    0x08, 0x04, 0x0C, 0x0B, 0x0B, 0x02, 0x00, 0x08, 0x01, 0x01, 0x01, 0x0F, 0x04, 0x04, 0x01, 0x08,
    0x04, 0x0C, 0x0B, 0x11, 0x09, 0x00, 0x08, 0x01, 0x01, 0x01, 0x0F, 0x04, 0x04, 0x01, 0x08, 0x04,
    0x0C, 0x0B, 0x09, 0x09, 0x00, 0x08, 0x01, 0x01, 0x01, 0x0F, 0x04, 0x04, 0x01, 0x08, 0x04, 0x0C,
    0x03, 0x0E, 0x02, 0x00, 0x16, 0x85, 0x02, 0x00, 0x11, 0x04, 0x0C, 0x03, 0x0B, 0x02, 0x00, 0x16,
    0x85, 0x02, 0x00, 0x11, 0x04, 0x0C, 0x03, 0x11, 0x09, 0x00, 0x16, 0x85, 0x02, 0x00, 0x11, 0x04,
    0x0C, 0x03, 0x09, 0x09, 0x00, 0x16, 0x85, 0x02, 0x00, 0x11, 0x03, 0x0D, 0x04, 0xC0, 0x0E, 0xD2,
    0x0B, 0x08, 0x85, 0x01, 0x00, 0x08, 0x04, 0x0C, 0x03, 0x21, 0x43, 0x00, 0x17, 0x86, 0x01, 0x04,
    0x0C, 0x03, 0x0E, 0x02, 0x00, 0x08, 0x85, 0x01, 0x00, 0x08, 0x04, 0x0C, 0x03, 0x0B, 0x02, 0x00,
    0x08, 0x85, 0x01, 0x00, 0x08, 0x04, 0x0C, 0x03, 0x11, 0x09, 0x00, 0x08, 0x85, 0x01, 0x00, 0x08,
    0x04, 0x0C, 0x03, 0x21, 0x43, 0x00, 0x08, 0x85, 0x01, 0x00, 0x08, 0x04, 0x0C, 0x03, 0x09, 0x09,
    0x00, 0x08, 0x85, 0x01, 0x00, 0x08, 0x05, 0x09, 0x08, 0x02, 0x02, 0x00, 0x00, 0x0F, 0x00, 0x00,
    0x02, 0x02, 0x07, 0x09, 0x08, 0xA3, 0x01, 0x35, 0x32, 0x0C, 0x27, 0x3A, 0x01, 0xB0, 0x04, 0x0C,
    0x02, 0x0E, 0x02, 0x00, 0x86, 0x01, 0x00, 0x13, 0x04, 0x0C, 0x02, 0x0B, 0x02, 0x00, 0x86, 0x01,
    0x00, 0x13, 0x04, 0x0C, 0x02, 0x11, 0x09, 0x00, 0x86, 0x01, 0x00, 0x13, 0x04, 0x0C, 0x02, 0x09,
    0x09, 0x00, 0x86, 0x01, 0x00, 0x13, 0x04, 0x0F, 0x02, 0x0B, 0x02, 0x00, 0x86, 0x01, 0x03, 0x13,
    0x03, 0x03, 0x08, 0x03, 0x10, 0x82, 0x04, 0x00, 0x17, 0x85, 0x01, 0x00, 0x17, 0x81, 0x04, 0x04,
    0x0F, 0x02, 0x09, 0x09, 0x00, 0x86, 0x01, 0x03, 0x13, 0x03, 0x03, 0x08, 0x01, 0x0F, 0x02, 0x08,
    0x00, 0x08, 0x83, 0x01, 0x00, 0x0F, 0x84, 0x01, 0x05, 0x0B, 0x05, 0x08, 0x00, 0x08, 0x03, 0x03,
    0x13, 0x82, 0x01, 0x00, 0x13, 0x00, 0x10, 0x03, 0x09, 0x11, 0x00, 0x08, 0x83, 0x01, 0x00, 0x0F,
    0x84, 0x01, 0x04, 0x0C, 0x06, 0x09, 0x11, 0x00, 0x08, 0x03, 0x03, 0x13, 0x82, 0x01, 0x00, 0x13,
    0x03, 0x10, 0x00, 0x08, 0x83, 0x01, 0x00, 0x0F, 0x84, 0x01, 0x02, 0x03, 0x10, 0x40, 0x07, 0x0C,
    0x03, 0x08, 0x03, 0x03, 0x13, 0x82, 0x01, 0x03, 0x13, 0x03, 0x10, 0x40, 0x00, 0x10, 0x05, 0x0B,
    0x02, 0x00, 0x08, 0x01, 0x01, 0x85, 0x04, 0x02, 0x01, 0x01, 0x08, 0x04, 0x0C, 0x04, 0x0B, 0x02,
    0x00, 0x08, 0x01, 0x83, 0x04, 0x01, 0x01, 0x08, 0x00, 0x10, 0x05, 0x11, 0x09, 0x00, 0x08, 0x01,
    0x01, 0x85, 0x04, 0x02, 0x01, 0x01, 0x08, 0x04, 0x0C, 0x04, 0x11, 0x09, 0x00, 0x08, 0x01, 0x83,
    0x04, 0x01, 0x01, 0x08, 0x00, 0x10, 0x05, 0x02, 0x02, 0x00, 0x08, 0x01, 0x01, 0x85, 0x04, 0x02,
    0x01, 0x01, 0x08, 0x04, 0x0C, 0x04, 0x02, 0x02, 0x00, 0x08, 0x01, 0x83, 0x04, 0x01, 0x01, 0x08,
    0x00, 0x10, 0x05, 0x09, 0x11, 0x00, 0x08, 0x01, 0x01, 0x85, 0x04, 0x02, 0x01, 0x01, 0x08, 0x04,
    0x0C, 0x04, 0x09, 0x11, 0x00, 0x08, 0x01, 0x83, 0x04, 0x01, 0x01, 0x08, 0x00, 0x10, 0x04, 0x09,
    0x11, 0x00, 0x28, 0x15, 0x87, 0x01, 0x01, 0x15, 0x28, 0x00, 0x10, 0x02, 0x09, 0x11, 0x00, 0x82,
    0x03, 0x00, 0x13, 0x85, 0x01, 0x00, 0x13, 0x03, 0x0D, 0x04, 0x03, 0x5F, 0x03, 0x03, 0x13, 0x85,
    0x01, 0x00, 0x13, 0x01, 0x0F, 0x02, 0x08, 0x00, 0x0F, 0x83, 0x04, 0x00, 0x28, 0x83, 0x04, 0x00,
    0x0F, 0x05, 0x0B, 0x0A, 0x08, 0x00, 0x08, 0x01, 0x01, 0x01, 0x0F, 0x04, 0x04, 0x01, 0x08, 0x00,
    0x10, 0x03, 0x09, 0x11, 0x00, 0x0F, 0x83, 0x04, 0x00, 0x28, 0x83, 0x04, 0x00, 0x0F, 0x04, 0x0C,
    0x0B, 0x09, 0x11, 0x00, 0x08, 0x01, 0x01, 0x01, 0x0F, 0x04, 0x04, 0x01, 0x08, 0x00, 0x10, 0x03,
    0x02, 0x02, 0x00, 0x0F, 0x83, 0x04, 0x00, 0x28, 0x83, 0x04, 0x00, 0x0F, 0x04, 0x0C, 0x0B, 0x02,
    0x02, 0x00, 0x08, 0x01, 0x01, 0x01, 0x0F, 0x04, 0x04, 0x01, 0x08, 0x03, 0x10, 0x00, 0x0F, 0x83,
    0x04, 0x00, 0x28, 0x83, 0x04, 0x03, 0x0F, 0x03, 0x10, 0x40, 0x07, 0x0C, 0x0B, 0x08, 0x01, 0x01,
    0x01, 0x0F, 0x04, 0x04, 0x01, 0x08, 0x02, 0x0E, 0x07, 0x00, 0x10, 0x09, 0x11, 0x09, 0x00, 0x08,
    0x01, 0x01, 0x04, 0x04, 0x04, 0x53, 0x83, 0x01, 0x00, 0x08, 0x04, 0x0F, 0x03, 0x11, 0x09, 0x00,
    0x13, 0x85, 0x01, 0x03, 0x13, 0x03, 0x03, 0x08, 0x00, 0x10, 0x09, 0x09, 0x11, 0x00, 0x08, 0x01,
    0x01, 0x04, 0x04, 0x04, 0x53, 0x83, 0x01, 0x00, 0x08, 0x04, 0x0F, 0x03, 0x09, 0x11, 0x00, 0x13,
    0x85, 0x01, 0x03, 0x13, 0x03, 0x03, 0x08, 0x00, 0x10, 0x09, 0x02, 0x02, 0x00, 0x08, 0x01, 0x01,
    0x04, 0x04, 0x04, 0x53, 0x83, 0x01, 0x00, 0x08, 0x04, 0x0F, 0x03, 0x02, 0x02, 0x00, 0x13, 0x85,
    0x01, 0x03, 0x13, 0x03, 0x03, 0x08, 0x03, 0x11, 0x06, 0x08, 0x01, 0x01, 0x04, 0x04, 0x04, 0x53,
    0x83, 0x01, 0x04, 0x08, 0x00, 0x02, 0x02, 0x0E, 0x03, 0x10, 0x04, 0x0B, 0x02, 0x02, 0x00, 0x13,
    0x85, 0x01, 0x03, 0x13, 0x03, 0x03, 0x08, 0x00, 0x10, 0x02, 0x11, 0x09, 0x00, 0x84, 0x01, 0x00,
    0x0F, 0x84, 0x01, 0x00, 0x10, 0x02, 0x11, 0x09, 0x00, 0x82, 0x04, 0x00, 0x17, 0x86, 0x01, 0x03,
    0x0D, 0x06, 0x01, 0x01, 0x1C, 0x01, 0x01, 0x01, 0x0F, 0x84, 0x01, 0x03, 0x0D, 0x04, 0x04, 0x14,
    0x04, 0x04, 0x17, 0x86, 0x01, 0x00, 0x10, 0x03, 0x21, 0x43, 0x00, 0x11, 0x89, 0x02, 0x00, 0x11,
    0x04, 0x0C, 0x03, 0x21, 0x43, 0x00, 0x16, 0x85, 0x02, 0x00, 0x11, 0x01, 0x0F, 0x02, 0x08, 0x00,
    0x11, 0x89, 0x02, 0x00, 0x11, 0x05, 0x0B, 0x02, 0x08, 0x00, 0x16, 0x85, 0x02, 0x00, 0x11, 0x00,
    0x10, 0x03, 0x09, 0x11, 0x00, 0x11, 0x89, 0x02, 0x00, 0x11, 0x04, 0x0C, 0x03, 0x09, 0x11, 0x00,
    0x16, 0x85, 0x02, 0x00, 0x11, 0x03, 0x10, 0x00, 0x11, 0x89, 0x02, 0x03, 0x11, 0x02, 0x0E, 0x07,
    0x03, 0x10, 0x04, 0x02, 0x02, 0x00, 0x00, 0x16, 0x85, 0x02, 0x03, 0x11, 0x02, 0x0E, 0x07, 0x00,
    0x10, 0x03, 0x02, 0x02, 0x00, 0x11, 0x89, 0x02, 0x00, 0x11, 0x07, 0x09, 0x00, 0x16, 0x85, 0x02,
    0x00, 0x11, 0x03, 0x0D, 0x00, 0x6D, 0x86, 0x01, 0x81, 0x0C, 0x00, 0xF4, 0x03, 0x10, 0x04, 0x3F,
    0x3F, 0x00, 0x00, 0x12, 0x85, 0x3F, 0x03, 0xD5, 0x6F, 0x6F, 0x3B, 0x00, 0x10, 0x03, 0x47, 0x2B,
    0x00, 0x47, 0x86, 0x10, 0x81, 0x15, 0x00, 0x2C, 0x04, 0x0F, 0x03, 0x47, 0x2B, 0x00, 0x2A, 0x86,
    0x10, 0x02, 0x09, 0x09, 0x11, 0x03, 0x11, 0x10, 0x01, 0x01, 0x15, 0x1A, 0x1F, 0x2E, 0x22, 0x2E,
    0x1F, 0x1A, 0x15, 0x01, 0x01, 0x00, 0x02, 0x02, 0x0E, 0x03, 0x11, 0x82, 0x04, 0x0C, 0x01, 0x15,
    0x1A, 0x1F, 0x46, 0x1F, 0x1A, 0x15, 0x01, 0x00, 0x02, 0x02, 0x0E, 0x07, 0x09, 0x08, 0x01, 0x15,
    0x1A, 0x1F, 0x46, 0x1F, 0x1A, 0x15, 0x01, 0x00, 0x10, 0x02, 0x05, 0x04, 0x00, 0x8A, 0x04, 0x00,
    0x0F, 0x00, 0x10, 0x03, 0x0B, 0x02, 0x00, 0x16, 0x89, 0x02, 0x00, 0x11, 0x03, 0x11, 0x8A, 0x04,
    0x04, 0x0F, 0x00, 0x02, 0x02, 0x0E, 0x03, 0x11, 0x00, 0x16, 0x89, 0x02, 0x04, 0x11, 0x00, 0x02,
    0x02, 0x0E, 0x00, 0x10, 0x02, 0x09, 0x11, 0x00, 0x8A, 0x04, 0x00, 0x0F, 0x00, 0x10, 0x03, 0x09,
    0x11, 0x00, 0x16, 0x89, 0x02, 0x00, 0x11, 0x03, 0x0D, 0x83, 0x04, 0x80, 0x15, 0x83, 0x04, 0x00,
    0x0F, 0x03, 0x0D, 0x00, 0x16, 0x82, 0x02, 0x80, 0x9F, 0x83, 0x02, 0x00, 0x11, 0x03, 0x0D, 0x82,
    0x05, 0x08, 0x50, 0x31, 0x05, 0x22, 0xEA, 0x05, 0x05, 0x05, 0x52, 0x03, 0x0D, 0x0C, 0x16, 0x02,
    0x02, 0x02, 0x4F, 0x07, 0x02, 0x16, 0x50, 0x02, 0x02, 0x02, 0x11, 0x00, 0x10, 0x02, 0x0B, 0x02,
    0x00, 0x82, 0x01, 0x04, 0x3A, 0x27, 0x0C, 0x32, 0x35, 0x82, 0x01, 0x04, 0x0C, 0x03, 0x0B, 0x02,
    0x00, 0x17, 0x86, 0x01, 0x03, 0x11, 0x82, 0x01, 0x04, 0x3A, 0x27, 0x0C, 0x32, 0x35, 0x82, 0x01,
    0x03, 0x00, 0x02, 0x02, 0x0E, 0x07, 0x0D, 0x00, 0x17, 0x86, 0x01, 0x03, 0x00, 0x02, 0x02, 0x0E,
    0x00, 0x10, 0x02, 0x09, 0x11, 0x00, 0x82, 0x01, 0x04, 0x3A, 0x27, 0x0C, 0x32, 0x35, 0x82, 0x01,
    0x04, 0x0C, 0x03, 0x09, 0x11, 0x00, 0x17, 0x86, 0x01, 0x01, 0x0F, 0x81, 0x04, 0x03, 0x1D, 0x00,
    0x00, 0x17, 0x86, 0x01, 0x03, 0x10, 0x82, 0x01, 0x04, 0x3A, 0x27, 0x0C, 0x32, 0x35, 0x82, 0x01,
    0x02, 0x03, 0x03, 0x2A, 0x07, 0x0C, 0x00, 0x17, 0x86, 0x01, 0x02, 0x03, 0x03, 0x2A, 0x01, 0x0F,
    0x02, 0x08, 0x00, 0x08, 0x89, 0x01, 0x00, 0x08, 0x05, 0x0B, 0x02, 0x08, 0x00, 0x08, 0x85, 0x01,
    0x00, 0x08, 0x00, 0x10, 0x03, 0x09, 0x11, 0x00, 0x08, 0x89, 0x01, 0x00, 0x08, 0x04, 0x0C, 0x03,
    0x09, 0x11, 0x00, 0x08, 0x85, 0x01, 0x00, 0x08, 0x00, 0x10, 0x03, 0x23, 0x09, 0x00, 0x08, 0x89,
    0x01, 0x00, 0x08, 0x04, 0x0C, 0x03, 0x23, 0x09, 0x00, 0x08, 0x85, 0x01, 0x00, 0x08, 0x03, 0x0D,
    0x00, 0x36, 0x83, 0x1B, 0x00, 0x5D, 0x83, 0x1B, 0x00, 0x36, 0x07, 0x09, 0x08, 0x0F, 0x33, 0x33,
    0x33, 0x55, 0x1B, 0x1B, 0x33, 0x0F, 0x00, 0x10, 0x03, 0x0B, 0x02, 0x00, 0x17, 0x83, 0x01, 0x06,
    0x17, 0x22, 0x2E, 0x1F, 0x1A, 0x15, 0x01, 0x04, 0x0C, 0x05, 0x0B, 0x02, 0x00, 0x53, 0x2E, 0x22,
    0x84, 0x04, 0x03, 0x11, 0x00, 0x17, 0x83, 0x01, 0x0A, 0x17, 0x22, 0x2E, 0x1F, 0x1A, 0x15, 0x01,
    0x00, 0x02, 0x02, 0x0E, 0x07, 0x0D, 0x02, 0x53, 0x2E, 0x22, 0x84, 0x04, 0x03, 0x00, 0x04, 0x04,
    0x1D, 0x00, 0x10, 0x03, 0x09, 0x11, 0x00, 0x17, 0x83, 0x01, 0x06, 0x17, 0x22, 0x2E, 0x1F, 0x1A,
    0x15, 0x01, 0x04, 0x0C, 0x05, 0x09, 0x11, 0x00, 0x53, 0x2E, 0x22, 0x84, 0x04, 0x00, 0x10, 0x0F,
    0x0B, 0x02, 0x00, 0x08, 0x01, 0x01, 0x04, 0x04, 0x04, 0x08, 0x03, 0x03, 0x03, 0x01, 0x01, 0x08,
    0x04, 0x0C, 0x0B, 0x0B, 0x02, 0x00, 0x08, 0x01, 0x04, 0x04, 0x08, 0x03, 0x03, 0x01, 0x08, 0x00,
    0x10, 0x0F, 0x11, 0x09, 0x00, 0x08, 0x01, 0x01, 0x04, 0x04, 0x04, 0x08, 0x03, 0x03, 0x03, 0x01,
    0x01, 0x08, 0x04, 0x0C, 0x0B, 0x11, 0x09, 0x00, 0x08, 0x01, 0x04, 0x04, 0x08, 0x03, 0x03, 0x01,
    0x08, 0x03, 0x10, 0x0F, 0x08, 0x01, 0x01, 0x04, 0x04, 0x04, 0x08, 0x03, 0x03, 0x03, 0x01, 0x01,
    0x08, 0x02, 0x02, 0x0E, 0x07, 0x0C, 0x0B, 0x08, 0x01, 0x04, 0x04, 0x08, 0x03, 0x03, 0x01, 0x08,
    0x02, 0x02, 0x0E, 0x00, 0x10, 0x0F, 0x09, 0x11, 0x00, 0x08, 0x01, 0x01, 0x04, 0x04, 0x04, 0x08,
    0x03, 0x03, 0x03, 0x01, 0x01, 0x08, 0x04, 0x0C, 0x0B, 0x09, 0x11, 0x00, 0x08, 0x01, 0x04, 0x04,
    0x08, 0x03, 0x03, 0x01, 0x08, 0x03, 0x10, 0x00, 0x0F, 0x8A, 0x02, 0x02, 0x0B, 0x0B, 0x02, 0x03,
    0x10, 0x82, 0x02, 0x00, 0x08, 0x85, 0x02, 0x03, 0x47, 0x10, 0x10, 0x0B, 0x00, 0x10, 0x03, 0x09,
    0x11, 0x00, 0x0F, 0x8A, 0x02, 0x00, 0x10, 0x02, 0x09, 0x11, 0x00, 0x82, 0x02, 0x00, 0x08, 0x85,
    0x02, 0x00, 0x47, 0x03, 0x0D, 0x00, 0x0F, 0x83, 0x02, 0x00, 0x08, 0x84, 0x02, 0x03, 0x0D, 0x82,
    0x02, 0x02, 0x08, 0x02, 0x11, 0x83, 0x02, 0x00, 0x47, 0x00, 0x10, 0x02, 0x21, 0x43, 0x00, 0x8A,
    0x01, 0x00, 0x08, 0x04, 0x0C, 0x02, 0x21, 0x43, 0x00, 0x86, 0x01, 0x00, 0x13, 0x01, 0x0F, 0x01,
    0x08, 0x00, 0x8A, 0x01, 0x00, 0x08, 0x05, 0x0B, 0x01, 0x08, 0x00, 0x86, 0x01, 0x00, 0x13, 0x00,
    0x10, 0x02, 0x09, 0x11, 0x00, 0x8A, 0x01, 0x00, 0x08, 0x04, 0x0C, 0x02, 0x09, 0x11, 0x00, 0x86,
    0x01, 0x00, 0x13, 0x00, 0x10, 0x02, 0x11, 0x09, 0x11, 0x8A, 0x01, 0x00, 0x08, 0x04, 0x0C, 0x02,
    0x11, 0x09, 0x11, 0x86, 0x01, 0x00, 0x13, 0x00, 0x10, 0x02, 0x23, 0x09, 0x00, 0x8A, 0x01, 0x00,
    0x08, 0x04, 0x0C, 0x02, 0x23, 0x09, 0x00, 0x86, 0x01, 0x00, 0x13, 0x03, 0x10, 0x8A, 0x01, 0x03,
    0x08, 0x02, 0x0E, 0x07, 0x07, 0x0C, 0x86, 0x01, 0x03, 0x13, 0x03, 0x10, 0x40, 0x00, 0x10, 0x02,
    0x11, 0x09, 0x00, 0x85, 0x19, 0x05, 0x58, 0x58, 0x54, 0x54, 0x12, 0x19, 0x04, 0x0C, 0x02, 0x11,
    0x09, 0x00, 0x81, 0x01, 0x83, 0x0C, 0x00, 0x08, 0x00, 0x10, 0x08, 0x11, 0x09, 0x00, 0x01, 0x01,
    0x09, 0x09, 0x0A, 0x0A, 0x85, 0x02, 0x04, 0x0F, 0x02, 0x11, 0x09, 0x00, 0x86, 0x01, 0x03, 0x13,
    0x03, 0x03, 0x08, 0x00, 0x10, 0x08, 0x09, 0x09, 0x00, 0x01, 0x01, 0x09, 0x09, 0x0A, 0x0A, 0x85,
    0x02, 0x00, 0x10, 0x0F, 0x0B, 0x02, 0x00, 0x0F, 0x03, 0x03, 0x03, 0x10, 0x0B, 0x02, 0x0E, 0x05,
    0x04, 0x04, 0x04, 0x0F, 0x04, 0x0C, 0x0B, 0x0B, 0x02, 0x00, 0x0F, 0x03, 0x10, 0x0B, 0x02, 0x0E,
    0x05, 0x04, 0x0F, 0x00, 0x10, 0x0F, 0x02, 0x02, 0x00, 0x0F, 0x03, 0x03, 0x03, 0x10, 0x0B, 0x02,
    0x0E, 0x05, 0x04, 0x04, 0x04, 0x0F, 0x04, 0x0C, 0x0B, 0x02, 0x02, 0x00, 0x0F, 0x03, 0x10, 0x0B,
    0x02, 0x0E, 0x05, 0x04, 0x0F, 0x00, 0x10, 0x0F, 0x09, 0x11, 0x00, 0x0F, 0x03, 0x03, 0x03, 0x10,
    0x0B, 0x02, 0x0E, 0x05, 0x04, 0x04, 0x04, 0x0F, 0x04, 0x0C, 0x0B, 0x09, 0x11, 0x00, 0x0F, 0x03,
    0x10, 0x0B, 0x02, 0x0E, 0x05, 0x04, 0x0F, 0x03, 0x0D, 0x00, 0x47, 0x8A, 0x02, 0x03, 0x0D, 0x02,
    0x08, 0x01, 0x01, 0x85, 0x03, 0x02, 0x01, 0x01, 0x08, 0x03, 0x0D, 0x00, 0x0F, 0x83, 0x03, 0x00,
    0x42, 0x83, 0x03, 0x00, 0x0F, 0x03, 0x0D, 0x06, 0x08, 0x01, 0x01, 0x03, 0x03, 0x03, 0x0F, 0x83,
    0x01, 0x00, 0x08, 0x03, 0x0D, 0x0C, 0x08, 0x01, 0x01, 0x04, 0x04, 0x04, 0x2C, 0x04, 0x04, 0x04,
    0x01, 0x01, 0x08, 0x03, 0x10, 0x05, 0x2A, 0x30, 0x30, 0x02, 0x02, 0x08, 0x85, 0x02, 0x02, 0x1F,
    0x1F, 0x31, 0x03, 0x10, 0x82, 0x01, 0x04, 0x3A, 0x27, 0x0C, 0x32, 0x35, 0x82, 0x01, 0x02, 0x04,
    0x04, 0x1D, 0x07, 0x0C, 0x00, 0x17, 0x86, 0x01, 0x81, 0x03, 0x03, 0x0D, 0x0C, 0x0F, 0x03, 0x03,
    0x03, 0x10, 0x0B, 0x0F, 0x02, 0x0E, 0x05, 0x04, 0x04, 0x0F, 0x07, 0x09, 0x08, 0x0F, 0x03, 0x10,
    0x0B, 0x0F, 0x0E, 0x05, 0x04, 0x0F, 0x03, 0x0D, 0x05, 0x0F, 0x03, 0x10, 0x0B, 0x02, 0x1E, 0x82,
    0x03, 0x02, 0x01, 0x01, 0x08, 0x01, 0x0F, 0x02, 0x13, 0x00, 0x36, 0x83, 0x1B, 0x00, 0x5E, 0x83,
    0x1B, 0x00, 0x55, 0x05, 0x0B, 0x0A, 0x13, 0x00, 0x61, 0x2B, 0x2B, 0x49, 0x55, 0x1B, 0x1B, 0x33,
    0x61, 0x03, 0x0D, 0x0C, 0x08, 0x01, 0x01, 0x04, 0x04, 0x04, 0x53, 0x01, 0x01, 0x92, 0x01, 0x01,
    0x08, 0x07, 0x0C, 0x0B, 0x13, 0x01, 0x01, 0x01, 0x92, 0x01, 0x01, 0x01, 0x13, 0x03, 0x03, 0x08,
    0x00, 0x10, 0x0F, 0x09, 0x11, 0x00, 0x01, 0x01, 0x15, 0x1A, 0x1F, 0x2E, 0x22, 0x2E, 0x1F, 0x1A,
    0x15, 0x01, 0x01, 0x00, 0x10, 0x02, 0x09, 0x11, 0x00, 0x82, 0x04, 0x08, 0x01, 0x15, 0x1A, 0x1F,
    0x46, 0x1F, 0x1A, 0x15, 0x01, 0x03, 0x10, 0x00, 0x08, 0x89, 0x01, 0x03, 0x08, 0x02, 0x0E, 0x07,
    0x07, 0x0C, 0x00, 0x08, 0x85, 0x01, 0x03, 0x08, 0x02, 0x0E, 0x07, 0x01, 0x12, 0x02, 0x08, 0x00,
    0x08, 0x89, 0x01, 0x03, 0x08, 0x02, 0x0E, 0x07, 0x05, 0x0E, 0x02, 0x08, 0x00, 0x08, 0x85, 0x01,
    0x03, 0x08, 0x02, 0x0E, 0x07, 0x00, 0x10, 0x08, 0x09, 0x11, 0x00, 0x0F, 0x03, 0x10, 0x0B, 0x02,
    0x1E, 0x82, 0x03, 0x02, 0x01, 0x01, 0x08, 0x04, 0x0F, 0x0E, 0x09, 0x11, 0x00, 0x0F, 0x03, 0x10,
    0x0B, 0x02, 0x1E, 0x03, 0x03, 0x03, 0x01, 0x01, 0x08, 0x04, 0x0F, 0x03, 0x2B, 0x47, 0x00, 0x2A,
    0x86, 0x10, 0x02, 0x09, 0x09, 0x11, 0x00, 0x10, 0x09, 0x0B, 0x02, 0x00, 0x08, 0x01, 0x01, 0x04,
    0x04, 0x04, 0x53, 0x83, 0x01, 0x00, 0x08, 0x04, 0x0F, 0x03, 0x0B, 0x02, 0x00, 0x13, 0x85, 0x01,
    0x03, 0x13, 0x03, 0x03, 0x08, 0x00, 0x10, 0x03, 0x0B, 0x02, 0x00, 0x36, 0x83, 0x1B, 0x00, 0x5E,
    0x83, 0x1B, 0x00, 0x55, 0x04, 0x0C, 0x0B, 0x0B, 0x02, 0x00, 0x61, 0x2B, 0x2B, 0x49, 0x55, 0x1B,
    0x1B, 0x33, 0x61, 0x00, 0x10, 0x0F, 0x0B, 0x02, 0x00, 0x08, 0x01, 0x60, 0x01, 0x35, 0x32, 0x0C,
    0x27, 0x3A, 0x01, 0x87, 0x01, 0x08, 0x04, 0x0C, 0x0B, 0x0B, 0x02, 0x00, 0xA3, 0x01, 0x35, 0x32,
    0x0C, 0x27, 0x3A, 0x01, 0xB0, 0x03, 0x11, 0x10, 0x08, 0x01, 0x01, 0x04, 0x04, 0x04, 0x08, 0x03,
    0x03, 0x03, 0x01, 0x01, 0x08, 0x00, 0x02, 0x02, 0x0E, 0x07, 0x0D, 0x0C, 0x08, 0x01, 0x04, 0x04,
    0x08, 0x03, 0x03, 0x01, 0x08, 0x00, 0x02, 0x02, 0x0E, 0x03, 0x11, 0x00, 0x0F, 0x8A, 0x02, 0x03,
    0x00, 0x02, 0x02, 0x0E, 0x03, 0x11, 0x82, 0x02, 0x00, 0x08, 0x85, 0x02, 0x04, 0x47, 0x00, 0x10,
    0x10, 0x0B, 0x01, 0x0F, 0x07, 0x08, 0x00, 0x01, 0x01, 0x09, 0x09, 0x0A, 0x0A, 0x85, 0x02, 0x05,
    0x0E, 0x01, 0x08, 0x00, 0x86, 0x01, 0x03, 0x13, 0x03, 0x03, 0x08, 0x07, 0x0C, 0x00, 0x2A, 0x86,
    0x10, 0x02, 0x09, 0x09, 0x11, 0x07, 0x09, 0x01, 0x08, 0x01, 0x83, 0x03, 0x01, 0x01, 0x08, 0x07,
    0x09, 0x08, 0x08, 0x01, 0x01, 0x01, 0x0F, 0x03, 0x03, 0x01, 0x08, 0x07, 0x09, 0x08, 0x08, 0x01,
    0x03, 0x03, 0x0F, 0x01, 0x01, 0x01, 0x08, 0x07, 0x09, 0x08, 0x08, 0x01, 0x04, 0x04, 0x2C, 0x04,
    0x04, 0x01, 0x08, 0x07, 0x0C, 0x00, 0x17, 0x86, 0x01, 0x02, 0x04, 0x04, 0x1D, 0x07, 0x0C, 0x0B,
    0x0F, 0x03, 0x10, 0x0B, 0x02, 0x1E, 0x03, 0x03, 0x03, 0x01, 0x01, 0x08, 0x00, 0x03, 0x02, 0x0B,
    0x02, 0x02, 0x00, 0x03, 0x02, 0x02, 0x02, 0x0E, 0x00, 0x03, 0x02, 0x02, 0x02, 0x0B, 0x00, 0x02,
    0x01, 0x11, 0x09, 0x00, 0x02, 0x01, 0x09, 0x11, 0x00, 0x02, 0x80, 0x02, 0x10, 0x03, 0x02, 0x02,
    0x0E, 0x07, 0x00, 0x02, 0x01, 0x21, 0x43, 0x00, 0x02, 0x01, 0x23, 0x09, 0x00, 0x02, 0x01, 0x0E,
    0x02, 0x01, 0x01, 0x00, 0x0F, 0x00, 0x03, 0x02, 0x11, 0x09, 0x11, 0x11, 0x02, 0x80, 0x02, 0x01,
    0x02, 0x01, 0x04, 0x1D, 0x01, 0x05, 0x04, 0x0B, 0x02, 0x00, 0x09, 0x09, 0x01, 0x0F, 0x02, 0x04,
    0x1D, 0x08, 0x83, 0x01, 0x00, 0x0F, 0x84, 0x01, 0x07, 0x02, 0x80, 0x02, 0x01, 0x0F, 0x02, 0x04,
    0x1D, 0x0F, 0x83, 0x04, 0x00, 0x28, 0x83, 0x04, 0x00, 0x0F, 0x01, 0x0F, 0x01, 0x04, 0x1D, 0x84,
    0x01, 0x00, 0x0F, 0x84, 0x01, 0x01, 0x0F, 0x02, 0x04, 0x1D, 0x11, 0x89, 0x02, 0x00, 0x11, 0x01,
    0x0F, 0x02, 0x04, 0x1D, 0x08, 0x89, 0x01, 0x00, 0x08, 0x01, 0x0F, 0x07, 0x04, 0x1D, 0x3F, 0x3F,
    0x23, 0x23, 0x4F, 0x4F, 0x85, 0x0B, 0x01, 0x0F, 0x02, 0x04, 0x1D, 0x08, 0x86, 0x01, 0x03, 0x09,
    0x0A, 0x0A, 0x61, 0x01, 0x0F, 0x06, 0x0B, 0x02, 0x00, 0x09, 0x09, 0x00, 0x16, 0x85, 0x02, 0x00,
    0x2A, 0x03, 0x0D, 0x00, 0x0F, 0x8A, 0x04, 0x03, 0x0D, 0x81, 0x02, 0x81, 0x0A, 0x81, 0x09, 0x81,
    0x01, 0x00, 0x0F, 0x03, 0x0D, 0x00, 0x08, 0x83, 0x01, 0x00, 0xCD, 0x83, 0x01, 0x00, 0x08, 0x03,
    0x0D, 0x81, 0x02, 0x81, 0x0A, 0x81, 0x09, 0x82, 0x01, 0x03, 0x0D, 0x00, 0x0F, 0x83, 0x00, 0x00,
    0x08, 0x83, 0x00, 0x00, 0x0F, 0x03, 0x0D, 0x00, 0x0F, 0x8A, 0x01, 0x03, 0x0D, 0x0C, 0x0F, 0x04,
    0x05, 0x0E, 0x02, 0x0B, 0x10, 0x0B, 0x02, 0x0E, 0x05, 0x04, 0x0F, 0x03, 0x0D, 0x01, 0x02, 0x08,
    0x87, 0x0C, 0x01, 0x08, 0x02, 0x03, 0x0D, 0x87, 0x0C, 0x00, 0x08, 0x81, 0x02, 0x03, 0x0D, 0x00,
    0x08, 0x86, 0x01, 0x03, 0x09, 0x0A, 0x0A, 0x61, 0x04, 0x0C, 0x04, 0x0B, 0x02, 0x00, 0x73, 0x35,
    0x83, 0x15, 0x01, 0x35, 0x73, 0x04, 0x0C, 0x0B, 0x0B, 0x02, 0x00, 0x08, 0x01, 0x04, 0x04, 0x2C,
    0x04, 0x04, 0x01, 0x08, 0x04, 0x0F, 0x03, 0x0B, 0x02, 0x00, 0x17, 0x86, 0x01, 0x81, 0x03, 0x04,
    0x0C, 0x03, 0x0B, 0x02, 0x00, 0x16, 0x85, 0x02, 0x00, 0x2A, 0x01, 0x0F, 0x05, 0x0B, 0x02, 0x00,
    0x09, 0x09, 0x00, 0x86, 0x01, 0x00, 0x08, 0x07, 0x09, 0x01, 0x73, 0x35, 0x83, 0x15, 0x01, 0x35,
    0x73, 0x03, 0x10, 0x05, 0x2C, 0x15, 0x15, 0x15, 0x1A, 0x17, 0x84, 0x01, 0x00, 0x17, 0x81, 0x04,
    0x07, 0x0C, 0x81, 0x01, 0x81, 0x09, 0x80, 0x0A, 0x82, 0x02, 0x03, 0x0D, 0x05, 0x08, 0x0E, 0x02,
    0x0B, 0x1E, 0x90, 0x83, 0x01, 0x01, 0x09, 0x11, 0x03, 0x10, 0x06, 0x0F, 0x10, 0x0B, 0x02, 0x0E,
    0x05, 0x05, 0x83, 0x04, 0x03, 0x08, 0x03, 0x03, 0x10, 0x03, 0x0D, 0x00, 0x1E, 0x83, 0x06, 0x00,
    0x13, 0x83, 0x06, 0x00, 0x1E, 0x07, 0x09, 0x00, 0x16, 0x85, 0x02, 0x00, 0x2A, 0x03, 0x0D, 0x80,
    0x0E, 0x81, 0x02, 0x80, 0x0A, 0x81, 0x09, 0x81, 0x01, 0x03, 0x10, 0x00, 0x13, 0x82, 0x04, 0x00,
    0x08, 0x84, 0x04, 0x03, 0x08, 0x03, 0x03, 0x10, 0x07, 0x09, 0x00, 0x0F, 0x86, 0x01, 0x07, 0x0C,
    0x00, 0x08, 0x85, 0x01, 0x00, 0x17, 0x81, 0x04, 0x07, 0x0C, 0x01, 0x08, 0x01, 0x84, 0x04, 0x03,
    0x08, 0x03, 0x03, 0x10, 0x07, 0x09, 0x01, 0x81, 0x09, 0x83, 0x01, 0x01, 0x09, 0x11, 0x07, 0x09,
    0x00, 0x0F, 0x85, 0x02, 0x00, 0x2A, 0x07, 0x09, 0x86, 0x01, 0x00, 0x08, 0x07, 0x0C, 0x00, 0x91,
    0x85, 0x0C, 0x00, 0x08, 0x81, 0x02, 0x07, 0x0C, 0x0B, 0x01, 0x01, 0x09, 0x09, 0x0A, 0x02, 0x02,
    0x0A, 0x09, 0x09, 0x01, 0x01, 0x07, 0x0C, 0x86, 0x0C, 0x00, 0x08, 0x81, 0x02, 0x07, 0x09, 0x02,
    0x09, 0x01, 0x01, 0x83, 0x0C, 0x00, 0x4D, 0x04, 0x0C, 0x03, 0x09, 0x09, 0x00, 0x16, 0x85, 0x02,
    0x00, 0x2A, 0x04, 0x0C, 0x02, 0x09, 0x09, 0x00, 0x86, 0x01, 0x00, 0x08, 0x04, 0x0C, 0x02, 0x0B,
    0x02, 0x00, 0x86, 0x01, 0x00, 0x08, 0x04, 0x0C, 0x05, 0x0B, 0x02, 0x00, 0x09, 0x01, 0x01, 0x83,
    0x0C, 0x00, 0x4D, 0x03, 0x0D, 0x00, 0x1E, 0x82, 0x06, 0x07, 0x81, 0x03, 0x03, 0x3A, 0x06, 0x06,
    0x06, 0x1E, 0x05, 0x0D, 0x02, 0x02, 0x02, 0x08, 0x85, 0x0C, 0x02, 0x08, 0x02, 0x02, 0x07, 0x09,
    0x08, 0xF2, 0x23, 0x4F, 0x07, 0x02, 0x16, 0x50, 0x1A, 0xE2, 0x07, 0x0C, 0x00, 0x08, 0x85, 0x01,
    0x03, 0x17, 0x04, 0x04, 0x08, 0x03, 0x0D, 0x00, 0x08, 0x83, 0x01, 0x00, 0x0F, 0x83, 0x01, 0x00,
    0x08, 0x07, 0x09, 0x08, 0x42, 0x05, 0x04, 0x04, 0x17, 0x04, 0x04, 0x05, 0x42, 0x07, 0x09, 0x08,
    0x28, 0x10, 0x03, 0x03, 0x13, 0x03, 0x03, 0x10, 0x28, 0x03, 0x0D, 0x04, 0x14, 0x05, 0x05, 0x05,
    0x08, 0x85, 0x06, 0x00, 0x91, 0x00, 0x10, 0x03, 0x0B, 0x02, 0x00, 0x0F, 0x8A, 0x04, 0x03, 0x0D,
    0x0C, 0x08, 0x01, 0x01, 0x04, 0x04, 0x04, 0x28, 0x04, 0x04, 0x04, 0x01, 0x01, 0x08, 0x03, 0x0D,
    0x05, 0x62, 0x1F, 0x1B, 0x1B, 0x1B, 0x5D, 0x84, 0x33, 0x00, 0x5D, 0x03, 0x0D, 0x83, 0x1B, 0x01,
    0x5D, 0xB5, 0x83, 0x33, 0x00, 0x5D, 0x03, 0x0D, 0x04, 0x14, 0x05, 0x05, 0x05, 0x08, 0x86, 0x06,
    0x00, 0x10, 0x0F, 0x0B, 0x02, 0x00, 0x01, 0x01, 0x15, 0x1A, 0x1F, 0x2E, 0x22, 0x2E, 0x1F, 0x1A,
    0x15, 0x01, 0x01, 0x00, 0x10, 0x02, 0x0E, 0x02, 0x00, 0x82, 0x01, 0x04, 0x35, 0x32, 0x0C, 0x27,
    0x3A, 0x82, 0x01, 0x00, 0x10, 0x02, 0x09, 0x11, 0x00, 0x85, 0x01, 0x00, 0x13, 0x82, 0x03, 0x00,
    0x08, 0x03, 0x0F, 0x8A, 0x01, 0x02, 0x0F, 0x02, 0x02, 0x03, 0x0D, 0x00, 0x17, 0x82, 0x04, 0x00,
    0x17, 0x84, 0x01, 0x00, 0x17, 0x03, 0x0F, 0x01, 0x45, 0x23, 0x88, 0x06, 0x02, 0x36, 0x19, 0x19,
    0x03, 0x0D, 0x83, 0x0C, 0x02, 0x34, 0x11, 0x34, 0x83, 0x0C, 0x03, 0x0D, 0x82, 0x01, 0x04, 0x35,
    0x32, 0x0C, 0x27, 0x3A, 0x82, 0x01, 0x00, 0x10, 0x02, 0x09, 0x11, 0x00, 0x82, 0x01, 0x04, 0x35,
    0x32, 0x0C, 0x27, 0x3A, 0x82, 0x01, 0x03, 0x0D, 0x01, 0x45, 0x23, 0x88, 0x06, 0x00, 0x01, 0x03,
    0x0D, 0x85, 0x01, 0x00, 0x13, 0x82, 0x03, 0x00, 0x08, 0x02, 0x0F, 0x01, 0x02, 0x08, 0x89, 0x0C,
    0x01, 0x08, 0x02, 0x03, 0x0F, 0x8A, 0x01, 0x02, 0x52, 0x20, 0x20, 0x03, 0x0D, 0x84, 0x01, 0x00,
    0x13, 0x84, 0x03, 0x03, 0x0D, 0x8A, 0x0C, 0x00, 0x13, 0x03, 0x0F, 0x8A, 0x0C, 0x02, 0x52, 0x20,
    0x20, 0x03, 0x0D, 0x04, 0x2D, 0x04, 0x04, 0x04, 0x17, 0x85, 0x01, 0x00, 0x17, 0x03, 0x0D, 0x82,
    0x19, 0x00, 0x49, 0x85, 0x3C, 0x00, 0x49, 0x03, 0x0D, 0x0C, 0x08, 0x01, 0x01, 0x03, 0x03, 0x03,
    0x42, 0x03, 0x03, 0x03, 0x01, 0x01, 0x08, 0x03, 0x0D, 0x00, 0x6A, 0x83, 0x39, 0x00, 0x49, 0x83,
    0x39, 0x00, 0x6A, 0x03, 0x0D, 0x00, 0x13, 0x83, 0x01, 0x06, 0x13, 0x3B, 0x66, 0x30, 0x23, 0x06,
    0x01, 0x03, 0x0D, 0x04, 0x08, 0x04, 0x04, 0x04, 0x17, 0x85, 0x01, 0x00, 0x17, 0x03, 0x0D, 0x05,
    0x2C, 0x15, 0x15, 0x15, 0x1A, 0x17, 0x84, 0x01, 0x00, 0x17, 0x07, 0x09, 0x00, 0x0F, 0x86, 0x04,
    0x07, 0x09, 0x81, 0x0C, 0x02, 0x34, 0x11, 0x34, 0x81, 0x0C, 0x07, 0x09, 0x08, 0x08, 0x01, 0x03,
    0x03, 0x1E, 0x03, 0x03, 0x01, 0x08, 0x07, 0x09, 0x01, 0x45, 0x23, 0x84, 0x06, 0x00, 0x01, 0x07,
    0x09, 0x03, 0x01, 0x25, 0x48, 0x0C, 0x83, 0x01, 0x07, 0x09, 0x82, 0x01, 0x00, 0x0F, 0x82, 0x01,
    0x07, 0x09, 0x00, 0x0F, 0x86, 0x02, 0x07, 0x0B, 0x86, 0x01, 0x02, 0x52, 0x20, 0x20, 0x07, 0x09,
    0x82, 0x01, 0x00, 0x13, 0x82, 0x03, 0x07, 0x09, 0x86, 0x0C, 0x00, 0x13, 0x07, 0x0B, 0x86, 0x0C,
    0x02, 0x52, 0x20, 0x20, 0x07, 0x09, 0x03, 0x22, 0x05, 0x05, 0x08, 0x82, 0x06, 0x00, 0x08, 0x07,
    0x09, 0x81, 0x19, 0x00, 0x49, 0x82, 0x3C, 0x00, 0x49, 0x07, 0x09, 0x81, 0x05, 0x00, 0x08, 0x82,
    0x06, 0x00, 0x08, 0x07, 0x09, 0x08, 0x08, 0x01, 0x03, 0x03, 0x42, 0x03, 0x03, 0x01, 0x08, 0x07,
    0x09, 0x08, 0x6A, 0x39, 0x39, 0x39, 0x49, 0x39, 0x39, 0x39, 0x6A, 0x07, 0x09, 0x08, 0x13, 0x01,
    0x01, 0x01, 0x13, 0x66, 0x30, 0x23, 0x06, 0x03, 0x10, 0x04, 0x04, 0x14, 0x04, 0x04, 0x17, 0x86,
    0x01, 0x02, 0x03, 0x03, 0x2A, 0x04, 0x0C, 0x03, 0x0B, 0x02, 0x00, 0x0F, 0x86, 0x04, 0x07, 0x09,
    0x08, 0x08, 0x01, 0x04, 0x04, 0x28, 0x04, 0x04, 0x01, 0x08, 0x07, 0x09, 0x03, 0x62, 0x1F, 0x1B,
    0x5D, 0x82, 0x33, 0x00, 0x5D, 0x07, 0x09, 0x81, 0x1B, 0x05, 0x5D, 0xB5, 0x33, 0x33, 0x33, 0x5D,
    0x04, 0x0C, 0x0B, 0x0B, 0x02, 0x00, 0x01, 0x15, 0x1A, 0x1F, 0x46, 0x1F, 0x1A, 0x15, 0x01, 0x04,
    0x0F, 0x02, 0x09, 0x11, 0x00, 0x86, 0x01, 0x03, 0x13, 0x03, 0x03, 0x08, 0x07, 0x0B, 0x86, 0x01,
    0x02, 0x0F, 0x02, 0x02, 0x03, 0x0D, 0x04, 0x04, 0x14, 0x04, 0x04, 0x17, 0x85, 0x01, 0x00, 0x17,
    0x03, 0x0D, 0x81, 0x05, 0x04, 0x14, 0x05, 0x05, 0x05, 0x08, 0x82, 0x06, 0x00, 0x08, 0x03, 0x0D,
    0x07, 0x0F, 0x01, 0x09, 0x09, 0x0A, 0x02, 0x11, 0x34, 0x83, 0x0C, 0x07, 0x09, 0x05, 0x0F, 0x01,
    0x09, 0x0A, 0x11, 0x34, 0x81, 0x0C, 0x01, 0x0F, 0x02, 0x03, 0x03, 0x0F, 0x8A, 0x04, 0x05, 0x0B,
    0x02, 0x03, 0x03, 0x0F, 0x86, 0x04, 0x03, 0x0D, 0x00, 0x0F, 0x83, 0x04, 0x00, 0x14, 0x84, 0x04,
    0x07, 0x09, 0x04, 0x0F, 0x04, 0x04, 0x04, 0x14, 0x82, 0x04, 0x03, 0x0F, 0x00, 0x0F, 0x83, 0x04,
    0x00, 0x17, 0x84, 0x01, 0x01, 0x03, 0x10, 0x07, 0x0B, 0x04, 0x0F, 0x04, 0x04, 0x04, 0x28, 0x82,
    0x15, 0x01, 0x10, 0x0B, 0x03, 0x0F, 0x83, 0x0C, 0x02, 0x34, 0x11, 0x34, 0x82, 0x0C, 0x02, 0x93,
    0x20, 0x20, 0x07, 0x0B, 0x81, 0x0C, 0x07, 0x34, 0x11, 0x34, 0x0C, 0x0C, 0x93, 0x20, 0x20, 0x03,
    0x10, 0x0C, 0x08, 0x01, 0x01, 0x03, 0x03, 0x03, 0x1E, 0x03, 0x03, 0x03, 0x01, 0x01, 0x08, 0x81,
    0x02, 0x07, 0x0C, 0x08, 0x08, 0x01, 0x03, 0x03, 0x1E, 0x03, 0x03, 0x01, 0x08, 0x81, 0x02, 0x03,
    0x0F, 0x0E, 0x01, 0x01, 0x15, 0x1A, 0x1F, 0x2E, 0x22, 0x2E, 0x1F, 0x1A, 0x15, 0x01, 0x60, 0x20,
    0x20, 0x07, 0x0B, 0x0A, 0x01, 0x15, 0x1A, 0x1F, 0x46, 0x1F, 0x1A, 0x15, 0x60, 0x20, 0x20, 0x03,
    0x0D, 0x81, 0x01, 0x06, 0x84, 0x6B, 0x74, 0x46, 0x74, 0x6B, 0x84, 0x81, 0x01, 0x07, 0x09, 0x08,
    0x01, 0x84, 0x6B, 0x74, 0x46, 0x74, 0x6B, 0x84, 0x01, 0x03, 0x0D, 0x0C, 0x87, 0x01, 0x15, 0x1A,
    0x1F, 0x2E, 0x22, 0x2E, 0x1F, 0x1A, 0x15, 0x01, 0x01, 0x07, 0x09, 0x08, 0x87, 0x15, 0x1A, 0x1F,
    0x46, 0x1F, 0x1A, 0x15, 0x01, 0x03, 0x0F, 0x84, 0x01, 0x00, 0x0F, 0x83, 0x01, 0x02, 0x60, 0x20,
    0x20, 0x07, 0x0B, 0x82, 0x01, 0x06, 0x0F, 0x01, 0x01, 0x01, 0x60, 0x20, 0x20, 0x03, 0x0D, 0x00,
    0xA4, 0x83, 0x15, 0x00, 0x17, 0x84, 0x15, 0x07, 0x09, 0x04, 0xA4, 0x15, 0x15, 0x15, 0x17, 0x82,
    0x15, 0x03, 0x10, 0x02, 0x08, 0x01, 0x01, 0x85, 0x04, 0x02, 0x01, 0x01, 0x08, 0x81, 0x02, 0x07,
    0x0C, 0x01, 0x08, 0x01, 0x83, 0x04, 0x01, 0x01, 0x08, 0x81, 0x02, 0x03, 0x0D, 0x08, 0x01, 0x01,
    0x09, 0x09, 0x0A, 0x0A, 0x02, 0x02, 0x08, 0x82, 0x02, 0x07, 0x0C, 0x81, 0x01, 0x81, 0x09, 0x05,
    0x0A, 0x0A, 0x02, 0x08, 0x02, 0x02, 0x03, 0x0F, 0x0E, 0x01, 0x01, 0x09, 0x09, 0x0A, 0x0A, 0x02,
    0x0A, 0x0A, 0x09, 0x09, 0x01, 0x60, 0x20, 0x20, 0x07, 0x0B, 0x0A, 0x01, 0x01, 0x09, 0x0A, 0x02,
    0x0A, 0x09, 0x01, 0x60, 0x20, 0x20, 0x03, 0x0F, 0x84, 0x01, 0x00, 0x13, 0x83, 0x03, 0x02, 0x40,
    0x20, 0x20, 0x07, 0x0B, 0x82, 0x01, 0x06, 0x13, 0x03, 0x03, 0x03, 0x40, 0x20, 0x20, 0x03, 0x0D,
    0x81, 0x01, 0x81, 0x0C, 0x00, 0x13, 0x81, 0x30, 0x81, 0x03, 0x07, 0x09, 0x08, 0x01, 0x01, 0x0C,
    0x0C, 0x13, 0x30, 0x30, 0x03, 0x03, 0x03, 0x0D, 0x83, 0x04, 0x00, 0x17, 0x85, 0x01, 0x07, 0x09,
    0x81, 0x04, 0x00, 0x17, 0x83, 0x01, 0x00, 0x10, 0x02, 0x09, 0x11, 0x00, 0x83, 0x0C, 0x02, 0x34,
    0x11, 0x34, 0x83, 0x0C, 0x04, 0x0C, 0x08, 0x09, 0x11, 0x00, 0x0C, 0x0C, 0x0C, 0x34, 0x11, 0x34,
    0x81, 0x0C, 0x00, 0x10, 0x09, 0x09, 0x09, 0x00, 0x08, 0x01, 0x01, 0x03, 0x03, 0x03, 0x0F, 0x83,
    0x01, 0x00, 0x08, 0x04, 0x0C, 0x0B, 0x09, 0x09, 0x00, 0x08, 0x01, 0x03, 0x03, 0x0F, 0x01, 0x01,
    0x01, 0x08, 0x00, 0x10, 0x02, 0x09, 0x09, 0x00, 0x83, 0x0C, 0x02, 0x34, 0x11, 0x34, 0x83, 0x0C,
    0x04, 0x0C, 0x08, 0x09, 0x09, 0x00, 0x0C, 0x0C, 0x0C, 0x34, 0x11, 0x34, 0x81, 0x0C, 0x00, 0x10,
    0x0F, 0x09, 0x09, 0x00, 0x08, 0x01, 0x01, 0x03, 0x03, 0x03, 0x1E, 0x03, 0x03, 0x03, 0x01, 0x01,
    0x08, 0x04, 0x0C, 0x0B, 0x09, 0x09, 0x00, 0x08, 0x01, 0x03, 0x03, 0x1E, 0x03, 0x03, 0x01, 0x08,
    0x01, 0x0F, 0x01, 0x08, 0x00, 0x82, 0x01, 0x04, 0x35, 0x32, 0x0C, 0x27, 0x3A, 0x82, 0x01, 0x00,
    0x10, 0x02, 0x09, 0x09, 0x00, 0x82, 0x01, 0x04, 0x35, 0x32, 0x0C, 0x27, 0x3A, 0x82, 0x01, 0x07,
    0x09, 0x08, 0x08, 0x01, 0x01, 0x01, 0x0F, 0x01, 0x01, 0x01, 0x08, 0x00, 0x10, 0x03, 0x09, 0x09,
    0x00, 0x08, 0x83, 0x01, 0x00, 0x0F, 0x83, 0x01, 0x00, 0x08, 0x04, 0x0C, 0x0B, 0x09, 0x09, 0x00,
    0x08, 0x01, 0x01, 0x01, 0x0F, 0x01, 0x01, 0x01, 0x08, 0x00, 0x10, 0x0F, 0x09, 0x09, 0x00, 0x08,
    0x01, 0x01, 0x03, 0x03, 0x03, 0x42, 0x03, 0x03, 0x03, 0x01, 0x01, 0x08, 0x04, 0x0C, 0x0B, 0x09,
    0x09, 0x00, 0x08, 0x01, 0x03, 0x03, 0x42, 0x03, 0x03, 0x01, 0x08, 0x01, 0x0F, 0x01, 0x08, 0x00,
    0x85, 0x01, 0x00, 0x13, 0x82, 0x03, 0x00, 0x08, 0x00, 0x10, 0x02, 0x09, 0x09, 0x00, 0x85, 0x01,
    0x00, 0x13, 0x82, 0x03, 0x00, 0x08, 0x00, 0x10, 0x02, 0x23, 0x09, 0x00, 0x85, 0x01, 0x00, 0x13,
    0x82, 0x03, 0x00, 0x08, 0x04, 0x0F, 0x02, 0x23, 0x09, 0x00, 0x86, 0x01, 0x03, 0x13, 0x03, 0x03,
    0x08, 0x00, 0x10, 0x02, 0x09, 0x09, 0x00, 0x84, 0x01, 0x00, 0x13, 0x84, 0x03, 0x04, 0x0C, 0x02,
    0x09, 0x09, 0x00, 0x82, 0x01, 0x00, 0x13, 0x82, 0x03, 0x00, 0x10, 0x02, 0x09, 0x09, 0x00, 0x82,
    0x19, 0x00, 0x49, 0x85, 0x3C, 0x00, 0x49, 0x04, 0x0C, 0x06, 0x09, 0x09, 0x00, 0x19, 0x19, 0x19,
    0x49, 0x82, 0x3C, 0x00, 0x49, 0x03, 0x0D, 0x0C, 0x3F, 0x3F, 0x4C, 0x4C, 0x2B, 0x30, 0xBB, 0x72,
    0x1A, 0x15, 0x15, 0x01, 0x01, 0x03, 0x0D, 0x00, 0x17, 0x89, 0x03, 0x00, 0x36, 0x03, 0x0D, 0x00,
    0x2C, 0x85, 0x10, 0x04, 0x2A, 0x30, 0x23, 0x3F, 0x19, 0x03, 0x0D, 0x00, 0x36, 0x8A, 0x03, 0x03,
    0x0D, 0x00, 0x17, 0x81, 0x03, 0x87, 0x01, 0x03, 0x0D, 0x00, 0x31, 0x8A, 0x02, 0x04, 0x0C, 0x02,
    0x13, 0x10, 0x0B, 0x87, 0x02, 0x03, 0x0D, 0x00, 0x17, 0x8A, 0x01, 0x03, 0x0D, 0x00, 0x83, 0x89,
    0x01, 0x00, 0x08, 0x03, 0x07, 0x00, 0x31, 0x84, 0x02, 0x03, 0x10, 0x00, 0x17, 0x8D, 0x03, 0x03,
    0x0D, 0x00, 0x17, 0x89, 0x03, 0x00, 0x17, 0x01, 0x0F, 0x02, 0x04, 0x04, 0x0F, 0x83, 0x03, 0x02,
    0x10, 0x0B, 0x02, 0x82, 0x0E, 0x03, 0x0D, 0x00, 0x17, 0x89, 0x01, 0x00, 0x0F, 0x04, 0x0C, 0x01,
    0xF1, 0x95, 0x87, 0x01, 0x00, 0x6A, 0x03, 0x10, 0x00, 0x5C, 0x8D, 0x0B, 0x03, 0x0D, 0x00, 0x2C,
    0x89, 0x10, 0x00, 0x08, 0x03, 0x0D, 0x00, 0x38, 0x89, 0x01, 0x00, 0x08, 0x03, 0x0D, 0x81, 0x01,
    0x81, 0x06, 0x06, 0x23, 0x23, 0x4F, 0x4F, 0x07, 0x16, 0x22, 0x03, 0x10, 0x00, 0x17, 0x83, 0x01,
    0x00, 0x69, 0x87, 0x03, 0x03, 0x0D, 0x00, 0x17, 0x83, 0x01, 0x00, 0x69, 0x83, 0x03, 0x00, 0x17,
    0x03, 0x10, 0x06, 0x01, 0x01, 0x06, 0x06, 0x23, 0x41, 0x07, 0x87, 0x02, 0x03, 0x0D, 0x0C, 0x01,
    0x01, 0x06, 0x06, 0x23, 0x41, 0x07, 0x02, 0x0B, 0x0B, 0x10, 0x10, 0x0F, 0x03, 0x10, 0x07, 0x0F,
    0x03, 0x03, 0x03, 0x01, 0x01, 0x15, 0x1A, 0x83, 0x1F, 0x81, 0x04, 0x03, 0x0D, 0x00, 0x17, 0x8A,
    0x03, 0x03, 0x0D, 0x84, 0x0C, 0x06, 0x27, 0x3A, 0x01, 0x01, 0x01, 0x15, 0x28, 0x03, 0x0D, 0x00,
    0x38, 0x89, 0x01, 0x00, 0x76, 0x03, 0x10, 0x01, 0x28, 0x15, 0x87, 0x01, 0x04, 0x15, 0x28, 0x00,
    0x0E, 0x0E, 0x03, 0x10, 0x82, 0x03, 0x00, 0x13, 0x85, 0x01, 0x03, 0x13, 0x00, 0x02, 0x02, 0x03,
    0x0F, 0x0E, 0x01, 0x01, 0x15, 0x1A, 0x1F, 0x2E, 0x22, 0x2E, 0x1F, 0x1A, 0x15, 0x01, 0x01, 0x00,
    0x08, 0x03, 0x0F, 0x82, 0x04, 0x0A, 0x01, 0x15, 0x1A, 0x1F, 0x46, 0x1F, 0x1A, 0x15, 0x01, 0x00,
    0x08, 0x03, 0x10, 0x8A, 0x04, 0x03, 0x0F, 0x00, 0x02, 0x02, 0x03, 0x10, 0x00, 0x16, 0x89, 0x02,
    0x03, 0x11, 0x00, 0x02, 0x02, 0x00, 0x10, 0x08, 0x02, 0x02, 0x00, 0x19, 0x12, 0x54, 0x54, 0x58,
    0x58, 0x85, 0x19, 0x04, 0x0C, 0x03, 0x02, 0x02, 0x00, 0x17, 0x86, 0x0C, 0x03, 0x10, 0x05, 0x19,
    0x12, 0x54, 0x54, 0x58, 0x58, 0x85, 0x19, 0x02, 0x00, 0x02, 0x02, 0x07, 0x0C, 0x00, 0x17, 0x86,
    0x0C, 0x02, 0x00, 0x02, 0x02, 0x00, 0x10, 0x02, 0x02, 0x02, 0x00, 0x82, 0x01, 0x04, 0x3A, 0x27,
    0x0C, 0x32, 0x35, 0x82, 0x01, 0x04, 0x0C, 0x03, 0x02, 0x02, 0x00, 0x17, 0x86, 0x01, 0x03, 0x10,
    0x82, 0x01, 0x04, 0x3A, 0x27, 0x0C, 0x32, 0x35, 0x82, 0x01, 0x02, 0x00, 0x02, 0x02, 0x07, 0x0C,
    0x00, 0x17, 0x86, 0x01, 0x02, 0x00, 0x02, 0x02, 0x03, 0x10, 0x00, 0x0F, 0x8A, 0x02, 0x02, 0x00,
    0x02, 0x02, 0x03, 0x10, 0x82, 0x02, 0x00, 0x08, 0x85, 0x02, 0x03, 0x47, 0x00, 0x10, 0x10, 0x03,
    0x10, 0x00, 0x0F, 0x83, 0x04, 0x00, 0x28, 0x83, 0x04, 0x03, 0x0F, 0x00, 0x02, 0x02, 0x07, 0x0C,
    0x0B, 0x08, 0x01, 0x01, 0x01, 0x0F, 0x04, 0x04, 0x01, 0x08, 0x00, 0x02, 0x02, 0x00, 0x10, 0x03,
    0x21, 0x43, 0x00, 0x0F, 0x83, 0x04, 0x00, 0x28, 0x83, 0x04, 0x00, 0x0F, 0x04, 0x0C, 0x0B, 0x21,
    0x43, 0x00, 0x08, 0x01, 0x01, 0x01, 0x0F, 0x04, 0x04, 0x01, 0x08, 0x03, 0x10, 0x00, 0x11, 0x89,
    0x02, 0x03, 0x11, 0x00, 0x02, 0x02, 0x03, 0x10, 0x04, 0x02, 0x02, 0x00, 0x00, 0x16, 0x85, 0x02,
    0x03, 0x11, 0x00, 0x02, 0x02, 0x03, 0x10, 0x00, 0x08, 0x89, 0x01, 0x03, 0x08, 0x00, 0x02, 0x02,
    0x07, 0x0C, 0x00, 0x08, 0x85, 0x01, 0x03, 0x08, 0x00, 0x02, 0x02, 0x03, 0x10, 0x8A, 0x01, 0x03,
    0x08, 0x00, 0x02, 0x02, 0x07, 0x0C, 0x86, 0x01, 0x03, 0x13, 0x00, 0x02, 0x02, 0x00, 0x10, 0x08,
    0x21, 0x43, 0x00, 0x01, 0x01, 0x09, 0x09, 0x0A, 0x0A, 0x85, 0x02, 0x04, 0x0F, 0x02, 0x21, 0x43,
    0x00, 0x86, 0x01, 0x03, 0x13, 0x03, 0x03, 0x08, 0x09, 0x01, 0x00, 0x36, 0x03, 0x0D, 0x8B, 0x0A,
    0x11, 0x03, 0x02, 0x0F, 0x00, 0x0F, 0x01, 0x04, 0x00, 0x0B, 0x81, 0x02, 0x01, 0x04, 0x81, 0x02,
    0x00, 0x0E, 0x01, 0x04, 0x81, 0x0E, 0x00, 0x02, 0x01, 0x04, 0x00, 0x23, 0x81, 0x09, 0x01, 0x04,
    0x81, 0x23, 0x00, 0x09, 0x0D, 0x04, 0x81, 0x09, 0x00, 0x1A, 0x01, 0x04, 0x81, 0x1A, 0x00, 0x09,
    0x03, 0x0D, 0x02, 0x02, 0x02, 0x0F, 0x88, 0x02, 0x03, 0x0D, 0x02, 0x02, 0x02, 0x0F, 0x85, 0x02,
    0x02, 0x0F, 0x02, 0x02, 0x08, 0x04, 0x03, 0x07, 0x1E, 0x1E, 0x07, 0x0E, 0x02, 0x80, 0x0C, 0x04,
    0x0C, 0x0B, 0xF3, 0xAC, 0xF5, 0x02, 0x0E, 0x0E, 0x05, 0x05, 0x04, 0xCE, 0xE8, 0xE9, 0x01, 0x05,
    0x83, 0x02, 0x01, 0x05, 0x83, 0x09, 0x07, 0x09, 0x08, 0x10, 0x0B, 0x02, 0x0E, 0x05, 0x0E, 0x02,
    0x0B, 0x10, 0x07, 0x09, 0x08, 0x05, 0x0E, 0x02, 0x0B, 0x10, 0x0B, 0x02, 0x0E, 0x05, 0x03, 0x0D,
    0x87, 0x09, 0x80, 0x00, 0x80, 0x09, 0x01, 0x07, 0x00, 0x11, 0x83, 0x09, 0x00, 0x11, 0x00, 0x08,
    0x07, 0x02, 0x02, 0x00, 0x16, 0x02, 0x02, 0x02, 0x11, 0x01, 0x07, 0x06, 0x10, 0x2A, 0x4F, 0x41,
    0x13, 0x10, 0x10, 0x01, 0x07, 0x06, 0x2C, 0x05, 0x05, 0x2C, 0x10, 0x10, 0x2C, 0x01, 0x07, 0x06,
    0x11, 0x05, 0x05, 0x2C, 0x09, 0x09, 0x11, 0x01, 0x07, 0x03, 0x08, 0x10, 0x0B, 0x0B, 0x81, 0x02,
    0x01, 0x07, 0x06, 0x11, 0x09, 0x09, 0x11, 0x09, 0x09, 0x11, 0x01, 0x07, 0x06, 0x11, 0x09, 0x09,
    0x1E, 0x10, 0x10, 0x11, 0x02, 0x05, 0x04, 0x02, 0x02, 0x08, 0x02, 0x02, 0x04, 0x01, 0x00, 0x08,
    0x03, 0x04, 0x03, 0x08, 0x00, 0x00, 0x08, 0x01, 0x07, 0x00, 0x0B, 0x83, 0x02, 0x00, 0x0B, 0x01,
    0x07, 0x00, 0x02, 0x83, 0x0B, 0x00, 0x02, 0x02, 0x06, 0x00, 0x2C, 0x83, 0x09, 0x0A, 0x07, 0x00,
    0x11, 0x83, 0x09, 0x00, 0x11, 0x0A, 0x07, 0x01, 0x02, 0x16, 0x82, 0x02, 0x00, 0x11, 0x0A, 0x07,
    0x06, 0x11, 0x09, 0x09, 0x0B, 0x02, 0x0E, 0x08, 0x0A, 0x07, 0x06, 0x11, 0x09, 0x10, 0x07, 0x10,
    0x09, 0x11, 0x0A, 0x07, 0x06, 0x10, 0x2A, 0x4F, 0x41, 0x13, 0x10, 0x10, 0x0A, 0x07, 0x06, 0x2C,
    0x05, 0x05, 0x2C, 0x10, 0x10, 0x2C, 0x0A, 0x07, 0x06, 0x11, 0x05, 0x05, 0x2C, 0x09, 0x09, 0x11,
    0x0A, 0x07, 0x03, 0x08, 0x10, 0x0B, 0x0B, 0x81, 0x02, 0x0A, 0x07, 0x06, 0x11, 0x09, 0x09, 0x11,
    0x09, 0x09, 0x11, 0x0A, 0x07, 0x06, 0x11, 0x09, 0x09, 0x1E, 0x10, 0x10, 0x11, 0x0B, 0x05, 0x04,
    0x02, 0x02, 0x08, 0x02, 0x02, 0x0D, 0x01, 0x00, 0x08, 0x0B, 0x04, 0x03, 0x08, 0x00, 0x00, 0x08,
    0x0A, 0x07, 0x00, 0x0B, 0x83, 0x02, 0x00, 0x0B, 0x0A, 0x07, 0x00, 0x02, 0x83, 0x0B, 0x00, 0x02,
    0x0B, 0x06, 0x05, 0x11, 0x10, 0x1E, 0x09, 0x09, 0x1E, 0x0B, 0x06, 0x05, 0x11, 0x09, 0x08, 0x05,
    0x05, 0x1E, 0x0B, 0x06, 0x00, 0x11, 0x82, 0x09, 0x00, 0x11, 0x0B, 0x06, 0x05, 0x09, 0x0A, 0x02,
    0x02, 0x0A, 0x09, 0x0B, 0x06, 0x05, 0x2C, 0x10, 0x10, 0x08, 0x09, 0x11, 0x09, 0x08, 0x02, 0x05,
    0x05, 0x2C, 0x83, 0x09, 0x09, 0x08, 0x07, 0x05, 0x05, 0x09, 0x72, 0x50, 0x62, 0x72, 0x09, 0x09,
    0x08, 0x00, 0x16, 0x84, 0x02, 0x00, 0x11, 0x0B, 0x06, 0x00, 0x17, 0x83, 0x0C, 0x0B, 0x08, 0x00,
    0x2C, 0x82, 0x09, 0x02, 0x2C, 0x05, 0x05, 0x03, 0x0D, 0x00, 0x5C, 0x83, 0x1A, 0x06, 0xDC, 0x15,
    0x6A, 0x15, 0x15, 0x15, 0x01, 0x03, 0x0D, 0x00, 0xDA, 0x81, 0x32, 0x83, 0x48, 0x81, 0x27, 0x00,
    0x94, 0x04, 0x0C, 0x0B, 0x1E, 0x06, 0x19, 0x04, 0x24, 0x04, 0x04, 0x24, 0x04, 0x19, 0x06, 0x1E,
    0x03, 0x0D, 0x00, 0x0F, 0x82, 0x02, 0x03, 0x70, 0x62, 0x70, 0x62, 0x82, 0x02, 0x03, 0x0D, 0x02,
    0x08, 0x27, 0x27, 0x85, 0x2E, 0x02, 0x27, 0x27, 0x08, 0x03, 0x0D, 0x81, 0x01, 0x06, 0x3A, 0x27,
    0xD3, 0x48, 0xC9, 0x32, 0x35, 0x81, 0x01, 0x03, 0x0D, 0x0C, 0x4A, 0xE3, 0xB2, 0xB2, 0x9A, 0xAC,
    0xA9, 0xA9, 0xE5, 0xA8, 0xE4, 0x4A, 0x4A, 0x03, 0x0F, 0x00, 0x08, 0x88, 0x27, 0x03, 0x48, 0x08,
    0x03, 0x20, 0x03, 0x0D, 0x00, 0x17, 0x83, 0x27, 0x06, 0x94, 0x74, 0x6B, 0xCC, 0x48, 0x54, 0x97,
    0x03, 0x05, 0x04, 0xF6, 0xCA, 0xC8, 0x39, 0x39, 0x03, 0x0D, 0x0C, 0x0F, 0x03, 0x03, 0x3B, 0x66,
    0x4F, 0x0A, 0x50, 0x2E, 0x22, 0x04, 0x04, 0x0F, 0x04, 0x0C, 0x0B, 0x15, 0x15, 0x06, 0x06, 0x4C,
    0x69, 0xC7, 0xA8, 0x4A, 0x4A, 0x4E, 0x15, 0x06, 0x07, 0x06, 0x0E, 0x05, 0x04, 0x1C, 0x04, 0x05,
    0x0E, 0x03, 0x0D, 0x03, 0x02, 0x11, 0x34, 0x0C, 0x87, 0x02, 0x06, 0x07, 0x06, 0x0B, 0x10, 0x03,
    0x1C, 0x03, 0x10, 0x0B, 0x03, 0x0D, 0x87, 0x02, 0x03, 0x0C, 0x34, 0x11, 0x02, 0x06, 0x07, 0x06,
    0x41, 0x06, 0x19, 0x0D, 0x19, 0x06, 0x41, 0x03, 0x0D, 0x03, 0x02, 0x11, 0x34, 0x0C, 0x83, 0x02,
    0x03, 0x0C, 0x34, 0x11, 0x02, 0x06, 0x07, 0x06, 0x4C, 0x3F, 0x19, 0x1C, 0x19, 0x3F, 0x4C, 0x06,
    0x07, 0x06, 0x4A, 0x4E, 0x76, 0x1C, 0x76, 0x4E, 0x4A, 0x03, 0x0D, 0x03, 0x02, 0x11, 0x34, 0x0C,
    0x82, 0x02, 0x04, 0x0C, 0x34, 0x11, 0x02, 0x0F, 0x03, 0x0D, 0x84, 0x20, 0x06, 0x4C, 0x3F, 0x19,
    0x1C, 0x04, 0x05, 0x0E, 0x03, 0x0D, 0x84, 0x1D, 0x06, 0x4A, 0x4E, 0x76, 0x1C, 0x03, 0x10, 0x0B,
    0x06, 0x0A, 0x81, 0x20, 0x06, 0x4C, 0x3F, 0x19, 0x1C, 0x04, 0x05, 0x0E, 0x05, 0x09, 0x08, 0x5C,
    0x16, 0x50, 0x39, 0x19, 0x19, 0x19, 0x06, 0x1E, 0x05, 0x09, 0x08, 0x0E, 0x05, 0x04, 0x1C, 0x00,
    0x1C, 0x03, 0x10, 0x0B, 0x05, 0x09, 0x08, 0x0B, 0x10, 0x03, 0x1C, 0x00, 0x1C, 0x04, 0x05, 0x0E,
    0x06, 0x07, 0x06, 0x0E, 0x05, 0x36, 0x2D, 0x36, 0x05, 0x0E, 0x03, 0x0D, 0x03, 0x02, 0x11, 0x4D,
    0x48, 0x87, 0x0A, 0x06, 0x07, 0x06, 0x0B, 0x10, 0x5E, 0x40, 0x5E, 0x10, 0x0B, 0x03, 0x0D, 0x87,
    0x0A, 0x03, 0x48, 0x4D, 0x11, 0x02, 0x06, 0x07, 0x06, 0x41, 0x06, 0x36, 0xEE, 0x36, 0x06, 0x41,
    0x03, 0x0D, 0x03, 0x02, 0x11, 0x4D, 0x48, 0x83, 0x0A, 0x03, 0x48, 0x4D, 0x11, 0x02, 0x03, 0x0D,
    0x81, 0x01, 0x00, 0x0F, 0x81, 0x09, 0x81, 0x0A, 0x81, 0x02, 0x03, 0x0D, 0x00, 0x0F, 0x83, 0x03,
    0x00, 0x0F, 0x83, 0x03, 0x00, 0x0F, 0x01, 0x11, 0x10, 0x03, 0x03, 0x0F, 0x3B, 0x66, 0x66, 0x30,
    0x30, 0x0F, 0x23, 0x23, 0x06, 0x06, 0x01, 0x0F, 0x1D, 0x1D, 0x04, 0x0B, 0x0A, 0x03, 0x10, 0x08,
    0x32, 0x32, 0x0C, 0x27, 0x27, 0x08, 0x05, 0x04, 0x03, 0x0D, 0x00, 0x0F, 0x81, 0x01, 0x81, 0x09,
    0x81, 0x0A, 0x81, 0x02, 0x03, 0x0D, 0x0C, 0x45, 0x0E, 0x05, 0x04, 0x04, 0x04, 0x0F, 0x04, 0x04,
    0x04, 0x05, 0x0E, 0x45, 0x01, 0x11, 0x10, 0x20, 0x20, 0x45, 0x23, 0x09, 0x15, 0x1A, 0x1A, 0x0F,
    0x1F, 0x1F, 0x2E, 0x31, 0x31, 0xC1, 0x04, 0x04, 0x05, 0x09, 0x08, 0x42, 0x05, 0x04, 0x04, 0x0F,
    0x04, 0x04, 0x05, 0x42, 0x03, 0x0D, 0x0C, 0x5C, 0x0B, 0x10, 0x03, 0x03, 0x03, 0x0F, 0x03, 0x03,
    0x03, 0x10, 0x0B, 0x5C, 0x01, 0x11, 0x10, 0x04, 0x04, 0x2C, 0x09, 0x23, 0x4C, 0x2B, 0x2B, 0x52,
    0x6F, 0x6F, 0x9D, 0x3B, 0x3B, 0xC4, 0x20, 0x20, 0x05, 0x09, 0x08, 0x28, 0x10, 0x03, 0x03, 0x0F,
    0x03, 0x03, 0x10, 0x28, 0x06, 0x0A, 0x06, 0x0F, 0x00, 0x00, 0x02, 0x02, 0x02, 0x0F, 0x81, 0x02,
    0x05, 0x0B, 0x80, 0x02, 0x80, 0x00, 0x81, 0x02, 0x00, 0x0F, 0x81, 0x02, 0x06, 0x08, 0x07, 0x20,
    0x03, 0x10, 0x0B, 0x02, 0x0E, 0x05, 0x04, 0x06, 0x08, 0x07, 0x04, 0x05, 0x0E, 0x02, 0x0B, 0x10,
    0x03, 0x20, 0x09, 0x02, 0x80, 0x07, 0x01, 0x0F, 0x00, 0x7D, 0x85, 0x10, 0x81, 0x15, 0x03, 0x09,
    0x41, 0x4F, 0x2A, 0x07, 0x06, 0x00, 0x4D, 0x82, 0x0C, 0x00, 0x4D, 0x06, 0x07, 0x84, 0x04, 0x00,
    0x0F, 0x07, 0x09, 0x80, 0x02, 0x80, 0x0A, 0x81, 0x09, 0x80, 0x01, 0x07, 0x09, 0x80, 0x01, 0x81,
    0x09, 0x80, 0x0A, 0x80, 0x02, 0x06, 0x0A, 0x01, 0x11, 0x09, 0x86, 0x01, 0x06, 0x0A, 0x86, 0x01,
    0x01, 0x09, 0x11, 0x06, 0x07, 0x06, 0x69, 0x0C, 0x83, 0x00, 0x69, 0x0C, 0x83, 0x06, 0x07, 0x06,
    0x03, 0x0F, 0x0B, 0x02, 0x0E, 0x0F, 0x04, 0x05, 0x09, 0x08, 0x0F, 0x00, 0x00, 0x00, 0x0F, 0x00,
    0x00, 0x00, 0x0F, 0x03, 0x0D, 0x0C, 0x10, 0x0B, 0x02, 0x0E, 0x05, 0x04, 0x05, 0x0E, 0x02, 0x0B,
    0x10, 0x00, 0x0F, 0x03, 0x0D, 0x0C, 0x05, 0x0E, 0x02, 0x0B, 0x10, 0x03, 0x10, 0x0B, 0x02, 0x0E,
    0x05, 0x00, 0x0F, 0x04, 0x0B, 0x0A, 0x8E, 0x2B, 0x23, 0x09, 0x1A, 0x1B, 0x1A, 0x09, 0x23, 0x2B,
    0x8E, 0x04, 0x0B, 0x0A, 0x1B, 0x1A, 0x09, 0x23, 0x2B, 0x8E, 0x2B, 0x23, 0x09, 0x1A, 0x1B, 0x05,
    0x09, 0x01, 0x42, 0x05, 0x83, 0x04, 0x01, 0x05, 0x42, 0x05, 0x09, 0x01, 0x28, 0x10, 0x83, 0x03,
    0x01, 0x10, 0x28, 0x04, 0x0B, 0x01, 0x42, 0x05, 0x83, 0x04, 0x03, 0x05, 0x42, 0x00, 0x0F, 0x04,
    0x0B, 0x01, 0x28, 0x10, 0x83, 0x03, 0x03, 0x10, 0x28, 0x00, 0x0F, 0x06, 0x0A, 0x87, 0x02, 0x00,
    0x0F, 0x03, 0x0D, 0x01, 0x11, 0x09, 0x89, 0x01, 0x03, 0x0D, 0x89, 0x01, 0x01, 0x09, 0x11, 0x06,
    0x0A, 0x03, 0x02, 0x0A, 0x09, 0x01, 0x83, 0x44, 0x00, 0x1C, 0x03, 0x0D, 0x00, 0x11, 0x8A, 0x0E,
    0x03, 0x0D, 0x00, 0x11, 0x8A, 0x0B, 0x03, 0x0D, 0x8A, 0x0E, 0x00, 0x11, 0x03, 0x0D, 0x8A, 0x0B,
    0x00, 0x11, 0x07, 0x05, 0x00, 0x0F, 0x82, 0x04, 0x07, 0x05, 0x82, 0x04, 0x00, 0x0F, 0x03, 0x11,
    0x02, 0x2A, 0x30, 0x30, 0x8C, 0x02, 0x00, 0x10, 0x8B, 0x02, 0x02, 0x1F, 0x1F, 0x31, 0x00, 0x14,
    0x03, 0x03, 0x10, 0x0B, 0x0B, 0x81, 0x02, 0x82, 0x0E, 0x87, 0x05, 0x00, 0x14, 0x92, 0x05, 0x00,
    0x14, 0x87, 0x05, 0x82, 0x0E, 0x81, 0x02, 0x03, 0x0B, 0x0B, 0x10, 0x03, 0x00, 0x14, 0x03, 0x05,
    0x0E, 0x02, 0x02, 0x81, 0x0B, 0x82, 0x10, 0x87, 0x03, 0x00, 0x14, 0x92, 0x03, 0x00, 0x14, 0x87,
    0x03, 0x82, 0x10, 0x81, 0x0B, 0x03, 0x02, 0x02, 0x0E, 0x05, 0x00, 0x14, 0x00, 0x13, 0x91, 0x05,
    0x00, 0x14, 0x91, 0x05, 0x00, 0x13, 0x00, 0x14, 0x00, 0x13, 0x91, 0x03, 0x00, 0x14, 0x91, 0x03,
    0x00, 0x13, 0x00, 0x14, 0x02, 0x7D, 0x07, 0x02, 0x8F, 0x0E, 0x00, 0x14, 0x86, 0x0E, 0x03, 0x05,
    0x2D, 0x2D, 0x05, 0x86, 0x0E, 0x00, 0x14, 0x8F, 0x0E, 0x02, 0x02, 0x07, 0x7D, 0x00, 0x14, 0x02,
    0x64, 0x16, 0x02, 0x8F, 0x0B, 0x00, 0x14, 0x86, 0x0B, 0x03, 0x10, 0x40, 0x40, 0x10, 0x86, 0x0B,
    0x00, 0x14, 0x8F, 0x0B, 0x02, 0x02, 0x16, 0x64, 0x00, 0x14, 0x92, 0x02, 0x09, 0x01, 0x00, 0x0D,
    0x00, 0x01, 0x00, 0x0D, 0x05, 0x01, 0x00, 0x0D, 0x0E, 0x01, 0x00, 0x0D, 0x13, 0x01, 0x00, 0x0D,
    0x02, 0x0F, 0x81, 0x1A, 0x05, 0x28, 0x1A, 0x1A, 0x1A, 0x00, 0x5F, 0x84, 0x10, 0x02, 0x0F, 0x84,
    0x04, 0x05, 0x28, 0x00, 0x5F, 0x02, 0x02, 0x70, 0x81, 0x02, 0x02, 0x0F, 0x81, 0x1A, 0x05, 0x50,
    0x50, 0x0E, 0x0E, 0x00, 0x5F, 0x84, 0x10, 0x02, 0x0F, 0x0B, 0x28, 0x04, 0x04, 0x46, 0x04, 0x04,
    0x04, 0x00, 0x5F, 0x02, 0x02, 0x70, 0x81, 0x02, 0x02, 0x0F, 0x0E, 0x62, 0x1A, 0x04, 0x04, 0x04,
    0x1A, 0x62, 0x00, 0x45, 0x2B, 0x2B, 0x45, 0x4F, 0x30, 0x2B, 0x02, 0x0F, 0x07, 0x1A, 0x1A, 0xCF,
    0x6B, 0x43, 0x1A, 0x1A, 0x00, 0x84, 0x02, 0x00, 0x5F, 0x09, 0x02, 0x80, 0x0D, 0x00, 0x14, 0x92,
    0x07, 0x09, 0x01, 0x00, 0x9B, 0x09, 0x02, 0x80, 0x9B, 0x00, 0x13, 0x82, 0x02, 0x00, 0x00, 0x82,
    0x02, 0x00, 0x00, 0x82, 0x02, 0x00, 0x00, 0x82, 0x02, 0x00, 0x13, 0x82, 0x07, 0x00, 0x00, 0x82,
    0x07, 0x00, 0x00, 0x82, 0x07, 0x00, 0x00, 0x82, 0x07, 0x09, 0x0B, 0x00, 0x26, 0x88, 0x02, 0x09,
    0x0B, 0x80, 0x26, 0x87, 0x02, 0x09, 0x0B, 0x00, 0x26, 0x88, 0x07, 0x09, 0x0B, 0x80, 0x26, 0x87,
    0x07, 0x09, 0x0B, 0x00, 0x14, 0x88, 0x02, 0x09, 0x0B, 0x80, 0x14, 0x87, 0x02, 0x09, 0x0B, 0x00,
    0x24, 0x88, 0x07, 0x09, 0x0B, 0x80, 0x24, 0x87, 0x07, 0x00, 0x0A, 0x87, 0x02, 0x00, 0x26, 0x00,
    0x0B, 0x87, 0x02, 0x80, 0x26, 0x00, 0x0A, 0x87, 0x07, 0x00, 0x26, 0x00, 0x0B, 0x87, 0x07, 0x80,
    0x26, 0x00, 0x0A, 0x87, 0x02, 0x00, 0x14, 0x00, 0x0B, 0x87, 0x02, 0x80, 0x14, 0x00, 0x0A, 0x87,
    0x07, 0x00, 0x24, 0x00, 0x0B, 0x87, 0x07, 0x80, 0x24, 0x00, 0x14, 0x87, 0x02, 0x00, 0x26, 0x88,
    0x02, 0x00, 0x14, 0x87, 0x02, 0x80, 0x26, 0x87, 0x02, 0x00, 0x14, 0x87, 0x07, 0x00, 0x26, 0x88,
    0x02, 0x00, 0x14, 0x87, 0x02, 0x00, 0x26, 0x88, 0x07, 0x00, 0x14, 0x87, 0x07, 0x00, 0x26, 0x88,
    0x07, 0x00, 0x14, 0x87, 0x07, 0x80, 0x26, 0x87, 0x02, 0x00, 0x14, 0x87, 0x02, 0x80, 0x26, 0x87,
    0x07, 0x00, 0x14, 0x87, 0x07, 0x80, 0x26, 0x87, 0x07, 0x00, 0x14, 0x87, 0x02, 0x00, 0x14, 0x88,
    0x02, 0x00, 0x14, 0x87, 0x02, 0x80, 0x14, 0x87, 0x02, 0x00, 0x14, 0x87, 0x07, 0x00, 0x24, 0x88,
    0x02, 0x00, 0x14, 0x87, 0x02, 0x00, 0x24, 0x88, 0x07, 0x00, 0x14, 0x87, 0x07, 0x00, 0x24, 0x88,
    0x07, 0x00, 0x14, 0x87, 0x07, 0x80, 0x24, 0x87, 0x02, 0x00, 0x14, 0x87, 0x02, 0x80, 0x24, 0x87,
    0x07, 0x00, 0x14, 0x87, 0x07, 0x80, 0x24, 0x87, 0x07, 0x09, 0x0B, 0x00, 0x0D, 0x88, 0x02, 0x09,
    0x0B, 0x01, 0x0D, 0x14, 0x87, 0x02, 0x09, 0x0B, 0x01, 0x0D, 0x26, 0x87, 0x02, 0x09, 0x0B, 0x80,
    0x0D, 0x87, 0x02, 0x09, 0x0B, 0x00, 0x0D, 0x88, 0x07, 0x09, 0x0B, 0x01, 0x0D, 0x24, 0x87, 0x07,
    0x09, 0x0B, 0x01, 0x0D, 0x26, 0x87, 0x07, 0x09, 0x0B, 0x80, 0x0D, 0x87, 0x07, 0x00, 0x0A, 0x87,
    0x02, 0x00, 0x0D, 0x00, 0x0B, 0x87, 0x02, 0x01, 0x0D, 0x14, 0x00, 0x0B, 0x87, 0x02, 0x01, 0x0D,
    0x26, 0x00, 0x0B, 0x87, 0x02, 0x80, 0x0D, 0x00, 0x0A, 0x87, 0x07, 0x00, 0x0D, 0x00, 0x0B, 0x87,
    0x07, 0x01, 0x0D, 0x24, 0x00, 0x0B, 0x87, 0x07, 0x01, 0x0D, 0x26, 0x00, 0x0B, 0x87, 0x07, 0x80,
    0x0D, 0x00, 0x14, 0x87, 0x02, 0x00, 0x0D, 0x88, 0x02, 0x00, 0x14, 0x87, 0x02, 0x01, 0x0D, 0x14,
    0x87, 0x02, 0x00, 0x14, 0x87, 0x02, 0x01, 0x0D, 0x26, 0x87, 0x02, 0x00, 0x14, 0x87, 0x02, 0x80,
    0x0D, 0x87, 0x02, 0x00, 0x14, 0x87, 0x07, 0x00, 0x0D, 0x88, 0x02, 0x00, 0x14, 0x87, 0x02, 0x00,
    0x0D, 0x88, 0x07, 0x00, 0x14, 0x87, 0x07, 0x00, 0x0D, 0x88, 0x07, 0x00, 0x14, 0x87, 0x07, 0x01,
    0x0D, 0x14, 0x87, 0x02, 0x00, 0x14, 0x87, 0x07, 0x01, 0x0D, 0x26, 0x87, 0x02, 0x00, 0x14, 0x87,
    0x02, 0x01, 0x0D, 0x24, 0x87, 0x07, 0x00, 0x14, 0x87, 0x02, 0x01, 0x0D, 0x26, 0x87, 0x07, 0x00,
    0x14, 0x87, 0x07, 0x80, 0x0D, 0x87, 0x02, 0x00, 0x14, 0x87, 0x02, 0x80, 0x0D, 0x87, 0x07, 0x00,
    0x14, 0x87, 0x07, 0x01, 0x0D, 0x24, 0x87, 0x07, 0x00, 0x14, 0x87, 0x07, 0x01, 0x0D, 0x26, 0x87,
    0x07, 0x00, 0x14, 0x87, 0x07, 0x80, 0x0D, 0x87, 0x07, 0x08, 0x03, 0x02, 0x0D, 0x00, 0x0D, 0x00,
    0x14, 0x92, 0x0A, 0x08, 0x0C, 0x02, 0x26, 0x02, 0x26, 0x87, 0x02, 0x09, 0x0B, 0x00, 0x68, 0x88,
    0x0A, 0x08, 0x0C, 0x02, 0x68, 0x0E, 0x71, 0x87, 0x0A, 0x08, 0x0C, 0x02, 0x14, 0x02, 0x14, 0x87,
    0x02, 0x09, 0x0B, 0x00, 0x24, 0x88, 0x0A, 0x08, 0x0C, 0x02, 0x24, 0x0B, 0x7A, 0x87, 0x0A, 0x00,
    0x0B, 0x86, 0x02, 0x02, 0x26, 0x02, 0x26, 0x00, 0x0A, 0x87, 0x0A, 0x00, 0x68, 0x00, 0x0B, 0x86,
    0x0A, 0x02, 0x71, 0x0E, 0x68, 0x00, 0x0B, 0x86, 0x02, 0x02, 0x14, 0x02, 0x14, 0x00, 0x0A, 0x87,
    0x0A, 0x00, 0x24, 0x00, 0x0B, 0x86, 0x0A, 0x02, 0x7A, 0x0B, 0x24, 0x00, 0x14, 0x86, 0x02, 0x02,
    0x26, 0x02, 0x26, 0x87, 0x02, 0x00, 0x14, 0x87, 0x0A, 0x00, 0x71, 0x88, 0x0A, 0x00, 0x14, 0x86,
    0x0A, 0x02, 0x71, 0x0E, 0x71, 0x87, 0x0A, 0x00, 0x14, 0x86, 0x02, 0x02, 0x14, 0x02, 0x14, 0x87,
    0x02, 0x00, 0x14, 0x87, 0x0A, 0x00, 0x7A, 0x88, 0x0A, 0x00, 0x14, 0x86, 0x0A, 0x02, 0x7A, 0x0B,
    0x7A, 0x87, 0x0A, 0x08, 0x0C, 0x02, 0x0D, 0x00, 0x0D, 0x87, 0x02, 0x09, 0x0B, 0x00, 0x0D, 0x88,
    0x0A, 0x08, 0x0C, 0x02, 0x0D, 0x00, 0x8D, 0x87, 0x0A, 0x00, 0x0B, 0x86, 0x02, 0x02, 0x0D, 0x00,
    0x0D, 0x00, 0x0A, 0x87, 0x0A, 0x00, 0x0D, 0x00, 0x0B, 0x86, 0x0A, 0x02, 0x8D, 0x00, 0x0D, 0x00,
    0x14, 0x86, 0x02, 0x02, 0x0D, 0x02, 0x0D, 0x87, 0x02, 0x00, 0x14, 0x87, 0x0A, 0x00, 0x0D, 0x88,
    0x0A, 0x00, 0x14, 0x86, 0x0A, 0x02, 0x8D, 0x00, 0x8D, 0x87, 0x0A, 0x09, 0x0B, 0x02, 0x7C, 0x10,
    0x0B, 0x86, 0x02, 0x09, 0x0B, 0x02, 0x2D, 0x05, 0x0E, 0x86, 0x02, 0x00, 0x0A, 0x85, 0x02, 0x02,
    0x0E, 0x05, 0x2D, 0x00, 0x0A, 0x85, 0x02, 0x02, 0x0B, 0x10, 0x7C, 0x00, 0x14, 0x80, 0x57, 0x80,
    0x20, 0x80, 0x03, 0x80, 0x10, 0x80, 0x0B, 0x80, 0x02, 0x80, 0x0E, 0x80, 0x05, 0x80, 0x04, 0x80,
    0x1D, 0x00, 0x14, 0x80, 0x1D, 0x80, 0x04, 0x80, 0x05, 0x80, 0x0E, 0x80, 0x02, 0x80, 0x0B, 0x80,
    0x10, 0x80, 0x03, 0x80, 0x20, 0x80, 0x57, 0x00, 0x14, 0x80, 0x86, 0x80, 0x19, 0x80, 0x06, 0x80,
    0x41, 0x82, 0x07, 0x80, 0x41, 0x80, 0x06, 0x80, 0x19, 0x80, 0x86, 0x09, 0x01, 0x00, 0x14, 0x00,
    0x0A, 0x88, 0x02, 0x09, 0x01, 0x00, 0x26, 0x09, 0x0B, 0x89, 0x02, 0x09, 0x02, 0x80, 0x14, 0x00,
    0x0A, 0x88, 0x07, 0x09, 0x02, 0x80, 0x26, 0x09, 0x0B, 0x89, 0x07, 0x09, 0x02, 0x01, 0x0D, 0x26,
    0x00, 0x14, 0x87, 0x02, 0x89, 0x07, 0x09, 0x02, 0x01, 0x0D, 0x14, 0x00, 0x14, 0x88, 0x07, 0x88,
    0x02, 0x00, 0x0A, 0x88, 0x0D, 0x12, 0x02, 0x80, 0x0D, 0x0F, 0x05, 0x83, 0x0D, 0x0D, 0x07, 0x85,
    0x0D, 0x0A, 0x0A, 0x88, 0x0D, 0x08, 0x0C, 0x8A, 0x0D, 0x05, 0x0F, 0x8D, 0x0D, 0x03, 0x11, 0x8F,
    0x0D, 0x00, 0x14, 0x92, 0x0D, 0x00, 0x14, 0x92, 0x1C, 0x00, 0x14, 0x92, 0x38, 0x00, 0x14, 0x92,
    0x24, 0x00, 0x14, 0x92, 0x14, 0x00, 0x14, 0x92, 0x37, 0x00, 0x14, 0x92, 0x2D, 0x00, 0x14, 0x92,
    0x1D, 0x00, 0x14, 0x92, 0x18, 0x00, 0x13, 0x12, 0x2F, 0x00, 0x2F, 0x00, 0x2F, 0x00, 0x2F, 0x00,
    0x2F, 0x00, 0x2F, 0x00, 0x2F, 0x00, 0x2F, 0x00, 0x2F, 0x00, 0x2F, 0x00, 0x14, 0x13, 0x2F, 0x59,
    0x2F, 0x59, 0x2F, 0x59, 0x2F, 0x59, 0x2F, 0x59, 0x2F, 0x59, 0x2F, 0x59, 0x2F, 0x59, 0x2F, 0x59,
    0x2F, 0x59, 0x00, 0x14, 0x13, 0x0D, 0x2F, 0x0D, 0x2F, 0x0D, 0x2F, 0x0D, 0x2F, 0x0D, 0x2F, 0x0D,
    0x2F, 0x0D, 0x2F, 0x0D, 0x2F, 0x0D, 0x2F, 0x0D, 0x2F, 0x0A, 0x0A, 0x88, 0x14, 0x0A, 0x0A, 0x88,
    0x18, 0x00, 0x0A, 0x88, 0x14, 0x00, 0x14, 0x88, 0x14, 0x88, 0x0D, 0x00, 0x14, 0x88, 0x14, 0x88,
    0x18, 0x00, 0x14, 0x88, 0x0D, 0x88, 0x14, 0x00, 0x14, 0x88, 0x0D, 0x88, 0x18, 0x00, 0x0A, 0x88,
    0x18, 0x00, 0x14, 0x88, 0x18, 0x88, 0x14, 0x00, 0x14, 0x88, 0x18, 0x88, 0x0D, 0x06, 0x08, 0x86,
    0x08, 0x0B, 0x05, 0x83, 0x36, 0x03, 0x0D, 0x8B, 0x0F, 0x05, 0x0A, 0x80, 0x02, 0x80, 0x11, 0x80,
    0x08, 0x80, 0x0F, 0x80, 0x1C, 0x05, 0x09, 0x08, 0x2D, 0x37, 0x24, 0x5E, 0x0D, 0x5E, 0x24, 0x37,
    0x2D, 0x05, 0x0A, 0x80, 0x1C, 0x80, 0x0F, 0x80, 0x08, 0x80, 0x11, 0x80, 0x02, 0x05, 0x09, 0x08,
    0x65, 0x7E, 0x26, 0x82, 0x0D, 0x82, 0x26, 0x7E, 0x65, 0x05, 0x09, 0x08, 0x02, 0x11, 0x08, 0x0F,
    0x1C, 0x0F, 0x08, 0x11, 0x02, 0x05, 0x09, 0x08, 0x02, 0x0A, 0x09, 0x01, 0x44, 0x01, 0x09, 0x0A,
    0x02, 0x07, 0x06, 0x00, 0x1E, 0x82, 0x06, 0x00, 0x1E, 0x07, 0x06, 0x00, 0x1E, 0x82, 0x13, 0x00,
    0x1E, 0x00, 0x14, 0x86, 0x0D, 0x03, 0xB4, 0x8C, 0x8C, 0xB4, 0x86, 0x0D, 0x00, 0x14, 0x85, 0x0D,
    0x00, 0x8C, 0x82, 0x8B, 0x00, 0x8C, 0x85, 0x0D, 0x03, 0x0D, 0x0C, 0x0F, 0x44, 0x44, 0xAE, 0xAE,
    0x44, 0x44, 0xEC, 0x99, 0x44, 0x44, 0x44, 0x0F, 0x03, 0x0D, 0x0C, 0x0F, 0x1C, 0x1C, 0x79, 0x79,
    0x1C, 0x1C, 0x29, 0x6D, 0x1C, 0x1C, 0x1C, 0x0F, 0x03, 0x0D, 0x0C, 0x02, 0x02, 0x33, 0x0C, 0x34,
    0x11, 0x7B, 0x11, 0x34, 0x0C, 0x33, 0x02, 0x02, 0x03, 0x0D, 0x00, 0x08, 0x84, 0x01, 0x05, 0x08,
    0x02, 0x02, 0x0F, 0x02, 0x02, 0x03, 0x0D, 0x05, 0x5F, 0x40, 0x9D, 0x6F, 0x2B, 0x28, 0x84, 0x4E,
    0x00, 0x28, 0x03, 0x0D, 0x04, 0x02, 0x02, 0x11, 0x08, 0x0F, 0x82, 0x1C, 0x03, 0x96, 0x02, 0x02,
    0x08, 0x03, 0x0D, 0x0C, 0x11, 0x08, 0x08, 0x11, 0x02, 0x96, 0x1C, 0x1C, 0x1C, 0x96, 0x02, 0x02,
    0x08, 0x05, 0x0A, 0x01, 0x25, 0x7B, 0x82, 0x1C, 0x03, 0x0F, 0x08, 0x11, 0x02, 0x03, 0x0D, 0x03,
    0x81, 0x4C, 0x4C, 0x81, 0x86, 0x0E, 0x00, 0x64, 0x03, 0x0D, 0x03, 0x0F, 0x01, 0x01, 0x0F, 0x85,
    0x01, 0x01, 0x15, 0x1D, 0x04, 0x0C, 0x80, 0x20, 0x80, 0x03, 0x80, 0x4E, 0x80, 0x1A, 0x80, 0x50,
    0x80, 0x0E, 0x04, 0x0C, 0x80, 0x65, 0x80, 0x40, 0x80, 0x88, 0x80, 0x5A, 0x80, 0x2C, 0x80, 0x16,
    0x04, 0x0C, 0x0B, 0x10, 0x15, 0x72, 0x0A, 0x02, 0x07, 0x41, 0x23, 0x05, 0x05, 0x04, 0x04, 0x04,
    0x0C, 0x0B, 0x3B, 0x25, 0x4D, 0x1E, 0x07, 0x70, 0xBD, 0x67, 0x31, 0x31, 0x22, 0x22, 0x03, 0x0D,
    0x0C, 0x10, 0x10, 0x0B, 0x0B, 0x02, 0x02, 0x0E, 0x02, 0x02, 0x0B, 0x0B, 0x10, 0x10, 0x03, 0x0D,
    0x0C, 0x0E, 0x0E, 0x02, 0x02, 0x0B, 0x0B, 0x10, 0x0B, 0x0B, 0x02, 0x02, 0x0E, 0x0E, 0x03, 0x0D,
    0x0C, 0x2B, 0x2B, 0x23, 0x23, 0x09, 0x09, 0x1A, 0x09, 0x09, 0x23, 0x23, 0x2B, 0x2B, 0x03, 0x0D,
    0x0C, 0x1A, 0x1A, 0x09, 0x09, 0x23, 0x23, 0x2B, 0x23, 0x23, 0x09, 0x09, 0x1A, 0x1A, 0x01, 0x02,
    0x80, 0x05, 0x06, 0x02, 0x80, 0x05, 0x01, 0x07, 0x80, 0x05, 0x81, 0x00, 0x80, 0x05, 0x0B, 0x02,
    0x80, 0x05, 0x01, 0x0C, 0x80, 0x05, 0x86, 0x00, 0x80, 0x05, 0x06, 0x07, 0x80, 0x05, 0x81, 0x00,
    0x80, 0x05, 0x01, 0x0C, 0x80, 0x05, 0x81, 0x00, 0x80, 0x05, 0x81, 0x00, 0x80, 0x05, 0x01, 0x02,
    0x80, 0x03, 0x01, 0x02, 0x80, 0x06, 0x01, 0x07, 0x80, 0x03, 0x81, 0x00, 0x80, 0x05, 0x01, 0x07,
    0x80, 0x06, 0x81, 0x00, 0x80, 0x05, 0x01, 0x0C, 0x80, 0x03, 0x86, 0x00, 0x80, 0x05, 0x01, 0x0C,
    0x80, 0x06, 0x86, 0x00, 0x80, 0x05, 0x01, 0x0C, 0x80, 0x03, 0x81, 0x00, 0x80, 0x05, 0x81, 0x00,
    0x80, 0x05, 0x01, 0x0C, 0x80, 0x06, 0x81, 0x00, 0x80, 0x05, 0x81, 0x00, 0x80, 0x05, 0x06, 0x02,
    0x80, 0x03, 0x01, 0x07, 0x80, 0x05, 0x81, 0x00, 0x80, 0x03, 0x06, 0x02, 0x80, 0x06, 0x01, 0x07,
    0x80, 0x05, 0x81, 0x00, 0x80, 0x06, 0x06, 0x07, 0x80, 0x03, 0x81, 0x00, 0x80, 0x05, 0x01, 0x0C,
    0x80, 0x05, 0x81, 0x00, 0x80, 0x03, 0x81, 0x00, 0x80, 0x05, 0x06, 0x07, 0x80, 0x06, 0x81, 0x00,
    0x80, 0x05, 0x01, 0x0C, 0x80, 0x05, 0x81, 0x00, 0x80, 0x06, 0x81, 0x00, 0x80, 0x05, 0x01, 0x07,
    0x80, 0x03, 0x81, 0x00, 0x80, 0x03, 0x01, 0x07, 0x80, 0x06, 0x81, 0x00, 0x80, 0x03, 0x01, 0x07,
    0x80, 0x03, 0x81, 0x00, 0x80, 0x06, 0x01, 0x07, 0x80, 0x06, 0x81, 0x00, 0x80, 0x06, 0x01, 0x0C,
    0x80, 0x03, 0x81, 0x00, 0x80, 0x03, 0x81, 0x00, 0x80, 0x05, 0x01, 0x0C, 0x80, 0x06, 0x81, 0x00,
    0x80, 0x03, 0x81, 0x00, 0x80, 0x05, 0x01, 0x0C, 0x80, 0x03, 0x81, 0x00, 0x80, 0x06, 0x81, 0x00,
    0x80, 0x05, 0x01, 0x0C, 0x80, 0x06, 0x81, 0x00, 0x80, 0x06, 0x81, 0x00, 0x80, 0x05, 0x0B, 0x02,
    0x80, 0x03, 0x01, 0x0C, 0x80, 0x05, 0x86, 0x00, 0x80, 0x03, 0x06, 0x07, 0x80, 0x05, 0x81, 0x00,
    0x80, 0x03, 0x01, 0x0C, 0x80, 0x05, 0x81, 0x00, 0x80, 0x05, 0x81, 0x00, 0x80, 0x03, 0x0B, 0x02,
    0x80, 0x06, 0x01, 0x0C, 0x80, 0x05, 0x86, 0x00, 0x80, 0x06, 0x06, 0x07, 0x80, 0x05, 0x81, 0x00,
    0x80, 0x06, 0x01, 0x0C, 0x80, 0x05, 0x81, 0x00, 0x80, 0x05, 0x81, 0x00, 0x80, 0x06, 0x01, 0x0C,
    0x80, 0x03, 0x86, 0x00, 0x80, 0x03, 0x01, 0x0C, 0x80, 0x06, 0x86, 0x00, 0x80, 0x03, 0x01, 0x0C,
    0x80, 0x03, 0x81, 0x00, 0x80, 0x05, 0x81, 0x00, 0x80, 0x03, 0x01, 0x0C, 0x80, 0x06, 0x81, 0x00,
    0x80, 0x05, 0x81, 0x00, 0x80, 0x03, 0x01, 0x0C, 0x80, 0x03, 0x86, 0x00, 0x80, 0x06, 0x01, 0x0C,
    0x80, 0x06, 0x86, 0x00, 0x80, 0x06, 0x01, 0x0C, 0x80, 0x03, 0x81, 0x00, 0x80, 0x05, 0x81, 0x00,
    0x80, 0x06, 0x01, 0x0C, 0x80, 0x06, 0x81, 0x00, 0x80, 0x05, 0x81, 0x00, 0x80, 0x06, 0x06, 0x07,
    0x80, 0x03, 0x81, 0x00, 0x80, 0x03, 0x01, 0x0C, 0x80, 0x05, 0x81, 0x00, 0x80, 0x03, 0x81, 0x00,
    0x80, 0x03, 0x06, 0x07, 0x80, 0x06, 0x81, 0x00, 0x80, 0x03, 0x01, 0x0C, 0x80, 0x05, 0x81, 0x00,
    0x80, 0x06, 0x81, 0x00, 0x80, 0x03, 0x06, 0x07, 0x80, 0x03, 0x81, 0x00, 0x80, 0x06, 0x01, 0x0C,
    0x80, 0x05, 0x81, 0x00, 0x80, 0x03, 0x81, 0x00, 0x80, 0x06, 0x06, 0x07, 0x80, 0x06, 0x81, 0x00,
    0x80, 0x06, 0x01, 0x0C, 0x80, 0x05, 0x81, 0x00, 0x80, 0x06, 0x81, 0x00, 0x80, 0x06, 0x01, 0x0C,
    0x80, 0x03, 0x81, 0x00, 0x80, 0x03, 0x81, 0x00, 0x80, 0x03, 0x01, 0x0C, 0x80, 0x06, 0x81, 0x00,
    0x80, 0x03, 0x81, 0x00, 0x80, 0x03, 0x01, 0x0C, 0x80, 0x03, 0x81, 0x00, 0x80, 0x06, 0x81, 0x00,
    0x80, 0x03, 0x01, 0x0C, 0x80, 0x06, 0x81, 0x00, 0x80, 0x06, 0x81, 0x00, 0x80, 0x03, 0x01, 0x0C,
    0x80, 0x03, 0x81, 0x00, 0x80, 0x03, 0x81, 0x00, 0x80, 0x06, 0x01, 0x0C, 0x80, 0x06, 0x81, 0x00,
    0x80, 0x03, 0x81, 0x00, 0x80, 0x06, 0x01, 0x0C, 0x80, 0x03, 0x81, 0x00, 0x80, 0x06, 0x81, 0x00,
    0x80, 0x06, 0x01, 0x0C, 0x80, 0x06, 0x81, 0x00, 0x80, 0x06, 0x81, 0x00, 0x80, 0x06, 0x10, 0x02,
    0x80, 0x05, 0x01, 0x11, 0x80, 0x05, 0x8B, 0x00, 0x80, 0x05, 0x06, 0x0C, 0x80, 0x05, 0x86, 0x00,
    0x80, 0x05, 0x01, 0x11, 0x80, 0x05, 0x81, 0x00, 0x80, 0x05, 0x86, 0x00, 0x80, 0x05, 0x0B, 0x07,
    0x80, 0x05, 0x81, 0x00, 0x80, 0x05, 0x01, 0x11, 0x80, 0x05, 0x86, 0x00, 0x80, 0x05, 0x81, 0x00,
    0x80, 0x05, 0x06, 0x0C, 0x80, 0x05, 0x81, 0x00, 0x80, 0x05, 0x81, 0x00, 0x80, 0x05, 0x01, 0x11,
    0x80, 0x05, 0x81, 0x00, 0x80, 0x05, 0x81, 0x00, 0x80, 0x05, 0x81, 0x00, 0x80, 0x05, 0x01, 0x11,
    0x80, 0x03, 0x8B, 0x00, 0x80, 0x05, 0x01, 0x11, 0x80, 0x06, 0x8B, 0x00, 0x80, 0x05, 0x01, 0x11,
    0x80, 0x03, 0x81, 0x00, 0x80, 0x05, 0x86, 0x00, 0x80, 0x05, 0x01, 0x11, 0x80, 0x06, 0x81, 0x00,
    0x80, 0x05, 0x86, 0x00, 0x80, 0x05, 0x01, 0x11, 0x80, 0x03, 0x86, 0x00, 0x80, 0x05, 0x81, 0x00,
    0x80, 0x05, 0x01, 0x11, 0x80, 0x06, 0x86, 0x00, 0x80, 0x05, 0x81, 0x00, 0x80, 0x05, 0x01, 0x11,
    0x80, 0x03, 0x81, 0x00, 0x80, 0x05, 0x81, 0x00, 0x80, 0x05, 0x81, 0x00, 0x80, 0x05, 0x01, 0x11,
    0x80, 0x06, 0x81, 0x00, 0x80, 0x05, 0x81, 0x00, 0x80, 0x05, 0x81, 0x00, 0x80, 0x05, 0x06, 0x0C,
    0x80, 0x03, 0x86, 0x00, 0x80, 0x05, 0x01, 0x11, 0x80, 0x05, 0x81, 0x00, 0x80, 0x03, 0x86, 0x00,
    0x80, 0x05, 0x06, 0x0C, 0x80, 0x06, 0x86, 0x00, 0x80, 0x05, 0x01, 0x11, 0x80, 0x05, 0x81, 0x00,
    0x80, 0x06, 0x86, 0x00, 0x80, 0x05, 0x06, 0x0C, 0x80, 0x03, 0x81, 0x00, 0x80, 0x05, 0x81, 0x00,
    0x80, 0x05, 0x01, 0x11, 0x80, 0x05, 0x81, 0x00, 0x80, 0x03, 0x81, 0x00, 0x80, 0x05, 0x81, 0x00,
    0x80, 0x05, 0x06, 0x0C, 0x80, 0x06, 0x81, 0x00, 0x80, 0x05, 0x81, 0x00, 0x80, 0x05, 0x01, 0x11,
    0x80, 0x05, 0x81, 0x00, 0x80, 0x06, 0x81, 0x00, 0x80, 0x05, 0x81, 0x00, 0x80, 0x05, 0x01, 0x11,
    0x80, 0x03, 0x81, 0x00, 0x80, 0x03, 0x86, 0x00, 0x80, 0x05, 0x01, 0x11, 0x80, 0x06, 0x81, 0x00,
    0x80, 0x03, 0x86, 0x00, 0x80, 0x05, 0x01, 0x11, 0x80, 0x03, 0x81, 0x00, 0x80, 0x06, 0x86, 0x00,
    0x80, 0x05, 0x01, 0x11, 0x80, 0x06, 0x81, 0x00, 0x80, 0x06, 0x86, 0x00, 0x80, 0x05, 0x01, 0x11,
    0x80, 0x03, 0x81, 0x00, 0x80, 0x03, 0x81, 0x00, 0x80, 0x05, 0x81, 0x00, 0x80, 0x05, 0x01, 0x11,
    0x80, 0x06, 0x81, 0x00, 0x80, 0x03, 0x81, 0x00, 0x80, 0x05, 0x81, 0x00, 0x80, 0x05, 0x01, 0x11,
    0x80, 0x03, 0x81, 0x00, 0x80, 0x06, 0x81, 0x00, 0x80, 0x05, 0x81, 0x00, 0x80, 0x05, 0x01, 0x11,
    0x80, 0x06, 0x81, 0x00, 0x80, 0x06, 0x81, 0x00, 0x80, 0x05, 0x81, 0x00, 0x80, 0x05, 0x0B, 0x07,
    0x80, 0x03, 0x81, 0x00, 0x80, 0x05, 0x01, 0x11, 0x80, 0x05, 0x86, 0x00, 0x80, 0x03, 0x81, 0x00,
    0x80, 0x05, 0x06, 0x0C, 0x80, 0x05, 0x81, 0x00, 0x80, 0x03, 0x81, 0x00, 0x80, 0x05, 0x01, 0x11,
    0x80, 0x05, 0x81, 0x00, 0x80, 0x05, 0x81, 0x00, 0x80, 0x03, 0x81, 0x00, 0x80, 0x05, 0x0B, 0x07,
    0x80, 0x06, 0x81, 0x00, 0x80, 0x05, 0x01, 0x11, 0x80, 0x05, 0x86, 0x00, 0x80, 0x06, 0x81, 0x00,
    0x80, 0x05, 0x06, 0x0C, 0x80, 0x05, 0x81, 0x00, 0x80, 0x06, 0x81, 0x00, 0x80, 0x05, 0x01, 0x11,
    0x80, 0x05, 0x81, 0x00, 0x80, 0x05, 0x81, 0x00, 0x80, 0x06, 0x81, 0x00, 0x80, 0x05, 0x01, 0x11,
    0x80, 0x03, 0x86, 0x00, 0x80, 0x03, 0x81, 0x00, 0x80, 0x05, 0x01, 0x11, 0x80, 0x06, 0x86, 0x00,
    0x80, 0x03, 0x81, 0x00, 0x80, 0x05, 0x01, 0x11, 0x80, 0x03, 0x81, 0x00, 0x80, 0x05, 0x81, 0x00,
    0x80, 0x03, 0x81, 0x00, 0x80, 0x05, 0x01, 0x11, 0x80, 0x06, 0x81, 0x00, 0x80, 0x05, 0x81, 0x00,
    0x80, 0x03, 0x81, 0x00, 0x80, 0x05, 0x01, 0x11, 0x80, 0x03, 0x86, 0x00, 0x80, 0x06, 0x81, 0x00,
    0x80, 0x05, 0x01, 0x11, 0x80, 0x06, 0x86, 0x00, 0x80, 0x06, 0x81, 0x00, 0x80, 0x05, 0x01, 0x11,
    0x80, 0x03, 0x81, 0x00, 0x80, 0x05, 0x81, 0x00, 0x80, 0x06, 0x81, 0x00, 0x80, 0x05, 0x01, 0x11,
    0x80, 0x06, 0x81, 0x00, 0x80, 0x05, 0x81, 0x00, 0x80, 0x06, 0x81, 0x00, 0x80, 0x05, 0x06, 0x0C,
    0x80, 0x03, 0x81, 0x00, 0x80, 0x03, 0x81, 0x00, 0x80, 0x05, 0x01, 0x11, 0x80, 0x05, 0x81, 0x00,
    0x80, 0x03, 0x81, 0x00, 0x80, 0x03, 0x81, 0x00, 0x80, 0x05, 0x06, 0x0C, 0x80, 0x06, 0x81, 0x00,
    0x80, 0x03, 0x81, 0x00, 0x80, 0x05, 0x01, 0x11, 0x80, 0x05, 0x81, 0x00, 0x80, 0x06, 0x81, 0x00,
    0x80, 0x03, 0x81, 0x00, 0x80, 0x05, 0x06, 0x0C, 0x80, 0x03, 0x81, 0x00, 0x80, 0x06, 0x81, 0x00,
    0x80, 0x05, 0x01, 0x11, 0x80, 0x05, 0x81, 0x00, 0x80, 0x03, 0x81, 0x00, 0x80, 0x06, 0x81, 0x00,
    0x80, 0x05, 0x06, 0x0C, 0x80, 0x06, 0x81, 0x00, 0x80, 0x06, 0x81, 0x00, 0x80, 0x05, 0x01, 0x11,
    0x80, 0x05, 0x81, 0x00, 0x80, 0x06, 0x81, 0x00, 0x80, 0x06, 0x81, 0x00, 0x80, 0x05, 0x01, 0x11,
    0x80, 0x03, 0x81, 0x00, 0x80, 0x03, 0x81, 0x00, 0x80, 0x03, 0x81, 0x00, 0x80, 0x05, 0x01, 0x11,
    0x80, 0x06, 0x81, 0x00, 0x80, 0x03, 0x81, 0x00, 0x80, 0x03, 0x81, 0x00, 0x80, 0x05, 0x01, 0x11,
    0x80, 0x03, 0x81, 0x00, 0x80, 0x06, 0x81, 0x00, 0x80, 0x03, 0x81, 0x00, 0x80, 0x05, 0x01, 0x11,
    0x80, 0x06, 0x81, 0x00, 0x80, 0x06, 0x81, 0x00, 0x80, 0x03, 0x81, 0x00, 0x80, 0x05, 0x01, 0x11,
    0x80, 0x03, 0x81, 0x00, 0x80, 0x03, 0x81, 0x00, 0x80, 0x06, 0x81, 0x00, 0x80, 0x05, 0x01, 0x11,
    0x80, 0x06, 0x81, 0x00, 0x80, 0x03, 0x81, 0x00, 0x80, 0x06, 0x81, 0x00, 0x80, 0x05, 0x01, 0x11,
    0x80, 0x03, 0x81, 0x00, 0x80, 0x06, 0x81, 0x00, 0x80, 0x06, 0x81, 0x00, 0x80, 0x05, 0x01, 0x11,
    0x80, 0x06, 0x81, 0x00, 0x80, 0x06, 0x81, 0x00, 0x80, 0x06, 0x81, 0x00, 0x80, 0x05, 0x10, 0x02,
    0x80, 0x03, 0x01, 0x11, 0x80, 0x05, 0x8B, 0x00, 0x80, 0x03, 0x06, 0x0C, 0x80, 0x05, 0x86, 0x00,
    0x80, 0x03, 0x01, 0x11, 0x80, 0x05, 0x81, 0x00, 0x80, 0x05, 0x86, 0x00, 0x80, 0x03, 0x0B, 0x07,
    0x80, 0x05, 0x81, 0x00, 0x80, 0x03, 0x01, 0x11, 0x80, 0x05, 0x86, 0x00, 0x80, 0x05, 0x81, 0x00,
    0x80, 0x03, 0x06, 0x0C, 0x80, 0x05, 0x81, 0x00, 0x80, 0x05, 0x81, 0x00, 0x80, 0x03, 0x01, 0x11,
    0x80, 0x05, 0x81, 0x00, 0x80, 0x05, 0x81, 0x00, 0x80, 0x05, 0x81, 0x00, 0x80, 0x03, 0x01, 0x11,
    0x80, 0x03, 0x8B, 0x00, 0x80, 0x03, 0x01, 0x11, 0x80, 0x06, 0x8B, 0x00, 0x80, 0x03, 0x01, 0x11,
    0x80, 0x03, 0x81, 0x00, 0x80, 0x05, 0x86, 0x00, 0x80, 0x03, 0x01, 0x11, 0x80, 0x06, 0x81, 0x00,
    0x80, 0x05, 0x86, 0x00, 0x80, 0x03, 0x01, 0x11, 0x80, 0x03, 0x86, 0x00, 0x80, 0x05, 0x81, 0x00,
    0x80, 0x03, 0x01, 0x11, 0x80, 0x06, 0x86, 0x00, 0x80, 0x05, 0x81, 0x00, 0x80, 0x03, 0x01, 0x11,
    0x80, 0x03, 0x81, 0x00, 0x80, 0x05, 0x81, 0x00, 0x80, 0x05, 0x81, 0x00, 0x80, 0x03, 0x01, 0x11,
    0x80, 0x06, 0x81, 0x00, 0x80, 0x05, 0x81, 0x00, 0x80, 0x05, 0x81, 0x00, 0x80, 0x03, 0x06, 0x0C,
    0x80, 0x03, 0x86, 0x00, 0x80, 0x03, 0x01, 0x11, 0x80, 0x05, 0x81, 0x00, 0x80, 0x03, 0x86, 0x00,
    0x80, 0x03, 0x06, 0x0C, 0x80, 0x06, 0x86, 0x00, 0x80, 0x03, 0x01, 0x11, 0x80, 0x05, 0x81, 0x00,
    0x80, 0x06, 0x86, 0x00, 0x80, 0x03, 0x06, 0x0C, 0x80, 0x03, 0x81, 0x00, 0x80, 0x05, 0x81, 0x00,
    0x80, 0x03, 0x01, 0x11, 0x80, 0x05, 0x81, 0x00, 0x80, 0x03, 0x81, 0x00, 0x80, 0x05, 0x81, 0x00,
    0x80, 0x03, 0x06, 0x0C, 0x80, 0x06, 0x81, 0x00, 0x80, 0x05, 0x81, 0x00, 0x80, 0x03, 0x01, 0x11,
    0x80, 0x05, 0x81, 0x00, 0x80, 0x06, 0x81, 0x00, 0x80, 0x05, 0x81, 0x00, 0x80, 0x03, 0x01, 0x11,
    0x80, 0x03, 0x81, 0x00, 0x80, 0x03, 0x86, 0x00, 0x80, 0x03, 0x01, 0x11, 0x80, 0x06, 0x81, 0x00,
    0x80, 0x03, 0x86, 0x00, 0x80, 0x03, 0x01, 0x11, 0x80, 0x03, 0x81, 0x00, 0x80, 0x06, 0x86, 0x00,
    0x80, 0x03, 0x01, 0x11, 0x80, 0x06, 0x81, 0x00, 0x80, 0x06, 0x86, 0x00, 0x80, 0x03, 0x01, 0x11,
    0x80, 0x03, 0x81, 0x00, 0x80, 0x03, 0x81, 0x00, 0x80, 0x05, 0x81, 0x00, 0x80, 0x03, 0x01, 0x11,
    0x80, 0x06, 0x81, 0x00, 0x80, 0x03, 0x81, 0x00, 0x80, 0x05, 0x81, 0x00, 0x80, 0x03, 0x01, 0x11,
    0x80, 0x03, 0x81, 0x00, 0x80, 0x06, 0x81, 0x00, 0x80, 0x05, 0x81, 0x00, 0x80, 0x03, 0x01, 0x11,
    0x80, 0x06, 0x81, 0x00, 0x80, 0x06, 0x81, 0x00, 0x80, 0x05, 0x81, 0x00, 0x80, 0x03, 0x0B, 0x07,
    0x80, 0x03, 0x81, 0x00, 0x80, 0x03, 0x01, 0x11, 0x80, 0x05, 0x86, 0x00, 0x80, 0x03, 0x81, 0x00,
    0x80, 0x03, 0x06, 0x0C, 0x80, 0x05, 0x81, 0x00, 0x80, 0x03, 0x81, 0x00, 0x80, 0x03, 0x01, 0x11,
    0x80, 0x05, 0x81, 0x00, 0x80, 0x05, 0x81, 0x00, 0x80, 0x03, 0x81, 0x00, 0x80, 0x03, 0x0B, 0x07,
    0x80, 0x06, 0x81, 0x00, 0x80, 0x03, 0x01, 0x11, 0x80, 0x05, 0x86, 0x00, 0x80, 0x06, 0x81, 0x00,
    0x80, 0x03, 0x06, 0x0C, 0x80, 0x05, 0x81, 0x00, 0x80, 0x06, 0x81, 0x00, 0x80, 0x03, 0x01, 0x11,
    0x80, 0x05, 0x81, 0x00, 0x80, 0x05, 0x81, 0x00, 0x80, 0x06, 0x81, 0x00, 0x80, 0x03, 0x01, 0x11,
    0x80, 0x03, 0x86, 0x00, 0x80, 0x03, 0x81, 0x00, 0x80, 0x03, 0x01, 0x11, 0x80, 0x06, 0x86, 0x00,
    0x80, 0x03, 0x81, 0x00, 0x80, 0x03, 0x01, 0x11, 0x80, 0x03, 0x81, 0x00, 0x80, 0x05, 0x81, 0x00,
    0x80, 0x03, 0x81, 0x00, 0x80, 0x03, 0x01, 0x11, 0x80, 0x06, 0x81, 0x00, 0x80, 0x05, 0x81, 0x00,
    0x80, 0x03, 0x81, 0x00, 0x80, 0x03, 0x01, 0x11, 0x80, 0x03, 0x86, 0x00, 0x80, 0x06, 0x81, 0x00,
    0x80, 0x03, 0x01, 0x11, 0x80, 0x06, 0x86, 0x00, 0x80, 0x06, 0x81, 0x00, 0x80, 0x03, 0x01, 0x11,
    0x80, 0x03, 0x81, 0x00, 0x80, 0x05, 0x81, 0x00, 0x80, 0x06, 0x81, 0x00, 0x80, 0x03, 0x01, 0x11,
    0x80, 0x06, 0x81, 0x00, 0x80, 0x05, 0x81, 0x00, 0x80, 0x06, 0x81, 0x00, 0x80, 0x03, 0x06, 0x0C,
    0x80, 0x03, 0x81, 0x00, 0x80, 0x03, 0x81, 0x00, 0x80, 0x03, 0x01, 0x11, 0x80, 0x05, 0x81, 0x00,
    0x80, 0x03, 0x81, 0x00, 0x80, 0x03, 0x81, 0x00, 0x80, 0x03, 0x06, 0x0C, 0x80, 0x06, 0x81, 0x00,
    0x80, 0x03, 0x81, 0x00, 0x80, 0x03, 0x01, 0x11, 0x80, 0x05, 0x81, 0x00, 0x80, 0x06, 0x81, 0x00,
    0x80, 0x03, 0x81, 0x00, 0x80, 0x03, 0x06, 0x0C, 0x80, 0x03, 0x81, 0x00, 0x80, 0x06, 0x81, 0x00,
    0x80, 0x03, 0x01, 0x11, 0x80, 0x05, 0x81, 0x00, 0x80, 0x03, 0x81, 0x00, 0x80, 0x06, 0x81, 0x00,
    0x80, 0x03, 0x06, 0x0C, 0x80, 0x06, 0x81, 0x00, 0x80, 0x06, 0x81, 0x00, 0x80, 0x03, 0x01, 0x11,
    0x80, 0x05, 0x81, 0x00, 0x80, 0x06, 0x81, 0x00, 0x80, 0x06, 0x81, 0x00, 0x80, 0x03, 0x01, 0x11,
    0x80, 0x03, 0x81, 0x00, 0x80, 0x03, 0x81, 0x00, 0x80, 0x03, 0x81, 0x00, 0x80, 0x03, 0x01, 0x11,
    0x80, 0x06, 0x81, 0x00, 0x80, 0x03, 0x81, 0x00, 0x80, 0x03, 0x81, 0x00, 0x80, 0x03, 0x01, 0x11,
    0x80, 0x03, 0x81, 0x00, 0x80, 0x06, 0x81, 0x00, 0x80, 0x03, 0x81, 0x00, 0x80, 0x03, 0x01, 0x11,
    0x80, 0x06, 0x81, 0x00, 0x80, 0x06, 0x81, 0x00, 0x80, 0x03, 0x81, 0x00, 0x80, 0x03, 0x01, 0x11,
    0x80, 0x03, 0x81, 0x00, 0x80, 0x03, 0x81, 0x00, 0x80, 0x06, 0x81, 0x00, 0x80, 0x03, 0x01, 0x11,
    0x80, 0x06, 0x81, 0x00, 0x80, 0x03, 0x81, 0x00, 0x80, 0x06, 0x81, 0x00, 0x80, 0x03, 0x01, 0x11,
    0x80, 0x03, 0x81, 0x00, 0x80, 0x06, 0x81, 0x00, 0x80, 0x06, 0x81, 0x00, 0x80, 0x03, 0x01, 0x11,
    0x80, 0x06, 0x81, 0x00, 0x80, 0x06, 0x81, 0x00, 0x80, 0x06, 0x81, 0x00, 0x80, 0x03, 0x10, 0x02,
    0x80, 0x06, 0x01, 0x11, 0x80, 0x05, 0x8B, 0x00, 0x80, 0x06, 0x06, 0x0C, 0x80, 0x05, 0x86, 0x00,
    0x80, 0x06, 0x01, 0x11, 0x80, 0x05, 0x81, 0x00, 0x80, 0x05, 0x86, 0x00, 0x80, 0x06, 0x0B, 0x07,
    0x80, 0x05, 0x81, 0x00, 0x80, 0x06, 0x01, 0x11, 0x80, 0x05, 0x86, 0x00, 0x80, 0x05, 0x81, 0x00,
    0x80, 0x06, 0x06, 0x0C, 0x80, 0x05, 0x81, 0x00, 0x80, 0x05, 0x81, 0x00, 0x80, 0x06, 0x01, 0x11,
    0x80, 0x05, 0x81, 0x00, 0x80, 0x05, 0x81, 0x00, 0x80, 0x05, 0x81, 0x00, 0x80, 0x06, 0x01, 0x11,
    0x80, 0x03, 0x8B, 0x00, 0x80, 0x06, 0x01, 0x11, 0x80, 0x06, 0x8B, 0x00, 0x80, 0x06, 0x01, 0x11,
    0x80, 0x03, 0x81, 0x00, 0x80, 0x05, 0x86, 0x00, 0x80, 0x06, 0x01, 0x11, 0x80, 0x06, 0x81, 0x00,
    0x80, 0x05, 0x86, 0x00, 0x80, 0x06, 0x01, 0x11, 0x80, 0x03, 0x86, 0x00, 0x80, 0x05, 0x81, 0x00,
    0x80, 0x06, 0x01, 0x11, 0x80, 0x06, 0x86, 0x00, 0x80, 0x05, 0x81, 0x00, 0x80, 0x06, 0x01, 0x11,
    0x80, 0x03, 0x81, 0x00, 0x80, 0x05, 0x81, 0x00, 0x80, 0x05, 0x81, 0x00, 0x80, 0x06, 0x01, 0x11,
    0x80, 0x06, 0x81, 0x00, 0x80, 0x05, 0x81, 0x00, 0x80, 0x05, 0x81, 0x00, 0x80, 0x06, 0x06, 0x0C,
    0x80, 0x03, 0x86, 0x00, 0x80, 0x06, 0x01, 0x11, 0x80, 0x05, 0x81, 0x00, 0x80, 0x03, 0x86, 0x00,
    0x80, 0x06, 0x06, 0x0C, 0x80, 0x06, 0x86, 0x00, 0x80, 0x06, 0x01, 0x11, 0x80, 0x05, 0x81, 0x00,
    0x80, 0x06, 0x86, 0x00, 0x80, 0x06, 0x06, 0x0C, 0x80, 0x03, 0x81, 0x00, 0x80, 0x05, 0x81, 0x00,
    0x80, 0x06, 0x01, 0x11, 0x80, 0x05, 0x81, 0x00, 0x80, 0x03, 0x81, 0x00, 0x80, 0x05, 0x81, 0x00,
    0x80, 0x06, 0x06, 0x0C, 0x80, 0x06, 0x81, 0x00, 0x80, 0x05, 0x81, 0x00, 0x80, 0x06, 0x01, 0x11,
    0x80, 0x05, 0x81, 0x00, 0x80, 0x06, 0x81, 0x00, 0x80, 0x05, 0x81, 0x00, 0x80, 0x06, 0x01, 0x11,
    0x80, 0x03, 0x81, 0x00, 0x80, 0x03, 0x86, 0x00, 0x80, 0x06, 0x01, 0x11, 0x80, 0x06, 0x81, 0x00,
    0x80, 0x03, 0x86, 0x00, 0x80, 0x06, 0x01, 0x11, 0x80, 0x03, 0x81, 0x00, 0x80, 0x06, 0x86, 0x00,
    0x80, 0x06, 0x01, 0x11, 0x80, 0x06, 0x81, 0x00, 0x80, 0x06, 0x86, 0x00, 0x80, 0x06, 0x01, 0x11,
    0x80, 0x03, 0x81, 0x00, 0x80, 0x03, 0x81, 0x00, 0x80, 0x05, 0x81, 0x00, 0x80, 0x06, 0x01, 0x11,
    0x80, 0x06, 0x81, 0x00, 0x80, 0x03, 0x81, 0x00, 0x80, 0x05, 0x81, 0x00, 0x80, 0x06, 0x01, 0x11,
    0x80, 0x03, 0x81, 0x00, 0x80, 0x06, 0x81, 0x00, 0x80, 0x05, 0x81, 0x00, 0x80, 0x06, 0x01, 0x11,
    0x80, 0x06, 0x81, 0x00, 0x80, 0x06, 0x81, 0x00, 0x80, 0x05, 0x81, 0x00, 0x80, 0x06, 0x0B, 0x07,
    0x80, 0x03, 0x81, 0x00, 0x80, 0x06, 0x01, 0x11, 0x80, 0x05, 0x86, 0x00, 0x80, 0x03, 0x81, 0x00,
    0x80, 0x06, 0x06, 0x0C, 0x80, 0x05, 0x81, 0x00, 0x80, 0x03, 0x81, 0x00, 0x80, 0x06, 0x01, 0x11,
    0x80, 0x05, 0x81, 0x00, 0x80, 0x05, 0x81, 0x00, 0x80, 0x03, 0x81, 0x00, 0x80, 0x06, 0x0B, 0x07,
    0x80, 0x06, 0x81, 0x00, 0x80, 0x06, 0x01, 0x11, 0x80, 0x05, 0x86, 0x00, 0x80, 0x06, 0x81, 0x00,
    0x80, 0x06, 0x06, 0x0C, 0x80, 0x05, 0x81, 0x00, 0x80, 0x06, 0x81, 0x00, 0x80, 0x06, 0x01, 0x11,
    0x80, 0x05, 0x81, 0x00, 0x80, 0x05, 0x81, 0x00, 0x80, 0x06, 0x81, 0x00, 0x80, 0x06, 0x01, 0x11,
    0x80, 0x03, 0x86, 0x00, 0x80, 0x03, 0x81, 0x00, 0x80, 0x06, 0x01, 0x11, 0x80, 0x06, 0x86, 0x00,
    0x80, 0x03, 0x81, 0x00, 0x80, 0x06, 0x01, 0x11, 0x80, 0x03, 0x81, 0x00, 0x80, 0x05, 0x81, 0x00,
    0x80, 0x03, 0x81, 0x00, 0x80, 0x06, 0x01, 0x11, 0x80, 0x06, 0x81, 0x00, 0x80, 0x05, 0x81, 0x00,
    0x80, 0x03, 0x81, 0x00, 0x80, 0x06, 0x01, 0x11, 0x80, 0x03, 0x86, 0x00, 0x80, 0x06, 0x81, 0x00,
    0x80, 0x06, 0x01, 0x11, 0x80, 0x06, 0x86, 0x00, 0x80, 0x06, 0x81, 0x00, 0x80, 0x06, 0x01, 0x11,
    0x80, 0x03, 0x81, 0x00, 0x80, 0x05, 0x81, 0x00, 0x80, 0x06, 0x81, 0x00, 0x80, 0x06, 0x01, 0x11,
    0x80, 0x06, 0x81, 0x00, 0x80, 0x05, 0x81, 0x00, 0x80, 0x06, 0x81, 0x00, 0x80, 0x06, 0x06, 0x0C,
    0x80, 0x03, 0x81, 0x00, 0x80, 0x03, 0x81, 0x00, 0x80, 0x06, 0x01, 0x11, 0x80, 0x05, 0x81, 0x00,
    0x80, 0x03, 0x81, 0x00, 0x80, 0x03, 0x81, 0x00, 0x80, 0x06, 0x06, 0x0C, 0x80, 0x06, 0x81, 0x00,
    0x80, 0x03, 0x81, 0x00, 0x80, 0x06, 0x01, 0x11, 0x80, 0x05, 0x81, 0x00, 0x80, 0x06, 0x81, 0x00,
    0x80, 0x03, 0x81, 0x00, 0x80, 0x06, 0x06, 0x0C, 0x80, 0x03, 0x81, 0x00, 0x80, 0x06, 0x81, 0x00,
    0x80, 0x06, 0x01, 0x11, 0x80, 0x05, 0x81, 0x00, 0x80, 0x03, 0x81, 0x00, 0x80, 0x06, 0x81, 0x00,
    0x80, 0x06, 0x06, 0x0C, 0x80, 0x06, 0x81, 0x00, 0x80, 0x06, 0x81, 0x00, 0x80, 0x06, 0x01, 0x11,
    0x80, 0x05, 0x81, 0x00, 0x80, 0x06, 0x81, 0x00, 0x80, 0x06, 0x81, 0x00, 0x80, 0x06, 0x01, 0x11,
    0x80, 0x03, 0x81, 0x00, 0x80, 0x03, 0x81, 0x00, 0x80, 0x03, 0x81, 0x00, 0x80, 0x06, 0x01, 0x11,
    0x80, 0x06, 0x81, 0x00, 0x80, 0x03, 0x81, 0x00, 0x80, 0x03, 0x81, 0x00, 0x80, 0x06, 0x01, 0x11,
    0x80, 0x03, 0x81, 0x00, 0x80, 0x06, 0x81, 0x00, 0x80, 0x03, 0x81, 0x00, 0x80, 0x06, 0x01, 0x11,
    0x80, 0x06, 0x81, 0x00, 0x80, 0x06, 0x81, 0x00, 0x80, 0x03, 0x81, 0x00, 0x80, 0x06, 0x01, 0x11,
    0x80, 0x03, 0x81, 0x00, 0x80, 0x03, 0x81, 0x00, 0x80, 0x06, 0x81, 0x00, 0x80, 0x06, 0x01, 0x11,
    0x80, 0x06, 0x81, 0x00, 0x80, 0x03, 0x81, 0x00, 0x80, 0x06, 0x81, 0x00, 0x80, 0x06, 0x01, 0x11,
    0x80, 0x03, 0x81, 0x00, 0x80, 0x06, 0x81, 0x00, 0x80, 0x06, 0x81, 0x00, 0x80, 0x06, 0x01, 0x11,
    0x80, 0x06, 0x81, 0x00, 0x80, 0x06, 0x81, 0x00, 0x80, 0x06, 0x81, 0x00, 0x80, 0x06, 0x07, 0x08,
    0x80, 0x01, 0x82, 0x00, 0x80, 0x01, 0x00, 0x14, 0x05, 0x1D, 0x1D, 0x4A, 0xE6, 0xE7, 0x9A, 0x82,
    0x4A, 0x03, 0x1B, 0x0E, 0x05, 0x04, 0x84, 0x1D, 0x02, 0x0F, 0x84, 0x04, 0x08, 0x28, 0x00, 0x2B,
    0x2B, 0xB8, 0xB7, 0xB6, 0x2B, 0x2B, 0x03, 0x0E, 0x00, 0x1E, 0x83, 0x06, 0x04, 0x36, 0x36, 0x98,
    0x12, 0x98, 0x81, 0x36, 0x00, 0x14, 0x13, 0x1D, 0x2D, 0x64, 0x37, 0x14, 0x24, 0x38, 0x5E, 0x1C,
    0x0D, 0x0D, 0x1C, 0x5E, 0x38, 0x24, 0x14, 0x37, 0x64, 0x2D, 0x1D, 0x00, 0x14, 0x13, 0x1D, 0x04,
    0x05, 0x0E, 0x02, 0x0B, 0x10, 0x03, 0x20, 0x57, 0x57, 0x20, 0x03, 0x10, 0x0B, 0x02, 0x0E, 0x05,
    0x04, 0x1D, 0x00, 0x14, 0x13, 0x57, 0x65, 0x7C, 0x7E, 0x18, 0x26, 0x68, 0x82, 0x75, 0x0D, 0x0D,
    0x75, 0x82, 0x68, 0x26, 0x18, 0x7E, 0x7C, 0x65, 0x57, 0x00, 0x14, 0x13, 0x57, 0x20, 0x03, 0x10,
    0x0B, 0x02, 0x0E, 0x05, 0x04, 0x1D, 0x1D, 0x04, 0x05, 0x0E, 0x02, 0x0B, 0x10, 0x03, 0x20, 0x57,
    0x03, 0x0D, 0x00, 0x0F, 0x89, 0x01, 0x00, 0x0F,
};

static const uint16_t r_idx_0000_0000[] = {
    0x0000,
};

static const uint16_t r_idx_0020_007E[] = {
    0x0010, 0x0012, 0x001A, 0x001E, 0x002A, 0x003C, 0x004B, 0x005B,
    0x005F, 0x006B, 0x0077, 0x0081, 0x0089, 0x008F, 0x0093, 0x0097,
    0x00A5, 0x00B5, 0x00BF, 0x00CF, 0x00DF, 0x00EE, 0x00FC, 0x0109,
    0x0116, 0x0122, 0x012F, 0x0137, 0x0141, 0x0151, 0x0159, 0x0169,
    0x0179, 0x0188, 0x0192, 0x019E, 0x01AA, 0x01B4, 0x01C0, 0x01CA,
    0x01D8, 0x01E0, 0x01E8, 0x01F2, 0x0202, 0x0208, 0x0213, 0x021F,
    0x0227, 0x0231, 0x023C, 0x024A, 0x025A, 0x0260, 0x0266, 0x0270,
    0x027B, 0x028B, 0x0295, 0x02A5, 0x02AD, 0x02BB, 0x02C3, 0x02CA,
    0x02CE, 0x02D4, 0x02DF, 0x02E9, 0x02F3, 0x02FD, 0x0309, 0x0313,
    0x031E, 0x0326, 0x0332, 0x0340, 0x034E, 0x0356, 0x035C, 0x0362,
    0x036A, 0x0374, 0x037E, 0x0386, 0x0392, 0x039C, 0x03A2, 0x03AC,
    0x03B4, 0x03C0, 0x03C9, 0x03D5, 0x03E1, 0x03E5, 0x03F1,
};

static const uint16_t r_idx_00A0_017F[] = {
    0x0010, 0x03F8, 0x0400, 0x040E, 0x041C, 0x0428, 0x0438, 0x0440,
    0x0452, 0x0456, 0x0463, 0x046F, 0x047B, 0x0481, 0x0485, 0x0492,
    0x0496, 0x049E, 0x04AA, 0x04B4, 0x04BE, 0x04C3, 0x04CC, 0x04D6,
    0x04DA, 0x04E0, 0x04E9, 0x04F3, 0x04FF, 0x0511, 0x0523, 0x0535,
    0x0545, 0x0552, 0x055F, 0x056C, 0x0579, 0x0586, 0x0593, 0x059F,
    0x05AE, 0x05BD, 0x05CC, 0x05DB, 0x05EA, 0x05F5, 0x0600, 0x060B,
    0x0616, 0x0624, 0x0634, 0x063F, 0x064A, 0x0655, 0x0660, 0x066B,
    0x0675, 0x0685, 0x068F, 0x0699, 0x06A3, 0x06AD, 0x06BB, 0x06C7,
    0x06D5, 0x06E3, 0x06F1, 0x06FF, 0x070D, 0x071B, 0x0729, 0x0735,
    0x0742, 0x0751, 0x0760, 0x076F, 0x077E, 0x0789, 0x0794, 0x079F,
    0x07AA, 0x07B6, 0x07BF, 0x07CA, 0x07D5, 0x07E0, 0x07EB, 0x07F6,
    0x0802, 0x080E, 0x0818, 0x0822, 0x082C, 0x0836, 0x0843, 0x084F,
    0x085C, 0x0868, 0x0875, 0x0882, 0x0890, 0x089E, 0x08AC, 0x08BB,
    0x08C8, 0x08D7, 0x08E4, 0x08F3, 0x0900, 0x090F, 0x091C, 0x0929,
    0x0616, 0x0937, 0x0943, 0x0951, 0x095F, 0x096E, 0x097D, 0x098C,
    0x099B, 0x09AA, 0x095F, 0x096E, 0x09B9, 0x09CA, 0x09D8, 0x09E9,
    0x09F7, 0x0A08, 0x0A16, 0x0A28, 0x0A37, 0x0A43, 0x0A4F, 0x0A5B,
    0x0A65, 0x0A70, 0x0A7B, 0x0A85, 0x0A8F, 0x0A9A, 0x0AA5, 0x0AB0,
    0x0ABF, 0x0ACA, 0x0AD2, 0x0ADC, 0x0AEB, 0x0AF8, 0x0B05, 0x0B19,
    0x0B2B, 0x0B37, 0x0B41, 0x0B4C, 0x0B56, 0x0B62, 0x0B6C, 0x0B77,
    0x0B81, 0x0B8D, 0x0B9B, 0x0BAB, 0x0BBB, 0x0BC4, 0x0BD5, 0x0BE0,
    0x0BF0, 0x0BF9, 0x0C04, 0x0C14, 0x0C1E, 0x0C28, 0x0C32, 0x0C3D,
    0x0C48, 0x0C53, 0x0C5E, 0x0C6A, 0x0C76, 0x0C87, 0x0C92, 0x0CA4,
    0x0CB1, 0x0CC2, 0x0CCD, 0x0CE0, 0x0CEF, 0x0D02, 0x0D11, 0x0D24,
    0x0D33, 0x0D46, 0x0D55, 0x0D5F, 0x0D6C, 0x0D75, 0x0D83, 0x0D8D,
    0x0D99, 0x0DA3, 0x0DAD, 0x0DB6, 0x0DBF, 0x0DC9, 0x0DD3, 0x0DDD,
    0x0DE7, 0x0DF1, 0x0DFB, 0x0E04, 0x0E0D, 0x0E1C, 0x0E28, 0x0E36,
    0x0E43, 0x0E51, 0x0E64, 0x0E73, 0x0E86, 0x0E95, 0x0EA8, 0x0EB7,
};

static const uint16_t r_idx_0186_0186[] = {
    0x0EBD,
};

static const uint16_t r_idx_018E_0192[] = {
    0x0EC9, 0x0ED5, 0x0EE3, 0x0169, 0x0EF3,
};

static const uint16_t r_idx_019D_019E[] = {
    0x0F02, 0x0F12,
};

static const uint16_t r_idx_01B5_01B7[] = {
    0x0F1A, 0x0F2A, 0x0F36,
};

static const uint16_t r_idx_01CD_01D4[] = {
    0x0875, 0x0882, 0x0A8F, 0x0A9A, 0x0C32, 0x0C3D, 0x0DBF, 0x0DC9,
};

static const uint16_t r_idx_01E2_01F5[] = {
    0x0F45, 0x0F53, 0x0F61, 0x0F71, 0x09D8, 0x09E9, 0x0F80, 0x0F93,
    0x0FA5, 0x0FB0, 0x0FBB, 0x0FC8, 0x0FD5, 0x0FE7, 0x0FF9, 0x0169,
    0x0169, 0x0169, 0x1006, 0x1017,
};

static const uint16_t r_idx_01FC_01FF[] = {
    0x1025, 0x1034, 0x1043, 0x1056,
};

static const uint16_t r_idx_0218_021B[] = {
    0x1065, 0x1079, 0x1089, 0x1094,
};

static const uint16_t r_idx_0232_0237[] = {
    0x10A2, 0x10AF, 0x0169, 0x0169, 0x0169, 0x10BB,
};

static const uint16_t r_idx_0254_025B[] = {
    0x10C5, 0x0169, 0x0169, 0x0169, 0x10CF, 0x10DB, 0x0169, 0x10E7,
};

static const uint16_t r_idx_0272_0272[] = {
    0x10F3,
};

static const uint16_t r_idx_0292_0292[] = {
    0x10FD,
};

static const uint16_t r_idx_02BB_02BD[] = {
    0x110C, 0x1112, 0x1118,
};

static const uint16_t r_idx_02C6_02C7[] = {
    0x111E, 0x1123,
};

static const uint16_t r_idx_02D8_02DD[] = {
    0x1123, 0x1128, 0x0169, 0x112C, 0x1132, 0x1137,
};

static const uint16_t r_idx_0300_030C[] = {
    0x113C, 0x04BE, 0x111E, 0x1132, 0x0492, 0x1141, 0x1123, 0x1128,
    0x0452, 0x0169, 0x1145, 0x1137, 0x1123,
};

static const uint16_t r_idx_0329_0329[] = {
    0x114B,
};

static const uint16_t r_idx_0384_03D5[] = {
    0x114F, 0x1154, 0x115C, 0x1168, 0x116C, 0x117A, 0x1185, 0x0169,
    0x118F, 0x0169, 0x1199, 0x11A6, 0x11B3, 0x0188, 0x0192, 0x11C1,
    0x11C7, 0x01B4, 0x0295, 0x01D8, 0x11D3, 0x01E0, 0x01F2, 0x11DF,
    0x0208, 0x0213, 0x11E9, 0x021F, 0x11F5, 0x0227, 0x0169, 0x11FB,
    0x025A, 0x028B, 0x120B, 0x027B, 0x1215, 0x121D, 0x060B, 0x0E43,
    0x1228, 0x1235, 0x1244, 0x124F, 0x125A, 0x1267, 0x1271, 0x1280,
    0x128A, 0x10E7, 0x1298, 0x0F12, 0x12A9, 0x12B5, 0x0B2B, 0x12BD,
    0x04C3, 0x03A2, 0x12C9, 0x0362, 0x12D8, 0x12DE, 0x12E8, 0x12F4,
    0x12FE, 0x1306, 0x130C, 0x1316, 0x1325, 0x132D, 0x1337, 0x1342,
    0x07CA, 0x134C, 0x1356, 0x0169, 0x0169, 0x1363, 0x0169, 0x0169,
    0x0169, 0x1372,
};

static const uint16_t r_idx_03F0_03F6[] = {
    0x137E, 0x138A, 0x02E9, 0x0332, 0x1395, 0x13A1, 0x13AD,
};

static const uint16_t r_idx_0400_0463[] = {
    0x05AE, 0x05DB, 0x13B9, 0x13C5, 0x13CE, 0x024A, 0x01E0, 0x060B,
    0x01E8, 0x13DE, 0x13EB, 0x13F6, 0x1400, 0x1413, 0x1423, 0x1431,
    0x0188, 0x1439, 0x0192, 0x11C1, 0x1445, 0x01B4, 0x1450, 0x00CF,
    0x145A, 0x1466, 0x01F2, 0x1476, 0x0208, 0x01D8, 0x021F, 0x11F5,
    0x0227, 0x019E, 0x025A, 0x147F, 0x1489, 0x027B, 0x1493, 0x149B,
    0x14A3, 0x14A9, 0x14B1, 0x14BD, 0x02DF, 0x14C7, 0x14D7, 0x14E3,
    0x02D4, 0x14F1, 0x14FD, 0x150A, 0x0313, 0x02FD, 0x1510, 0x151A,
    0x039C, 0x0DC9, 0x0B2B, 0x1526, 0x152F, 0x1538, 0x0362, 0x12D8,
    0x036A, 0x02E9, 0x1540, 0x03C0, 0x1372, 0x03B4, 0x1546, 0x154E,
    0x1556, 0x155C, 0x1564, 0x156F, 0x1579, 0x1583, 0x158F, 0x159B,
    0x0742, 0x076F, 0x15A7, 0x15B5, 0x15BE, 0x0386, 0x0326, 0x079F,
    0x0332, 0x15CA, 0x15D5, 0x0A5B, 0x15E0, 0x080E, 0x15EF, 0x15FC,
    0x0169, 0x0169, 0x1604, 0x1610,
};

static const uint16_t r_idx_046A_046B[] = {
    0x161E, 0x162B,
};

static const uint16_t r_idx_0490_04A5[] = {
    0x1636, 0x163E, 0x1646, 0x1650, 0x165A, 0x1667, 0x1674, 0x1682,
    0x168F, 0x16A1, 0x16AF, 0x16C1, 0x16CF, 0x16DD, 0x0169, 0x0169,
    0x16E9, 0x16F9, 0x1705, 0x1711, 0x171D, 0x1727,
};

static const uint16_t r_idx_04AA_04BB[] = {
    0x1731, 0x173F, 0x0169, 0x0169, 0x028B, 0x1280, 0x174B, 0x1759,
    0x1766, 0x1778, 0x0169, 0x0169, 0x1786, 0x1792, 0x179E, 0x17AA,
    0x17B6, 0x17BE,
};

static const uint16_t r_idx_04C0_04C2[] = {
    0x01E0, 0x17C6, 0x17D4,
};

static const uint16_t r_idx_04CF_04F9[] = {
    0x034E, 0x0875, 0x0882, 0x0579, 0x070D, 0x0593, 0x0729, 0x095F,
    0x096E, 0x0ED5, 0x10DB, 0x17E2, 0x17F3, 0x1802, 0x1810, 0x181E,
    0x1831, 0x0169, 0x0169, 0x1840, 0x0DB6, 0x184F, 0x082C, 0x0660,
    0x07EB, 0x1395, 0x185F, 0x186B, 0x187A, 0x1889, 0x189C, 0x18AB,
    0x10AF, 0x18B8, 0x084F, 0x18C6, 0x18D4, 0x18E1, 0x18ED, 0x0169,
    0x0169, 0x18F9, 0x1907,
};

static const uint16_t r_idx_05D0_05EA[] = {
    0x1915, 0x1925, 0x192D, 0x1939, 0x193F, 0x1947, 0x194D, 0x1955,
    0x195B, 0x1963, 0x1969, 0x196F, 0x1977, 0x1985, 0x198D, 0x1996,
    0x199C, 0x19A4, 0x19AC, 0x19BA, 0x19C4, 0x19D0, 0x19DC, 0x19EC,
    0x19FB, 0x1A01, 0x1A0D,
};

static const uint16_t r_idx_1E0C_1E0D[] = {
    0x1A15, 0x1A22,
};

static const uint16_t r_idx_1E34_1E37[] = {
    0x1A2F, 0x1A41, 0x1A51, 0x1A5A,
};

static const uint16_t r_idx_1E40_1E47[] = {
    0x1A65, 0x1A73, 0x1A7C, 0x1A8B, 0x1A95, 0x1AA5, 0x1AAE, 0x1ABE,
};

static const uint16_t r_idx_1E6C_1E6D[] = {
    0x1AC8, 0x1AD2,
};

static const uint16_t r_idx_1EB8_1EBD[] = {
    0x1ADF, 0x1AEE, 0x0169, 0x0169, 0x1AFD, 0x1B0C,
};

static const uint16_t r_idx_1ECA_1ECD[] = {
    0x1B1B, 0x1B26, 0x1B35, 0x1B40,
};

static const uint16_t r_idx_1EE4_1EE5[] = {
    0x1B4B, 0x1B54,
};

static const uint16_t r_idx_1EF8_1EF9[] = {
    0x1B5D, 0x1B6B,
};

static const uint16_t r_idx_2000_2026[] = {
    0x0010, 0x0010, 0x0010, 0x0010, 0x0010, 0x0010, 0x0010, 0x0010,
    0x0010, 0x0010, 0x0010, 0x0010, 0x0010, 0x0010, 0x0010, 0x0010,
    0x0481, 0x0481, 0x008F, 0x008F, 0x1B78, 0x1B78, 0x1B7C, 0x1B80,
    0x1B86, 0x1B8C, 0x0089, 0x1B92, 0x1B98, 0x1B9E, 0x1BA4, 0x1BAA,
    0x1BB0, 0x1BB8, 0x1BC4, 0x0169, 0x0169, 0x0169, 0x1BCB,
};

static const uint16_t r_idx_2030_2033[] = {
    0x1BCF, 0x0169, 0x1BDE, 0x1BE2,
};

static const uint16_t r_idx_2039_203E[] = {
    0x1BE6, 0x1BF2, 0x0169, 0x1BFE, 0x0169, 0x1141,
};

static const uint16_t r_idx_2070_209A[] = {
    0x1C06, 0x1C0E, 0x0169, 0x0169, 0x1C19, 0x1C23, 0x1C2D, 0x1C37,
    0x1C40, 0x1C4A, 0x1C54, 0x1C5C, 0x1C60, 0x1C67, 0x1C6F, 0x1C77,
    0x1C7D, 0x1C85, 0x1C8E, 0x1C98, 0x1CA2, 0x1CAC, 0x1CB6, 0x1CC0,
    0x1CC9, 0x1CD3, 0x1CDD, 0x1CE5, 0x1CE9, 0x1CF0, 0x1CF8, 0x0169,
    0x1D00, 0x1D09, 0x1D12, 0x1D1A, 0x1D23, 0x1D2C, 0x1D34, 0x1D3F,
    0x1D47, 0x0169, 0x1D4D,
};

static const uint16_t r_idx_20A7_20AE[] = {
    0x1D57, 0x0169, 0x0169, 0x1D65, 0x0169, 0x1D71, 0x0169, 0x1D80,
};

static const uint16_t r_idx_2102_2102[] = {
    0x1D8D,
};

static const uint16_t r_idx_210E_210F[] = {
    0x031E, 0x0A5B,
};

static const uint16_t r_idx_2115_211D[] = {
    0x1D99, 0x1DA7, 0x0169, 0x0169, 0x0169, 0x1DB7, 0x0169, 0x0169,
    0x1DC2,
};

static const uint16_t r_idx_2122_2126[] = {
    0x1DD0, 0x0169, 0x1DD8, 0x0169, 0x121D,
};

static const uint16_t r_idx_2135_2135[] = {
    0x1DE8,
};

static const uint16_t r_idx_2190_2195[] = {
    0x1DF7, 0x1E01, 0x1E0A, 0x1E14, 0x1E1D, 0x1E27,
};

static const uint16_t r_idx_21A4_21A8[] = {
    0x1E35, 0x0169, 0x1E3F, 0x0169, 0x1E49,
};

static const uint16_t r_idx_21B2_21B5[] = {
    0x1E58, 0x1E64, 0x0169, 0x1E70,
};

static const uint16_t r_idx_21BB_21BB[] = {
    0x1E7C,
};

static const uint16_t r_idx_21CB_21D5[] = {
    0x1E88, 0x1E94, 0x0169, 0x0169, 0x0169, 0x1EA0, 0x1EAA, 0x1EB3,
    0x1EBD, 0x1EC6, 0x1ED0,
};

static const uint16_t r_idx_2200_220D[] = {
    0x1EDE, 0x0169, 0x0169, 0x1EEA, 0x1EF6, 0x1F0A, 0x11C7, 0x1F18,
    0x1F24, 0x1F34, 0x1F48, 0x1F54, 0x1F64, 0x1F78,
};

static const uint16_t r_idx_2212_221F[] = {
    0x008F, 0x1F84, 0x1F90, 0x1F9C, 0x1FA7, 0x0169, 0x0169, 0x1FB2,
    0x1FB6, 0x0169, 0x0169, 0x0169, 0x1FC3, 0x1FCB,
};

static const uint16_t r_idx_2225_222A[] = {
    0x1B7C, 0x0169, 0x1FD1, 0x1FDB, 0x1FE5, 0x1FEC,
};

static const uint16_t r_idx_2248_2248[] = {
    0x1FF3,
};

static const uint16_t r_idx_2260_2265[] = {
    0x1FFD, 0x2007, 0x0169, 0x0169, 0x2013, 0x2023,
};

static const uint16_t r_idx_226A_226B[] = {
    0x2033, 0x2041,
};

static const uint16_t r_idx_2282_2287[] = {
    0x204F, 0x2059, 0x0169, 0x0169, 0x2063, 0x206F,
};

static const uint16_t r_idx_22A5_22A5[] = {
    0x207B,
};

static const uint16_t r_idx_22C2_22C3[] = {
    0x2081, 0x2088,
};

static const uint16_t r_idx_2300_2302[] = {
    0x1F0A, 0x0169, 0x208F,
};

static const uint16_t r_idx_2308_230B[] = {
    0x209A, 0x20A0, 0x20A6, 0x20AC,
};

static const uint16_t r_idx_2310_2310[] = {
    0x20B2,
};

static const uint16_t r_idx_2319_2319[] = {
    0x20B8,
};

static const uint16_t r_idx_2320_2321[] = {
    0x20BE, 0x20C6,
};

static const uint16_t r_idx_239B_23AF[] = {
    0x20CE, 0x20DB, 0x20DF, 0x20EC, 0x20F9, 0x20FD, 0x210A, 0x20DB,
    0x2110, 0x2116, 0x20F9, 0x211C, 0x2122, 0x212A, 0x2135, 0x0169,
    0x213D, 0x2145, 0x2150, 0x2158, 0x215C,
};

static const uint16_t r_idx_23BA_23BD[] = {
    0x2160, 0x2164, 0x2168, 0x216C,
};

static const uint16_t r_idx_23D0_23D0[] = {
    0x2158,
};

static const uint16_t r_idx_2409_240D[] = {
    0x2170, 0x217D, 0x218A, 0x2197, 0x21A8,
};

static const uint16_t r_idx_2424_2424[] = {
    0x21BA,
};

static const uint16_t r_idx_2500_2503[] = {
    0x215C, 0x21C9, 0x2158, 0x21CD,
};

static const uint16_t r_idx_2508_254B[] = {
    0x21D1, 0x21D5, 0x21D9, 0x21E9, 0x21F9, 0x21FF, 0x2205, 0x220B,
    0x2211, 0x2217, 0x221D, 0x2223, 0x2229, 0x222F, 0x2235, 0x223B,
    0x2241, 0x2247, 0x224D, 0x2253, 0x2259, 0x2261, 0x2269, 0x2271,
    0x2279, 0x2281, 0x2289, 0x2291, 0x2299, 0x22A1, 0x22A9, 0x22B1,
    0x22B9, 0x22C1, 0x22C9, 0x22D1, 0x22D9, 0x22DF, 0x22E6, 0x22ED,
    0x22F3, 0x22F9, 0x2300, 0x2307, 0x230D, 0x2313, 0x231A, 0x2321,
    0x2327, 0x232D, 0x2334, 0x233B, 0x2341, 0x2349, 0x2352, 0x235B,
    0x2363, 0x236B, 0x2373, 0x237B, 0x2384, 0x238D, 0x2396, 0x239F,
    0x23A7, 0x23AF, 0x23B8, 0x23C1,
};

static const uint16_t r_idx_2550_25A0[] = {
    0x23C9, 0x23CF, 0x23D3, 0x23DB, 0x23E1, 0x23E9, 0x23F1, 0x23F7,
    0x23FF, 0x2407, 0x240D, 0x2415, 0x241D, 0x2423, 0x242B, 0x2435,
    0x243D, 0x2447, 0x2451, 0x2459, 0x2463, 0x246B, 0x2471, 0x2479,
    0x2481, 0x2487, 0x248F, 0x2499, 0x24A1, 0x24AB, 0x24B3, 0x24BB,
    0x24C3, 0x24CB, 0x24E1, 0x24F7, 0x250B, 0x250F, 0x2513, 0x2517,
    0x251B, 0x251F, 0x2523, 0x2527, 0x252B, 0x2530, 0x2536, 0x253B,
    0x2541, 0x2545, 0x2549, 0x254D, 0x2551, 0x2555, 0x2559, 0x255D,
    0x2561, 0x2565, 0x2569, 0x256D, 0x2571, 0x2575, 0x2579, 0x257D,
    0x2581, 0x2585, 0x259B, 0x25B2, 0x0169, 0x0169, 0x25C9, 0x25CD,
    0x25D1, 0x25D5, 0x25DB, 0x25E1, 0x25E7, 0x25ED, 0x25F1, 0x25F7,
    0x25FD,
};

static const uint16_t r_idx_25AC_25CF[] = {
    0x2601, 0x0169, 0x2605, 0x0169, 0x0169, 0x0169, 0x2609, 0x0169,
    0x0169, 0x0169, 0x2615, 0x0169, 0x0169, 0x0169, 0x2615, 0x0169,
    0x2621, 0x0169, 0x0169, 0x0169, 0x262D, 0x0169, 0x0169, 0x0169,
    0x262D, 0x0169, 0x2639, 0x0169, 0x0169, 0x0169, 0x2645, 0x2651,
    0x0169, 0x0169, 0x0169, 0x2659,
};

static const uint16_t r_idx_25D8_25D9[] = {
    0x2661, 0x266C,
};

static const uint16_t r_idx_263A_2642[] = {
    0x2678, 0x2688, 0x2698, 0x0169, 0x0169, 0x0169, 0x26A8, 0x0169,
    0x26B5,
};

static const uint16_t r_idx_2660_266B[] = {
    0x26C2, 0x0169, 0x0169, 0x26D1, 0x0169, 0x26E1, 0x2639, 0x0169,
    0x0169, 0x0169, 0x26ED, 0x26F8,
};

static const uint16_t r_idx_2713_2718[] = {
    0x2704, 0x2712, 0x0169, 0x0169, 0x2720, 0x272F,
};

static const uint16_t r_idx_27E8_27EB[] = {
    0x273E, 0x274E, 0x275E, 0x276E,
};

static const uint16_t r_idx_2800_28FF[] = {
    0x0010, 0x277E, 0x2782, 0x2786, 0x278E, 0x2792, 0x279A, 0x27A2,
    0x27AE, 0x27B2, 0x27B6, 0x27BE, 0x27C6, 0x27CE, 0x27D6, 0x27E2,
    0x27EE, 0x27F2, 0x27FA, 0x27FE, 0x2806, 0x280E, 0x281A, 0x2822,
    0x282E, 0x2836, 0x283E, 0x2846, 0x284E, 0x285A, 0x2866, 0x2872,
    0x287E, 0x2882, 0x288A, 0x2892, 0x289E, 0x28A2, 0x28AA, 0x28B2,
    0x28BE, 0x28C6, 0x28CE, 0x28DA, 0x28E6, 0x28EE, 0x28F6, 0x2902,
    0x290E, 0x2916, 0x2922, 0x292A, 0x2936, 0x293E, 0x294A, 0x2952,
    0x295E, 0x296A, 0x2976, 0x2982, 0x298E, 0x299A, 0x29A6, 0x29B2,
    0x29BE, 0x29C2, 0x29CA, 0x29D2, 0x29DE, 0x29E6, 0x29F2, 0x29FE,
    0x2A0E, 0x2A16, 0x2A1E, 0x2A2A, 0x2A36, 0x2A42, 0x2A4E, 0x2A5E,
    0x2A6E, 0x2A76, 0x2A82, 0x2A8A, 0x2A96, 0x2AA2, 0x2AB2, 0x2ABE,
    0x2ACE, 0x2ADA, 0x2AE6, 0x2AF2, 0x2AFE, 0x2B0E, 0x2B1E, 0x2B2E,
    0x2B3E, 0x2B46, 0x2B52, 0x2B5E, 0x2B6E, 0x2B76, 0x2B82, 0x2B8E,
    0x2B9E, 0x2BAA, 0x2BB6, 0x2BC6, 0x2BD6, 0x2BE2, 0x2BEE, 0x2BFE,
    0x2C0E, 0x2C1A, 0x2C2A, 0x2C36, 0x2C46, 0x2C52, 0x2C62, 0x2C6E,
    0x2C7E, 0x2C8E, 0x2C9E, 0x2CAE, 0x2CBE, 0x2CCE, 0x2CDE, 0x2CEE,
    0x2CFE, 0x2D02, 0x2D0A, 0x2D12, 0x2D1E, 0x2D26, 0x2D32, 0x2D3E,
    0x2D4E, 0x2D56, 0x2D5E, 0x2D6A, 0x2D76, 0x2D82, 0x2D8E, 0x2D9E,
    0x2DAE, 0x2DB6, 0x2DC2, 0x2DCA, 0x2DD6, 0x2DE2, 0x2DF2, 0x2DFE,
    0x2E0E, 0x2E1A, 0x2E26, 0x2E32, 0x2E3E, 0x2E4E, 0x2E5E, 0x2E6E,
    0x2E7E, 0x2E86, 0x2E92, 0x2E9E, 0x2EAE, 0x2EB6, 0x2EC2, 0x2ECE,
    0x2EDE, 0x2EEA, 0x2EF6, 0x2F06, 0x2F16, 0x2F22, 0x2F2E, 0x2F3E,
    0x2F4E, 0x2F5A, 0x2F6A, 0x2F76, 0x2F86, 0x2F92, 0x2FA2, 0x2FAE,
    0x2FBE, 0x2FCE, 0x2FDE, 0x2FEE, 0x2FFE, 0x300E, 0x301E, 0x302E,
    0x303E, 0x3042, 0x304A, 0x3052, 0x305E, 0x3066, 0x3072, 0x307E,
    0x308E, 0x3096, 0x309E, 0x30AA, 0x30B6, 0x30C2, 0x30CE, 0x30DE,
    0x30EE, 0x30F6, 0x3102, 0x310A, 0x3116, 0x3122, 0x3132, 0x313E,
    0x314E, 0x315A, 0x3166, 0x3172, 0x317E, 0x318E, 0x319E, 0x31AE,
    0x31BE, 0x31C6, 0x31D2, 0x31DE, 0x31EE, 0x31F6, 0x3202, 0x320E,
    0x321E, 0x322A, 0x3236, 0x3246, 0x3256, 0x3262, 0x326E, 0x327E,
    0x328E, 0x329A, 0x32AA, 0x32B6, 0x32C6, 0x32D2, 0x32E2, 0x32EE,
    0x32FE, 0x330E, 0x331E, 0x332E, 0x333E, 0x334E, 0x335E, 0x336E,
};

static const uint16_t r_idx_2E2C_2E2C[] = {
    0x337E,
};

static const uint16_t r_idx_E0A0_E0A2[] = {
    0x3386, 0x3398, 0x33A6,
};

static const uint16_t r_idx_E0B0_E0B3[] = {
    0x33B4, 0x33CB, 0x33E2, 0x33F9,
};

static const uint16_t r_idx_F6BE_F6BE[] = {
    0x10BB,
};

static const uint16_t r_idx_FFFD_FFFD[] = {
    0x3410,
};

static const FontRange r_ranges[] = {
    {0x0000, 0x0000, r_idx_0000_0000},
    {0x0020, 0x007E, r_idx_0020_007E},
    {0x00A0, 0x017F, r_idx_00A0_017F},
    {0x0186, 0x0186, r_idx_0186_0186},
    {0x018E, 0x0192, r_idx_018E_0192},
    {0x019D, 0x019E, r_idx_019D_019E},
    {0x01B5, 0x01B7, r_idx_01B5_01B7},
    {0x01CD, 0x01D4, r_idx_01CD_01D4},
    {0x01E2, 0x01F5, r_idx_01E2_01F5},
    {0x01FC, 0x01FF, r_idx_01FC_01FF},
    {0x0218, 0x021B, r_idx_0218_021B},
    {0x0232, 0x0237, r_idx_0232_0237},
    {0x0254, 0x025B, r_idx_0254_025B},
    {0x0272, 0x0272, r_idx_0272_0272},
    {0x0292, 0x0292, r_idx_0292_0292},
    {0x02BB, 0x02BD, r_idx_02BB_02BD},
    {0x02C6, 0x02C7, r_idx_02C6_02C7},
    {0x02D8, 0x02DD, r_idx_02D8_02DD},
    {0x0300, 0x030C, r_idx_0300_030C},
    {0x0329, 0x0329, r_idx_0329_0329},
    {0x0384, 0x03D5, r_idx_0384_03D5},
    {0x03F0, 0x03F6, r_idx_03F0_03F6},
    {0x0400, 0x0463, r_idx_0400_0463},
    {0x046A, 0x046B, r_idx_046A_046B},
    {0x0490, 0x04A5, r_idx_0490_04A5},
    {0x04AA, 0x04BB, r_idx_04AA_04BB},
    {0x04C0, 0x04C2, r_idx_04C0_04C2},
    {0x04CF, 0x04F9, r_idx_04CF_04F9},
    {0x05D0, 0x05EA, r_idx_05D0_05EA},
    {0x1E0C, 0x1E0D, r_idx_1E0C_1E0D},
    {0x1E34, 0x1E37, r_idx_1E34_1E37},
    {0x1E40, 0x1E47, r_idx_1E40_1E47},
    {0x1E6C, 0x1E6D, r_idx_1E6C_1E6D},
    {0x1EB8, 0x1EBD, r_idx_1EB8_1EBD},
    {0x1ECA, 0x1ECD, r_idx_1ECA_1ECD},
    {0x1EE4, 0x1EE5, r_idx_1EE4_1EE5},
    {0x1EF8, 0x1EF9, r_idx_1EF8_1EF9},
    {0x2000, 0x2026, r_idx_2000_2026},
    {0x2030, 0x2033, r_idx_2030_2033},
    {0x2039, 0x203E, r_idx_2039_203E},
    {0x2070, 0x209A, r_idx_2070_209A},
    {0x20A7, 0x20AE, r_idx_20A7_20AE},
    {0x2102, 0x2102, r_idx_2102_2102},
    {0x210E, 0x210F, r_idx_210E_210F},
    {0x2115, 0x211D, r_idx_2115_211D},
    {0x2122, 0x2126, r_idx_2122_2126},
    {0x2135, 0x2135, r_idx_2135_2135},
    {0x2190, 0x2195, r_idx_2190_2195},
    {0x21A4, 0x21A8, r_idx_21A4_21A8},
    {0x21B2, 0x21B5, r_idx_21B2_21B5},
    {0x21BB, 0x21BB, r_idx_21BB_21BB},
    {0x21CB, 0x21D5, r_idx_21CB_21D5},
    {0x2200, 0x220D, r_idx_2200_220D},
    {0x2212, 0x221F, r_idx_2212_221F},
    {0x2225, 0x222A, r_idx_2225_222A},
    {0x2248, 0x2248, r_idx_2248_2248},
    {0x2260, 0x2265, r_idx_2260_2265},
    {0x226A, 0x226B, r_idx_226A_226B},
    {0x2282, 0x2287, r_idx_2282_2287},
    {0x22A5, 0x22A5, r_idx_22A5_22A5},
    {0x22C2, 0x22C3, r_idx_22C2_22C3},
    {0x2300, 0x2302, r_idx_2300_2302},
    {0x2308, 0x230B, r_idx_2308_230B},
    {0x2310, 0x2310, r_idx_2310_2310},
    {0x2319, 0x2319, r_idx_2319_2319},
    {0x2320, 0x2321, r_idx_2320_2321},
    {0x239B, 0x23AF, r_idx_239B_23AF},
    {0x23BA, 0x23BD, r_idx_23BA_23BD},
    {0x23D0, 0x23D0, r_idx_23D0_23D0},
    {0x2409, 0x240D, r_idx_2409_240D},
    {0x2424, 0x2424, r_idx_2424_2424},
    {0x2500, 0x2503, r_idx_2500_2503},
    {0x2508, 0x254B, r_idx_2508_254B},
    {0x2550, 0x25A0, r_idx_2550_25A0},
    {0x25AC, 0x25CF, r_idx_25AC_25CF},
    {0x25D8, 0x25D9, r_idx_25D8_25D9},
    {0x263A, 0x2642, r_idx_263A_2642},
    {0x2660, 0x266B, r_idx_2660_266B},
    {0x2713, 0x2718, r_idx_2713_2718},
    {0x27E8, 0x27EB, r_idx_27E8_27EB},
    {0x2800, 0x28FF, r_idx_2800_28FF},
    {0x2E2C, 0x2E2C, r_idx_2E2C_2E2C},
    {0xE0A0, 0xE0A2, r_idx_E0A0_E0A2},
    {0xE0B0, 0xE0B3, r_idx_E0B0_E0B3},
    {0xF6BE, 0xF6BE, r_idx_F6BE_F6BE},
    {0xFFFD, 0xFFFD, r_idx_FFFD_FFFD},
};

static const uint16_t pal[] = {
    0x0000, 0x0104, 0x0020, 0x0004, 0x0100, 0x0080, 0x0084, 0x0030,
    0x00F8, 0x0088, 0x0050, 0x0010, 0x0124, 0x03FF, 0x0040, 0x01FC,
    0x0008, 0x0070, 0x0186, 0x00FC, 0x03E0, 0x0108, 0x0060, 0x01F8,
    0x001F, 0x0102, 0x0110, 0x0220, 0x03FE, 0x0200, 0x0078, 0x0120,
    0x0002, 0x00CC, 0x0180, 0x0044, 0x03F0, 0x018C, 0x003F, 0x0144,
    0x01F0, 0x0306, 0x0018, 0x0022, 0x00F0, 0x0300, 0x0140, 0x02AA,
    0x0024, 0x00C0, 0x0114, 0x0222, 0x00A8, 0x010C, 0x01FE, 0x03C0,
    0x03F8, 0x0122, 0x0184, 0x000C, 0x0112, 0x0366, 0x0318, 0x0082,
    0x0006, 0x0048, 0x007C, 0x0130, 0x0202, 0x003C, 0x01C0, 0x001C,
    0x0154, 0x01E2, 0x0210, 0x0336, 0x0042, 0x00D8, 0x0208, 0x0028,
    0x00A0, 0x00C6, 0x00FE, 0x013C, 0x014A, 0x023E, 0x0333, 0x0001,
    0x0132, 0x0155, 0x0198, 0x019E, 0x01E0, 0x023C, 0x03FC, 0x003E,
    0x0106, 0x01DC, 0x00E0, 0x01B0, 0x0380, 0x0003, 0x0014, 0x0066,
    0x007F, 0x00C4, 0x011C, 0x0150, 0x0330, 0x038E, 0x03E6, 0x0012,
    0x0038, 0x005F, 0x0090, 0x00F6, 0x0160, 0x01FF, 0x0204, 0x028A,
    0x02CD, 0x0326, 0x03D0, 0x03DE, 0x0007, 0x000E, 0x000F, 0x0033,
    0x0036, 0x007E, 0x00FF, 0x0118, 0x0148, 0x01B6, 0x0201, 0x0304,
    0x030C, 0x033C, 0x033E, 0x037B, 0x0387, 0x03DF, 0x0011, 0x008A,
    0x008C, 0x0098, 0x011E, 0x0126, 0x0178, 0x0188, 0x01AC, 0x01C6,
    0x01CE, 0x0272, 0x0292, 0x035A, 0x0376, 0x000A, 0x001E, 0x0021,
    0x00C2, 0x00CE, 0x00DC, 0x00FA, 0x010F, 0x018E, 0x01C8, 0x0224,
    0x0230, 0x0250, 0x0279, 0x0282, 0x0290, 0x02C1, 0x02DA, 0x02F2,
    0x02F8, 0x02F9, 0x0315, 0x031F, 0x03CF, 0x03E2, 0x0026, 0x002A,
    0x0032, 0x004E, 0x0052, 0x0058, 0x0062, 0x006C, 0x0072, 0x008E,
    0x00B0, 0x00BC, 0x00E4, 0x00E6, 0x00F4, 0x00FD, 0x011A, 0x0128,
    0x012A, 0x012C, 0x0136, 0x014C, 0x0168, 0x0174, 0x0177, 0x0190,
    0x0194, 0x019C, 0x01A0, 0x01A4, 0x01BC, 0x01C2, 0x01C4, 0x01CC,
    0x01D8, 0x01DE, 0x01E4, 0x01E6, 0x01E8, 0x01EE, 0x01F3, 0x01F4,
    0x01F6, 0x020C, 0x020E, 0x0212, 0x0217, 0x0237, 0x0238, 0x0254,
    0x0255, 0x0277, 0x0280, 0x02D9, 0x02FA, 0x02FC, 0x0303, 0x031C,
    0x033F, 0x0370, 0x0382, 0x0390, 0x0398, 0x03A0, 0x03A2, 0x03C6,
    0x03CC, 0x03E4,
};

const FontFace terminus10x20_regular = {
    .ranges      = r_ranges,
    .pool        = r_pool,
    .palette     = pal,
    .num_ranges  = 86,
    .pool_bytes  = 13336,
    .palette_len = 250,
    .smear_left  = 0,
};

#if FONT_BOLD_ENABLED

static const uint8_t b_pool[] = {
    0x04, 0x0C, 0x0B, 0xD7, 0xCB, 0xD8, 0x2A, 0x07, 0x07, 0x16, 0x16, 0x31, 0xA2, 0xD0, 0xD1, 0x03,
    0x0D, 0x0C, 0x2C, 0x5A, 0x5A, 0x5A, 0x2C, 0x16, 0xC3, 0x85, 0xEF, 0x88, 0x88, 0x5B, 0x73, 0x06,
    0x07, 0x06, 0x25, 0x4D, 0x11, 0x1C, 0x11, 0x4D, 0x25, 0x04, 0x0C, 0x80, 0x3B, 0x80, 0x2A, 0x80,
    0x07, 0x80, 0x16, 0x80, 0x31, 0x80, 0x22, 0x03, 0x0D, 0x03, 0x0F, 0x29, 0x29, 0x8A, 0x83, 0x3D,
    0x03, 0x8A, 0x2D, 0x2D, 0x36, 0x03, 0x0D, 0x06, 0x13, 0x12, 0x12, 0x22, 0x22, 0x22, 0x5B, 0x83,
    0x12, 0x00, 0x13, 0x03, 0x0D, 0x00, 0x9E, 0x86, 0x3B, 0x81, 0x25, 0x00, 0x08, 0x03, 0x0D, 0x05,
    0x44, 0x29, 0x6D, 0x7B, 0x9C, 0x79, 0x85, 0x29, 0x03, 0x0F, 0x00, 0x13, 0x88, 0x12, 0x03, 0x5B,
    0x13, 0x3B, 0x40, 0x03, 0x0D, 0x00, 0x0F, 0x83, 0x12, 0x06, 0x0F, 0x5C, 0x63, 0x5A, 0x25, 0x12,
    0x12, 0x03, 0x0D, 0x83, 0x12, 0x82, 0x21, 0x80, 0x1E, 0x80, 0x07, 0x03, 0x0D, 0x85, 0x29, 0x05,
    0x79, 0x9C, 0x7B, 0x6D, 0x29, 0x44, 0x03, 0x0D, 0x81, 0x12, 0x06, 0x21, 0x21, 0x1E, 0x07, 0x1E,
    0x21, 0x21, 0x81, 0x12, 0x03, 0x0D, 0x81, 0x12, 0x81, 0x21, 0x00, 0x1E, 0x84, 0x07, 0x04, 0x0C,
    0x80, 0x22, 0x80, 0x31, 0x80, 0x16, 0x80, 0x07, 0x80, 0x2A, 0x80, 0x3B, 0x03, 0x0D, 0x82, 0x16,
    0x00, 0x17, 0x85, 0x16, 0x00, 0x45, 0x07, 0x09, 0x81, 0x12, 0x81, 0x21, 0x02, 0x1E, 0x07, 0x07,
    0x05, 0x0A, 0x02, 0x29, 0x25, 0x08, 0x82, 0x25, 0x02, 0x08, 0x25, 0x29, 0x03, 0x0D, 0x80, 0x12,
    0x81, 0x21, 0x07, 0x1E, 0x1E, 0x07, 0x13, 0x07, 0x13, 0x07, 0x07, 0x05, 0x0A, 0x09, 0x13, 0x19,
    0xAA, 0x78, 0xAD, 0xAD, 0x78, 0xAA, 0x19, 0x13, 0x01, 0x09, 0x08, 0x08, 0x3B, 0x13, 0x25, 0x25,
    0x25, 0x13, 0x00, 0x0F, 0x05, 0x0A, 0x09, 0x13, 0x19, 0xB1, 0x78, 0x78, 0xB1, 0xEB, 0x78, 0x19,
    0x13, 0x07, 0x0C, 0x85, 0x12, 0x01, 0xA5, 0xE0, 0x81, 0x22, 0x01, 0x09, 0x00, 0x08, 0x83, 0x25,
    0x02, 0x08, 0x00, 0x0F, 0x02, 0x0F, 0x0E, 0x31, 0x46, 0x31, 0xA0, 0x51, 0x21, 0x2A, 0x07, 0x67,
    0xA1, 0x5B, 0x4B, 0x55, 0x40, 0x40, 0x02, 0x0F, 0x0E, 0x31, 0x46, 0x31, 0xA0, 0x51, 0x21, 0x2A,
    0x07, 0x16, 0xA2, 0x85, 0x29, 0xE1, 0x2A, 0x5F, 0x02, 0x0F, 0x0E, 0x37, 0x16, 0x46, 0xBC, 0x67,
    0xF8, 0x2A, 0x07, 0x67, 0xA1, 0x5B, 0x4B, 0x55, 0x40, 0x40, 0x03, 0x0D, 0x00, 0x75, 0x83, 0x3E,
    0x00, 0x0D, 0x83, 0x3E, 0x00, 0xB3, 0x00, 0x10, 0x02, 0x2A, 0x07, 0x00, 0x81, 0x12, 0x81, 0x21,
    0x00, 0x1E, 0x84, 0x07, 0x03, 0x0D, 0x05, 0x08, 0x25, 0x25, 0x25, 0x95, 0x0F, 0x83, 0x12, 0x01,
    0x97, 0xD4, 0x07, 0x09, 0x08, 0xDD, 0x7F, 0x7F, 0xDE, 0xF0, 0x6C, 0x6C, 0x56, 0xD9, 0x03, 0x0D,
    0x04, 0x4D, 0x2C, 0x63, 0x2A, 0x13, 0x85, 0x12, 0x00, 0x13, 0x07, 0x09, 0x08, 0xC5, 0x12, 0xA5,
    0x5B, 0x85, 0xDB, 0x97, 0x12, 0xED, 0x00, 0x10, 0x09, 0x1E, 0x21, 0x00, 0x13, 0x12, 0x12, 0x22,
    0x22, 0x22, 0x5B, 0x83, 0x12, 0x00, 0x13, 0x00, 0x10, 0x09, 0x21, 0x1E, 0x00, 0x13, 0x12, 0x12,
    0x22, 0x22, 0x22, 0x5B, 0x83, 0x12, 0x00, 0x13, 0x00, 0x10, 0x09, 0x07, 0x07, 0x00, 0x13, 0x12,
    0x12, 0x22, 0x22, 0x22, 0x5B, 0x83, 0x12, 0x00, 0x13, 0x03, 0x11, 0x06, 0x13, 0x12, 0x12, 0x22,
    0x22, 0x22, 0x5B, 0x83, 0x12, 0x04, 0x13, 0x00, 0x07, 0x07, 0x16, 0x03, 0x10, 0x04, 0x12, 0x12,
    0x00, 0x00, 0x6D, 0x85, 0x12, 0x03, 0xF7, 0x80, 0x80, 0x47, 0x03, 0x0D, 0x00, 0x11, 0x82, 0x07,
    0x80, 0x7F, 0x83, 0x07, 0x00, 0x1E, 0x03, 0x0D, 0x00, 0x75, 0x83, 0x3E, 0x00, 0xB3, 0x83, 0x3E,
    0x00, 0x75, 0x00, 0x10, 0x03, 0x2A, 0x07, 0x00, 0x0F, 0x83, 0x12, 0x06, 0x0F, 0x5C, 0x63, 0x5A,
    0x25, 0x12, 0x12, 0x03, 0x11, 0x00, 0x0F, 0x83, 0x12, 0x0A, 0x0F, 0x5C, 0x63, 0x5A, 0x25, 0x12,
    0x12, 0x00, 0x07, 0x07, 0x16, 0x00, 0x10, 0x03, 0x21, 0x1E, 0x00, 0x0F, 0x83, 0x12, 0x06, 0x0F,
    0x5C, 0x63, 0x5A, 0x25, 0x12, 0x12, 0x03, 0x10, 0x82, 0x16, 0x00, 0x17, 0x85, 0x16, 0x03, 0x45,
    0x2A, 0x2A, 0x07, 0x00, 0x10, 0x02, 0x5A, 0x2C, 0x00, 0x82, 0x16, 0x00, 0x17, 0x85, 0x16, 0x00,
    0x45, 0x03, 0x0D, 0x82, 0x16, 0x02, 0x17, 0x16, 0x2C, 0x83, 0x16, 0x00, 0x45, 0x00, 0x10, 0x02,
    0x1E, 0x21, 0x00, 0x85, 0x29, 0x05, 0x79, 0x9C, 0x7B, 0x6D, 0x29, 0x44, 0x00, 0x10, 0x02, 0x1E,
    0x21, 0x00, 0x81, 0x12, 0x81, 0x21, 0x00, 0x1E, 0x84, 0x07, 0x00, 0x10, 0x02, 0x21, 0x21, 0x00,
    0x81, 0x12, 0x81, 0x21, 0x00, 0x1E, 0x84, 0x07, 0x03, 0x0D, 0x04, 0x24, 0x31, 0x31, 0x31, 0x13,
    0x85, 0x51, 0x00, 0x21, 0x03, 0x0D, 0x05, 0x2C, 0x63, 0x6C, 0x6C, 0x6C, 0x8A, 0x84, 0x56, 0x00,
    0x55, 0x03, 0x0F, 0x01, 0x42, 0x21, 0x88, 0x25, 0x02, 0x1C, 0x29, 0x29, 0x03, 0x0D, 0x04, 0x64,
    0x64, 0x22, 0x22, 0x0F, 0x85, 0x12, 0x00, 0x0F, 0x03, 0x0D, 0x82, 0x29, 0x00, 0x6E, 0x85, 0x4B,
    0x00, 0x6E, 0x03, 0x0D, 0x00, 0x89, 0x83, 0x3D, 0x00, 0x6E, 0x83, 0x3D, 0x00, 0x89, 0x03, 0x0D,
    0x00, 0x52, 0x83, 0x12, 0x06, 0x52, 0x9E, 0x80, 0x67, 0x51, 0x12, 0x12, 0x03, 0x0D, 0x04, 0x08,
    0x22, 0x22, 0x22, 0x0F, 0x85, 0x12, 0x00, 0x0F, 0x03, 0x0D, 0x05, 0x08, 0x25, 0x25, 0x25, 0x95,
    0x0F, 0x84, 0x12, 0x00, 0x0F, 0x07, 0x09, 0x04, 0x19, 0x12, 0x98, 0x36, 0x85, 0x82, 0x12, 0x07,
    0x09, 0x81, 0x29, 0x00, 0x6E, 0x82, 0x4B, 0x00, 0x6E, 0x07, 0x09, 0x81, 0x22, 0x00, 0x17, 0x82,
    0x25, 0x00, 0x17, 0x07, 0x09, 0x08, 0x89, 0x3D, 0x3D, 0x3D, 0x6E, 0x3D, 0x3D, 0x3D, 0x89, 0x07,
    0x09, 0x08, 0x52, 0x12, 0x12, 0x12, 0x52, 0x80, 0x67, 0x51, 0x12, 0x07, 0x09, 0x03, 0x2C, 0x63,
    0x6C, 0x8A, 0x82, 0x56, 0x00, 0x55,
};

static const uint16_t b_idx_0020_007E[] = {
    0xFFFF, 0xFFFF, 0xFFFF, 0xFFFF, 0xFFFF, 0x0000, 0x000F, 0xFFFF,
    0xFFFF, 0xFFFF, 0x001F, 0xFFFF, 0xFFFF, 0xFFFF, 0xFFFF, 0x0029,
    0xFFFF, 0xFFFF, 0xFFFF, 0xFFFF, 0xFFFF, 0xFFFF, 0xFFFF, 0xFFFF,
    0xFFFF, 0xFFFF, 0xFFFF, 0xFFFF, 0xFFFF, 0xFFFF, 0xFFFF, 0xFFFF,
    0x0037, 0xFFFF, 0xFFFF, 0xFFFF, 0xFFFF, 0xFFFF, 0xFFFF, 0x0045,
    0xFFFF, 0xFFFF, 0x0053, 0xFFFF, 0xFFFF, 0x005D, 0xFFFF, 0xFFFF,
    0xFFFF, 0x0068, 0x0073, 0xFFFF, 0xFFFF, 0xFFFF, 0x0081, 0x008B,
    0x0096, 0x00A4, 0xFFFF, 0xFFFF, 0x00AE, 0xFFFF, 0xFFFF, 0xFFFF,
    0xFFFF, 0xFFFF, 0xFFFF, 0xFFFF, 0xFFFF, 0xFFFF, 0xFFFF, 0xFFFF,
    0xFFFF, 0xFFFF, 0xFFFF, 0xFFFF, 0xFFFF, 0xFFFF, 0xFFFF, 0xFFFF,
    0xFFFF, 0xFFFF, 0xFFFF, 0xFFFF, 0x00BC, 0xFFFF, 0x00C6, 0xFFFF,
    0xFFFF, 0xFFFF, 0xFFFF, 0xFFFF, 0xFFFF, 0xFFFF, 0xFFFF,
};

static const uint16_t b_idx_00A0_017F[] = {
    0xFFFF, 0xFFFF, 0xFFFF, 0xFFFF, 0x00D0, 0x00DC, 0xFFFF, 0xFFFF,
    0xFFFF, 0x00EB, 0x00F8, 0xFFFF, 0xFFFF, 0xFFFF, 0x0104, 0xFFFF,
    0xFFFF, 0xFFFF, 0xFFFF, 0xFFFF, 0xFFFF, 0x0111, 0xFFFF, 0xFFFF,
    0xFFFF, 0xFFFF, 0x011A, 0xFFFF, 0x0124, 0x0136, 0x0148, 0xFFFF,
    0xFFFF, 0xFFFF, 0xFFFF, 0xFFFF, 0xFFFF, 0xFFFF, 0x015A, 0xFFFF,
    0xFFFF, 0xFFFF, 0xFFFF, 0xFFFF, 0xFFFF, 0xFFFF, 0xFFFF, 0xFFFF,
    0xFFFF, 0xFFFF, 0xFFFF, 0xFFFF, 0xFFFF, 0xFFFF, 0xFFFF, 0xFFFF,
    0xFFFF, 0xFFFF, 0xFFFF, 0xFFFF, 0xFFFF, 0x0166, 0xFFFF, 0x0174,
    0xFFFF, 0xFFFF, 0xFFFF, 0xFFFF, 0xFFFF, 0xFFFF, 0x0182, 0xFFFF,
    0xFFFF, 0xFFFF, 0xFFFF, 0xFFFF, 0xFFFF, 0xFFFF, 0xFFFF, 0xFFFF,
    0x018E, 0xFFFF, 0xFFFF, 0xFFFF, 0xFFFF, 0xFFFF, 0xFFFF, 0xFFFF,
    0x019A, 0xFFFF, 0xFFFF, 0xFFFF, 0xFFFF, 0xFFFF, 0xFFFF, 0xFFFF,
    0xFFFF, 0xFFFF, 0xFFFF, 0xFFFF, 0xFFFF, 0xFFFF, 0xFFFF, 0xFFFF,
    0xFFFF, 0xFFFF, 0xFFFF, 0xFFFF, 0xFFFF, 0xFFFF, 0xFFFF, 0xFFFF,
    0xFFFF, 0xFFFF, 0xFFFF, 0xFFFF, 0xFFFF, 0xFFFF, 0xFFFF, 0xFFFF,
    0xFFFF, 0xFFFF, 0xFFFF, 0xFFFF, 0x01A6, 0xFFFF, 0x01B7, 0xFFFF,
    0x01C8, 0xFFFF, 0x01D9, 0xFFFF, 0xFFFF, 0xFFFF, 0xFFFF, 0xFFFF,
    0xFFFF, 0xFFFF, 0xFFFF, 0xFFFF, 0xFFFF, 0xFFFF, 0xFFFF, 0xFFFF,
    0xFFFF, 0xFFFF, 0xFFFF, 0x01EB, 0xFFFF, 0xFFFF, 0xFFFF, 0xFFFF,
    0xFFFF, 0xFFFF, 0xFFFF, 0xFFFF, 0xFFFF, 0xFFFF, 0xFFFF, 0xFFFF,
    0x01FA, 0xFFFF, 0xFFFF, 0xFFFF, 0xFFFF, 0xFFFF, 0xFFFF, 0xFFFF,
    0xFFFF, 0xFFFF, 0xFFFF, 0xFFFF, 0xFFFF, 0xFFFF, 0xFFFF, 0xFFFF,
    0xFFFF, 0xFFFF, 0x0206, 0xFFFF, 0x0212, 0xFFFF, 0x0223, 0xFFFF,
    0x0235, 0xFFFF, 0xFFFF, 0xFFFF, 0xFFFF, 0xFFFF, 0xFFFF, 0xFFFF,
    0xFFFF, 0xFFFF, 0xFFFF, 0x0246, 0xFFFF, 0x0253, 0xFFFF, 0x0261,
    0xFFFF, 0xFFFF, 0xFFFF, 0xFFFF, 0xFFFF, 0xFFFF, 0xFFFF, 0xFFFF,
    0xFFFF, 0xFFFF, 0xFFFF, 0xFFFF, 0x026D, 0xFFFF, 0x027C, 0xFFFF,
    0x028A, 0xFFFF, 0xFFFF, 0xFFFF, 0xFFFF, 0xFFFF, 0xFFFF, 0xFFFF,
};

static const uint16_t b_idx_0400_045F[] = {
    0xFFFF, 0xFFFF, 0x0298, 0xFFFF, 0xFFFF, 0xFFFF, 0xFFFF, 0xFFFF,
    0x0053, 0x02A4, 0xFFFF, 0xFFFF, 0xFFFF, 0xFFFF, 0xFFFF, 0xFFFF,
    0xFFFF, 0xFFFF, 0xFFFF, 0xFFFF, 0x02B1, 0xFFFF, 0xFFFF, 0xFFFF,
    0xFFFF, 0xFFFF, 0xFFFF, 0xFFFF, 0x005D, 0xFFFF, 0xFFFF, 0xFFFF,
    0xFFFF, 0xFFFF, 0xFFFF, 0xFFFF, 0xFFFF, 0x0096, 0xFFFF, 0xFFFF,
    0xFFFF, 0xFFFF, 0x02BC, 0x02C8, 0xFFFF, 0xFFFF, 0x02D2, 0x02DE,
    0xFFFF, 0x02EC, 0x02F8, 0xFFFF, 0xFFFF, 0xFFFF, 0xFFFF, 0xFFFF,
    0xFFFF, 0xFFFF, 0xFFFF, 0xFFFF, 0x0305, 0xFFFF, 0xFFFF, 0xFFFF,
    0xFFFF, 0xFFFF, 0xFFFF, 0xFFFF, 0xFFFF, 0xFFFF, 0xFFFF, 0xFFFF,
    0xFFFF, 0xFFFF, 0xFFFF, 0x030F, 0x0319, 0xFFFF, 0x0323, 0x032F,
    0xFFFF, 0xFFFF, 0xFFFF, 0xFFFF, 0xFFFF, 0xFFFF, 0xFFFF, 0xFFFF,
    0xFFFF, 0x033B, 0xFFFF, 0xFFFF, 0xFFFF, 0xFFFF, 0xFFFF, 0xFFFF,
};

static const FontRange b_ranges[] = {
    {0x0020, 0x007E, b_idx_0020_007E},
    {0x00A0, 0x017F, b_idx_00A0_017F},
    {0x0400, 0x045F, b_idx_0400_045F},
};

const FontFace terminus10x20_bold = {
    .ranges      = b_ranges,
    .pool        = b_pool,
    .palette     = pal,
    .num_ranges  = 3,
    .pool_bytes  = 838,
    .palette_len = 250,
    .smear_left  = 0,
};

#endif /* FONT_BOLD_ENABLED */

#endif /* FONT_RT_10X20 */
