/*
 * 12x24 Terminus glyph tables — compressed format v1 (spec in
 * terminus_font.h, encoder in tools/gen_terminus.py).
 *
 * Derived from the Terminus Font 4.49.1 (ter-u24n.bdf + ter-u24b.bdf).
 * Copyright (c) 2020 Dimitar Zhekov <dimitar.zhekov@gmail.com>,
 * with Reserved Font Name "Terminus Font".
 * Licensed under the SIL Open Font License, Version 1.1 — full text in
 * components/font/LICENSE. This file is NOT covered by the repository's
 * MIT license.
 *
 * GENERATED file, but COMMITTED: regenerate with
 *     python tools/gen_terminus.py 12x24
 * instead of editing by hand.
 *
 * Size stats:
 *   regular  1356 glyphs (+114 range-gap cps -> '?') in 86 ranges
 *            pool 14929 B / 1216 unique records = 12.3 B/record (11.0 B/glyph vs 48 B flat)
 *            idx 2940 B, range dir 688 B
 *   palette  255 rows, 510 B (shared regular/bold)
 *   bold     415 cps in 3 ranges: 359 smear-synthesized, 56 stored (55 unique records)
 *            pool 847 B, idx 830 B, range dir 24 B
 *   total    20768 B   (flat row tables: 91096 B -> -77.2%)
 */
#include "terminus_font.h"

#if FONT_RT_12X24

static const uint8_t r_pool[] = {
    0x04, 0x0F, 0x00, 0xB5, 0x81, 0x02, 0x80, 0x00, 0x81, 0x02, 0x80, 0x00, 0x81, 0x02, 0x00, 0xB5,
    0x00, 0x00, 0x04, 0x0F, 0x88, 0x01, 0x80, 0x00, 0x81, 0x01, 0x02, 0x05, 0x83, 0x0B, 0x04, 0x0F,
    0x82, 0x0B, 0x00, 0x11, 0x83, 0x0B, 0x00, 0x11, 0x82, 0x0B, 0x03, 0x11, 0x10, 0x01, 0x01, 0x09,
    0x24, 0x0C, 0x23, 0x23, 0x50, 0x09, 0x82, 0x29, 0x29, 0x0C, 0x24, 0x09, 0x01, 0x01, 0x05, 0x0E,
    0x0D, 0xA8, 0xEB, 0xEC, 0xE3, 0x0F, 0x0F, 0x01, 0x01, 0x0E, 0x0E, 0xDB, 0xFF, 0x24, 0x01, 0xC4,
    0xFF, 0x18, 0x02, 0x04, 0x0F, 0x00, 0x76, 0x82, 0x43, 0x09, 0xA3, 0x1B, 0x6E, 0xC4, 0x48, 0x13,
    0x13, 0x13, 0xFF, 0x14, 0x02, 0xFF, 0xE4, 0x01, 0x02, 0x05, 0x83, 0x01, 0x04, 0x0F, 0x03, 0x10,
    0x0F, 0x01, 0x01, 0x85, 0x0E, 0x03, 0x01, 0x01, 0x0F, 0x10, 0x04, 0x0F, 0x03, 0x0E, 0x01, 0x0F,
    0x0F, 0x85, 0x10, 0x03, 0x0F, 0x0F, 0x01, 0x0E, 0x07, 0x09, 0x08, 0x03, 0x0B, 0x17, 0x01, 0x11,
    0x01, 0x17, 0x0B, 0x03, 0x07, 0x09, 0x82, 0x01, 0x00, 0x11, 0x82, 0x01, 0x0F, 0x05, 0x82, 0x01,
    0x00, 0x0E, 0x0B, 0x01, 0x00, 0x11, 0x10, 0x03, 0x81, 0x01, 0x05, 0x0E, 0x80, 0x04, 0x80, 0x10,
    0x80, 0x0F, 0x80, 0x01, 0x80, 0x0E, 0x80, 0x16, 0x80, 0x05, 0x04, 0x0F, 0x0E, 0x09, 0x03, 0x02,
    0x02, 0x4B, 0x48, 0x40, 0x0C, 0x41, 0x30, 0x4D, 0x02, 0x02, 0x03, 0x09, 0x04, 0x0F, 0x03, 0x01,
    0x1B, 0x6E, 0x50, 0x88, 0x01, 0x00, 0x18, 0x04, 0x0F, 0x0E, 0x09, 0x03, 0x02, 0x02, 0x02, 0x08,
    0x04, 0x10, 0x0F, 0x01, 0x0E, 0x16, 0x05, 0x06, 0x11, 0x04, 0x0F, 0x0E, 0x09, 0x03, 0x02, 0x08,
    0x08, 0x08, 0x04, 0x1F, 0x04, 0x08, 0x08, 0x08, 0x02, 0x03, 0x09, 0x04, 0x0F, 0x0B, 0x08, 0x60,
    0x72, 0x96, 0x29, 0x52, 0x3D, 0x12, 0x02, 0x02, 0x02, 0x11, 0x81, 0x08, 0x04, 0x0F, 0x00, 0x11,
    0x83, 0x06, 0x01, 0x19, 0x04, 0x82, 0x08, 0x02, 0x02, 0x03, 0x09, 0x04, 0x0F, 0x01, 0x25, 0x05,
    0x82, 0x06, 0x01, 0x19, 0x13, 0x83, 0x02, 0x01, 0x03, 0x09, 0x04, 0x0F, 0x09, 0x11, 0x02, 0x02,
    0x08, 0x04, 0x04, 0x10, 0x10, 0x0F, 0x0F, 0x83, 0x01, 0x04, 0x0F, 0x01, 0x09, 0x03, 0x82, 0x02,
    0x02, 0x03, 0x09, 0x03, 0x82, 0x02, 0x01, 0x03, 0x09, 0x04, 0x0F, 0x01, 0x09, 0x03, 0x83, 0x02,
    0x01, 0x12, 0x1E, 0x82, 0x08, 0x01, 0x04, 0x2A, 0x08, 0x0A, 0x81, 0x01, 0x82, 0x00, 0x81, 0x01,
    0x08, 0x0C, 0x81, 0x01, 0x82, 0x00, 0x82, 0x01, 0x00, 0x0E, 0x04, 0x0F, 0x0E, 0x08, 0x04, 0x10,
    0x0F, 0x01, 0x0E, 0x16, 0x05, 0x16, 0x0E, 0x01, 0x0F, 0x10, 0x04, 0x08, 0x09, 0x06, 0x00, 0x11,
    0x82, 0x00, 0x00, 0x11, 0x04, 0x0F, 0x0E, 0x05, 0x16, 0x0E, 0x01, 0x0F, 0x10, 0x04, 0x08, 0x04,
    0x10, 0x0F, 0x01, 0x0E, 0x16, 0x05, 0x04, 0x0F, 0x0B, 0x09, 0x03, 0x02, 0x02, 0x02, 0x04, 0x10,
    0x0F, 0x01, 0x01, 0x00, 0x00, 0x81, 0x01, 0x04, 0x0F, 0x04, 0x25, 0x12, 0x1C, 0xAD, 0x4C, 0x83,
    0x88, 0x04, 0xC6, 0xFF, 0x3A, 0x04, 0x06, 0x05, 0x77, 0x04, 0x0F, 0x01, 0x09, 0x03, 0x84, 0x02,
    0x00, 0x11, 0x84, 0x02, 0x04, 0x0F, 0x07, 0x19, 0x13, 0x02, 0x02, 0x02, 0x13, 0x19, 0x13, 0x83,
    0x02, 0x01, 0x13, 0x19, 0x04, 0x0F, 0x03, 0x09, 0x03, 0x02, 0x02, 0x85, 0x06, 0x03, 0x02, 0x02,
    0x03, 0x09, 0x04, 0x0F, 0x01, 0x19, 0x13, 0x89, 0x02, 0x01, 0x13, 0x19, 0x04, 0x0F, 0x00, 0x11,
    0x84, 0x06, 0x00, 0x19, 0x84, 0x06, 0x00, 0x11, 0x04, 0x0F, 0x00, 0x11, 0x84, 0x06, 0x00, 0x19,
    0x85, 0x06, 0x04, 0x0F, 0x07, 0x09, 0x03, 0x02, 0x02, 0x06, 0x06, 0x06, 0x62, 0x83, 0x02, 0x01,
    0x03, 0x09, 0x04, 0x0F, 0x85, 0x02, 0x00, 0x11, 0x85, 0x02, 0x04, 0x0F, 0x00, 0x09, 0x8B, 0x01,
    0x00, 0x09, 0x04, 0x0F, 0x00, 0xD7, 0x87, 0x04, 0x81, 0x13, 0x01, 0x43, 0x76, 0x04, 0x0F, 0x0E,
    0x02, 0x13, 0x21, 0x44, 0x23, 0x3F, 0x38, 0x31, 0x38, 0x3F, 0x23, 0x44, 0x21, 0x13, 0x02, 0x04,
    0x0F, 0x8C, 0x06, 0x00, 0x11, 0x04, 0x0F, 0x06, 0x1C, 0x20, 0x4E, 0x4E, 0x51, 0x6B, 0x6B, 0x86,
    0x1C, 0x04, 0x0F, 0x82, 0x02, 0x06, 0x4D, 0x30, 0x41, 0x0C, 0x40, 0x48, 0x4B, 0x82, 0x02, 0x04,
    0x0F, 0x01, 0x09, 0x03, 0x89, 0x02, 0x01, 0x03, 0x09, 0x04, 0x0F, 0x01, 0x19, 0x13, 0x82, 0x02,
    0x01, 0x13, 0x19, 0x85, 0x06, 0x04, 0x11, 0x01, 0x09, 0x03, 0x88, 0x02, 0x04, 0x0C, 0xE2, 0x09,
    0x04, 0x08, 0x04, 0x0F, 0x01, 0x19, 0x13, 0x82, 0x02, 0x08, 0x13, 0x19, 0x38, 0x3F, 0x23, 0x44,
    0x21, 0x13, 0x02, 0x04, 0x0F, 0x0E, 0x09, 0x03, 0x02, 0x06, 0x06, 0x06, 0x05, 0x09, 0x04, 0x08,
    0x08, 0x08, 0x02, 0x03, 0x09, 0x04, 0x0F, 0x00, 0x11, 0x8C, 0x01, 0x04, 0x0F, 0x8B, 0x02, 0x01,
    0x03, 0x09, 0x04, 0x0F, 0x82, 0x02, 0x81, 0x03, 0x81, 0x0B, 0x81, 0x17, 0x80, 0x01, 0x04, 0x0F,
    0x86, 0x1C, 0x06, 0x6B, 0x6B, 0x51, 0x4E, 0x4E, 0x20, 0x1C, 0x04, 0x0F, 0x0E, 0x02, 0x02, 0x03,
    0x03, 0x0B, 0x0B, 0x17, 0x01, 0x17, 0x0B, 0x0B, 0x03, 0x03, 0x02, 0x02, 0x04, 0x0F, 0x80, 0x02,
    0x80, 0x03, 0x80, 0x0B, 0x80, 0x17, 0x85, 0x01, 0x04, 0x0F, 0x0E, 0x11, 0x08, 0x08, 0x08, 0x04,
    0x10, 0x0F, 0x01, 0x0E, 0x16, 0x05, 0x06, 0x06, 0x06, 0x11, 0x04, 0x0F, 0x00, 0x1F, 0x8B, 0x0E,
    0x00, 0x1F, 0x05, 0x0E, 0x80, 0x05, 0x80, 0x16, 0x80, 0x0E, 0x80, 0x01, 0x80, 0x0F, 0x80, 0x10,
    0x80, 0x04, 0x04, 0x0F, 0x00, 0x1F, 0x8B, 0x10, 0x00, 0x1F, 0x02, 0x05, 0x04, 0x01, 0x17, 0x0B,
    0x03, 0x02, 0x14, 0x01, 0x00, 0x11, 0x01, 0x03, 0x02, 0x16, 0x0E, 0x01, 0x08, 0x0B, 0x0A, 0x2A,
    0x04, 0x08, 0x08, 0x1E, 0x12, 0x02, 0x02, 0x02, 0x12, 0x1E, 0x04, 0x0F, 0x82, 0x06, 0x01, 0x19,
    0x13, 0x85, 0x02, 0x01, 0x13, 0x19, 0x08, 0x0B, 0x02, 0x09, 0x03, 0x02, 0x83, 0x06, 0x02, 0x02,
    0x03, 0x09, 0x04, 0x0F, 0x82, 0x08, 0x01, 0x1E, 0x12, 0x85, 0x02, 0x01, 0x12, 0x1E, 0x08, 0x0B,
    0x0A, 0x09, 0x03, 0x02, 0x02, 0x02, 0x11, 0x06, 0x06, 0x06, 0x12, 0x25, 0x04, 0x0F, 0x04, 0x6D,
    0x01, 0x01, 0x01, 0x18, 0x88, 0x01, 0x08, 0x0F, 0x01, 0x1E, 0x12, 0x85, 0x02, 0x05, 0x4F, 0x53,
    0x08, 0x08, 0x04, 0x2A, 0x04, 0x0F, 0x82, 0x06, 0x01, 0x19, 0x13, 0x87, 0x02, 0x04, 0x0F, 0x81,
    0x01, 0x01, 0x00, 0x3E, 0x87, 0x01, 0x00, 0x09, 0x04, 0x13, 0x81, 0x04, 0x01, 0x00, 0x56, 0x88,
    0x04, 0x03, 0x03, 0x03, 0x0B, 0x27, 0x04, 0x0F, 0x82, 0x05, 0x0A, 0x12, 0x03, 0x43, 0x35, 0x50,
    0x59, 0x50, 0x35, 0x43, 0x03, 0x12, 0x04, 0x0F, 0x00, 0x3E, 0x8B, 0x01, 0x00, 0x09, 0x08, 0x0B,
    0x01, 0x19, 0xAE, 0x87, 0x0C, 0x08, 0x0B, 0x01, 0x19, 0x13, 0x87, 0x02, 0x08, 0x0B, 0x01, 0x09,
    0x03, 0x85, 0x02, 0x01, 0x03, 0x09, 0x08, 0x0F, 0x01, 0x19, 0x13, 0x85, 0x02, 0x01, 0x13, 0x19,
    0x82, 0x06, 0x08, 0x0F, 0x01, 0x1E, 0x12, 0x85, 0x02, 0x01, 0x12, 0x1E, 0x82, 0x08, 0x08, 0x0B,
    0x03, 0x62, 0x3F, 0x38, 0x31, 0x85, 0x06, 0x08, 0x0B, 0x0A, 0x18, 0x02, 0x06, 0x06, 0x06, 0x18,
    0x08, 0x08, 0x08, 0x02, 0x18, 0x04, 0x0F, 0x82, 0x01, 0x00, 0x18, 0x87, 0x01, 0x00, 0x6D, 0x08,
    0x0B, 0x87, 0x02, 0x01, 0x12, 0x1E, 0x08, 0x0B, 0x81, 0x02, 0x80, 0x03, 0x80, 0x0B, 0x80, 0x17,
    0x80, 0x01, 0x08, 0x0B, 0x82, 0x02, 0x84, 0x0C, 0x00, 0x18, 0x08, 0x0B, 0x0A, 0x02, 0x02, 0x03,
    0x0B, 0x17, 0x01, 0x17, 0x0B, 0x03, 0x02, 0x02, 0x08, 0x0F, 0x87, 0x02, 0x05, 0x4F, 0x53, 0x08,
    0x08, 0x04, 0x2A, 0x08, 0x0B, 0x0A, 0x11, 0x08, 0x04, 0x10, 0x0F, 0x01, 0x0E, 0x16, 0x05, 0x06,
    0x11, 0x04, 0x0F, 0x01, 0x3C, 0x0F, 0x83, 0x01, 0x00, 0x33, 0x83, 0x01, 0x01, 0x0F, 0x3C, 0x04,
    0x0F, 0x8D, 0x01, 0x04, 0x0F, 0x01, 0x33, 0x01, 0x83, 0x0F, 0x00, 0x3C, 0x83, 0x0F, 0x01, 0x01,
    0x33, 0x02, 0x04, 0x03, 0xC5, 0x0C, 0x0C, 0xAB, 0x04, 0x0F, 0x81, 0x01, 0x80, 0x00, 0x88, 0x01,
    0x06, 0x0F, 0x04, 0x01, 0x01, 0x09, 0x24, 0x0C, 0x83, 0x23, 0x04, 0x0C, 0x24, 0x09, 0x01, 0x01,
    0x04, 0x0F, 0x02, 0x27, 0x0B, 0x03, 0x82, 0x05, 0x00, 0x66, 0x82, 0x05, 0x02, 0x12, 0x12, 0x11,
    0x06, 0x0C, 0x02, 0x1C, 0x12, 0x25, 0x84, 0x12, 0x02, 0x25, 0x12, 0x1C, 0x04, 0x0F, 0x0E, 0x02,
    0x02, 0x03, 0x03, 0x0B, 0x0B, 0x17, 0x01, 0x01, 0x18, 0x01, 0x01, 0x18, 0x01, 0x01, 0x04, 0x0F,
    0x84, 0x01, 0x81, 0x00, 0x84, 0x01, 0x03, 0x10, 0x05, 0x1F, 0x14, 0x16, 0x16, 0x27, 0x0B, 0x82,
    0x14, 0x05, 0x2D, 0x5F, 0x04, 0x04, 0x14, 0x1F, 0x00, 0x03, 0x81, 0x0B, 0x06, 0x0C, 0x0B, 0x25,
    0x12, 0xEE, 0x4E, 0x4E, 0xEF, 0xEF, 0x4E, 0x4E, 0xEE, 0x12, 0x25, 0x01, 0x0B, 0x03, 0x25, 0x08,
    0x08, 0x1E, 0x82, 0x12, 0x02, 0x1E, 0x00, 0x5A, 0x08, 0x0B, 0x0A, 0x65, 0x29, 0x2D, 0x0B, 0x35,
    0x23, 0x35, 0x0B, 0x2D, 0x29, 0x65, 0x09, 0x06, 0x00, 0x11, 0x83, 0x08, 0x0B, 0x01, 0x00, 0x18,
    0x06, 0x0C, 0x0B, 0x25, 0x12, 0xF4, 0x4E, 0x4E, 0x4E, 0xF4, 0xFF, 0x22, 0x05, 0xFF, 0x12, 0x05,
    0x4E, 0x12, 0x25, 0x01, 0x01, 0x00, 0x18, 0x02, 0x06, 0x00, 0x1F, 0x82, 0x14, 0x00, 0x1F, 0x07,
    0x0C, 0x82, 0x01, 0x00, 0x11, 0x82, 0x01, 0x02, 0x00, 0x00, 0x11, 0x02, 0x09, 0x08, 0x1F, 0x14,
    0x14, 0x04, 0x10, 0x0F, 0x01, 0x0E, 0x25, 0x02, 0x09, 0x08, 0x1F, 0x14, 0x04, 0x04, 0x5F, 0x04,
    0x04, 0x14, 0x1F, 0x00, 0x03, 0x02, 0x10, 0x0F, 0x01, 0x08, 0x0F, 0x86, 0x02, 0x02, 0x4B, 0x48,
    0xFF, 0xE4, 0x07, 0x82, 0x06, 0x04, 0x0F, 0x00, 0x5A, 0x84, 0x0C, 0x00, 0xFF, 0xC4, 0x03, 0x85,
    0x29, 0x0A, 0x03, 0x81, 0x01, 0x13, 0x04, 0x81, 0x01, 0x00, 0x0E, 0x02, 0x09, 0x02, 0x01, 0x1B,
    0x6E, 0x83, 0x01, 0x00, 0x09, 0x01, 0x0B, 0x01, 0x1F, 0x14, 0x83, 0x12, 0x03, 0x14, 0x1F, 0x00,
    0x5A, 0x08, 0x0B, 0x0A, 0x23, 0x35, 0x0B, 0x2D, 0x29, 0x65, 0x29, 0x2D, 0x0B, 0x35, 0x23, 0x03,
    0x11, 0x10, 0x0E, 0x33, 0x8D, 0x0E, 0x52, 0x2D, 0x0A, 0x0F, 0x01, 0x2D, 0xDB, 0xE2, 0xAE, 0x2D,
    0x6A, 0x04, 0x04, 0x03, 0x11, 0x10, 0x0E, 0x33, 0x8D, 0x0E, 0x52, 0x2D, 0x0A, 0x0F, 0x01, 0x0E,
    0xFF, 0x38, 0x01, 0x84, 0x0C, 0x04, 0x10, 0x0F, 0x61, 0x03, 0x11, 0x10, 0x3E, 0x35, 0x0F, 0x1B,
    0x0F, 0xC4, 0xFF, 0xC8, 0x01, 0x10, 0x0F, 0x82, 0xFF, 0x98, 0x00, 0xFF, 0x28, 0x01, 0x24, 0xEB,
    0x6A, 0x04, 0x04, 0x04, 0x0F, 0x81, 0x01, 0x0B, 0x00, 0x00, 0x01, 0x01, 0x0E, 0x16, 0x05, 0x02,
    0x02, 0x02, 0x03, 0x09, 0x00, 0x13, 0x05, 0x16, 0x0E, 0x01, 0x00, 0x09, 0x03, 0x84, 0x02, 0x00,
    0x11, 0x84, 0x02, 0x00, 0x13, 0x05, 0x10, 0x0F, 0x01, 0x00, 0x09, 0x03, 0x84, 0x02, 0x00, 0x11,
    0x84, 0x02, 0x00, 0x13, 0x05, 0x01, 0x17, 0x0B, 0x00, 0x09, 0x03, 0x84, 0x02, 0x00, 0x11, 0x84,
    0x02, 0x00, 0x13, 0x05, 0x57, 0x24, 0x54, 0x00, 0x09, 0x03, 0x84, 0x02, 0x00, 0x11, 0x84, 0x02,
    0x00, 0x13, 0x81, 0x0B, 0x02, 0x00, 0x09, 0x03, 0x84, 0x02, 0x00, 0x11, 0x84, 0x02, 0x00, 0x13,
    0x05, 0x27, 0x0B, 0x0B, 0x27, 0x09, 0x03, 0x84, 0x02, 0x00, 0x11, 0x84, 0x02, 0x04, 0x0F, 0x01,
    0x78, 0x23, 0x83, 0x22, 0x00, 0x37, 0x84, 0x22, 0x00, 0x8A, 0x04, 0x13, 0x03, 0x09, 0x03, 0x02,
    0x02, 0x85, 0x06, 0x07, 0x02, 0x02, 0x03, 0x09, 0x01, 0x01, 0x01, 0x0E, 0x00, 0x13, 0x04, 0x16,
    0x0E, 0x01, 0x00, 0x11, 0x84, 0x06, 0x00, 0x19, 0x84, 0x06, 0x00, 0x11, 0x00, 0x13, 0x04, 0x10,
    0x0F, 0x01, 0x00, 0x11, 0x84, 0x06, 0x00, 0x19, 0x84, 0x06, 0x00, 0x11, 0x00, 0x13, 0x04, 0x01,
    0x17, 0x0B, 0x00, 0x11, 0x84, 0x06, 0x00, 0x19, 0x84, 0x06, 0x00, 0x11, 0x00, 0x13, 0x81, 0x0B,
    0x01, 0x00, 0x11, 0x84, 0x06, 0x00, 0x19, 0x84, 0x06, 0x00, 0x11, 0x00, 0x13, 0x04, 0x16, 0x0E,
    0x01, 0x00, 0x09, 0x8B, 0x01, 0x00, 0x09, 0x00, 0x13, 0x04, 0x10, 0x0F, 0x01, 0x00, 0x09, 0x8B,
    0x01, 0x00, 0x09, 0x00, 0x13, 0x04, 0x01, 0x17, 0x0B, 0x00, 0x09, 0x8B, 0x01, 0x00, 0x09, 0x00,
    0x13, 0x81, 0x0B, 0x01, 0x00, 0x09, 0x8B, 0x01, 0x00, 0x09, 0x04, 0x0F, 0x01, 0x19, 0x13, 0x83,
    0x02, 0x00, 0xD3, 0x83, 0x02, 0x01, 0x13, 0x19, 0x00, 0x13, 0x03, 0x57, 0x24, 0x54, 0x00, 0x82,
    0x02, 0x06, 0x4D, 0x30, 0x41, 0x0C, 0x40, 0x48, 0x4B, 0x82, 0x02, 0x00, 0x13, 0x05, 0x16, 0x0E,
    0x01, 0x00, 0x09, 0x03, 0x89, 0x02, 0x01, 0x03, 0x09, 0x00, 0x13, 0x05, 0x10, 0x0F, 0x01, 0x00,
    0x09, 0x03, 0x89, 0x02, 0x01, 0x03, 0x09, 0x00, 0x13, 0x05, 0x01, 0x17, 0x0B, 0x00, 0x09, 0x03,
    0x89, 0x02, 0x01, 0x03, 0x09, 0x00, 0x13, 0x05, 0x57, 0x24, 0x54, 0x00, 0x09, 0x03, 0x89, 0x02,
    0x01, 0x03, 0x09, 0x00, 0x13, 0x81, 0x0B, 0x02, 0x00, 0x09, 0x03, 0x89, 0x02, 0x01, 0x03, 0x09,
    0x07, 0x09, 0x08, 0x02, 0x03, 0x0B, 0x17, 0x01, 0x17, 0x0B, 0x03, 0x02, 0x04, 0x0F, 0x0E, 0x09,
    0x03, 0x79, 0x02, 0x4B, 0x48, 0x40, 0x0C, 0x41, 0x30, 0x4D, 0x02, 0xCF, 0x03, 0x09, 0x00, 0x13,
    0x03, 0x16, 0x0E, 0x01, 0x00, 0x8B, 0x02, 0x01, 0x03, 0x09, 0x00, 0x13, 0x03, 0x10, 0x0F, 0x01,
    0x00, 0x8B, 0x02, 0x01, 0x03, 0x09, 0x00, 0x13, 0x03, 0x01, 0x17, 0x0B, 0x00, 0x8B, 0x02, 0x01,
    0x03, 0x09, 0x00, 0x13, 0x81, 0x0B, 0x00, 0x00, 0x8B, 0x02, 0x01, 0x03, 0x09, 0x00, 0x13, 0x0B,
    0x10, 0x0F, 0x01, 0x00, 0x02, 0x02, 0x03, 0x03, 0x0B, 0x0B, 0x17, 0x17, 0x85, 0x01, 0x04, 0x0F,
    0x81, 0x06, 0x01, 0x19, 0x13, 0x82, 0x02, 0x01, 0x13, 0x19, 0x82, 0x06, 0x04, 0x0F, 0x07, 0x86,
    0x21, 0x13, 0x13, 0x13, 0x21, 0x19, 0x13, 0x82, 0x02, 0x02, 0x4D, 0xC7, 0xFF, 0xF0, 0x04, 0x04,
    0x0F, 0x0E, 0x16, 0x0E, 0x01, 0x00, 0x2A, 0x04, 0x08, 0x08, 0x1E, 0x12, 0x02, 0x02, 0x02, 0x12,
    0x1E, 0x04, 0x0F, 0x0E, 0x10, 0x0F, 0x01, 0x00, 0x2A, 0x04, 0x08, 0x08, 0x1E, 0x12, 0x02, 0x02,
    0x02, 0x12, 0x1E, 0x04, 0x0F, 0x0E, 0x01, 0x17, 0x0B, 0x00, 0x2A, 0x04, 0x08, 0x08, 0x1E, 0x12,
    0x02, 0x02, 0x02, 0x12, 0x1E, 0x04, 0x0F, 0x0E, 0x57, 0x24, 0x54, 0x00, 0x2A, 0x04, 0x08, 0x08,
    0x1E, 0x12, 0x02, 0x02, 0x02, 0x12, 0x1E, 0x04, 0x0F, 0x81, 0x0B, 0x0B, 0x00, 0x2A, 0x04, 0x08,
    0x08, 0x1E, 0x12, 0x02, 0x02, 0x02, 0x12, 0x1E, 0x04, 0x0F, 0x0E, 0x27, 0x0B, 0x0B, 0x27, 0x2A,
    0x04, 0x08, 0x08, 0x1E, 0x12, 0x02, 0x02, 0x02, 0x12, 0x1E, 0x08, 0x0B, 0x0A, 0x89, 0x5C, 0x5C,
    0x5C, 0x6C, 0x8A, 0x22, 0x22, 0x22, 0x46, 0x89, 0x08, 0x0F, 0x02, 0x09, 0x03, 0x02, 0x83, 0x06,
    0x06, 0x02, 0x03, 0x09, 0x01, 0x01, 0x01, 0x0E, 0x04, 0x0F, 0x0E, 0x16, 0x0E, 0x01, 0x00, 0x09,
    0x03, 0x02, 0x02, 0x02, 0x11, 0x06, 0x06, 0x06, 0x12, 0x25, 0x04, 0x0F, 0x0E, 0x10, 0x0F, 0x01,
    0x00, 0x09, 0x03, 0x02, 0x02, 0x02, 0x11, 0x06, 0x06, 0x06, 0x12, 0x25, 0x04, 0x0F, 0x0E, 0x01,
    0x17, 0x0B, 0x00, 0x09, 0x03, 0x02, 0x02, 0x02, 0x11, 0x06, 0x06, 0x06, 0x12, 0x25, 0x04, 0x0F,
    0x81, 0x0B, 0x0B, 0x00, 0x09, 0x03, 0x02, 0x02, 0x02, 0x11, 0x06, 0x06, 0x06, 0x12, 0x25, 0x04,
    0x0F, 0x04, 0x16, 0x0E, 0x01, 0x00, 0x3E, 0x87, 0x01, 0x00, 0x09, 0x04, 0x0F, 0x04, 0x10, 0x0F,
    0x01, 0x00, 0x3E, 0x87, 0x01, 0x00, 0x09, 0x04, 0x0F, 0x04, 0x01, 0x17, 0x0B, 0x00, 0x3E, 0x87,
    0x01, 0x00, 0x09, 0x04, 0x0F, 0x81, 0x0B, 0x01, 0x00, 0x3E, 0x87, 0x01, 0x00, 0x09, 0x04, 0x0F,
    0x05, 0xFF, 0x60, 0x01, 0x0E, 0xE4, 0x0F, 0x09, 0x03, 0x85, 0x02, 0x01, 0x03, 0x09, 0x04, 0x0F,
    0x05, 0x57, 0x24, 0x54, 0x00, 0x19, 0x13, 0x87, 0x02, 0x04, 0x0F, 0x05, 0x16, 0x0E, 0x01, 0x00,
    0x09, 0x03, 0x85, 0x02, 0x01, 0x03, 0x09, 0x04, 0x0F, 0x05, 0x10, 0x0F, 0x01, 0x00, 0x09, 0x03,
    0x85, 0x02, 0x01, 0x03, 0x09, 0x04, 0x0F, 0x05, 0x01, 0x17, 0x0B, 0x00, 0x09, 0x03, 0x85, 0x02,
    0x01, 0x03, 0x09, 0x04, 0x0F, 0x05, 0x57, 0x24, 0x54, 0x00, 0x09, 0x03, 0x85, 0x02, 0x01, 0x03,
    0x09, 0x04, 0x0F, 0x81, 0x0B, 0x02, 0x00, 0x09, 0x03, 0x85, 0x02, 0x01, 0x03, 0x09, 0x06, 0x0B,
    0x81, 0x01, 0x04, 0x00, 0x00, 0x11, 0x00, 0x00, 0x81, 0x01, 0x08, 0x0B, 0x0A, 0xE0, 0x4F, 0x4B,
    0x48, 0x40, 0x0C, 0x41, 0x30, 0x4D, 0xB1, 0xFC, 0x04, 0x0F, 0x03, 0x16, 0x0E, 0x01, 0x00, 0x87,
    0x02, 0x01, 0x12, 0x1E, 0x04, 0x0F, 0x03, 0x10, 0x0F, 0x01, 0x00, 0x87, 0x02, 0x01, 0x12, 0x1E,
    0x04, 0x0F, 0x03, 0x01, 0x17, 0x0B, 0x00, 0x87, 0x02, 0x01, 0x12, 0x1E, 0x04, 0x0F, 0x81, 0x0B,
    0x00, 0x00, 0x87, 0x02, 0x01, 0x12, 0x1E, 0x04, 0x13, 0x03, 0x10, 0x0F, 0x01, 0x00, 0x87, 0x02,
    0x05, 0x4F, 0x53, 0x08, 0x08, 0x04, 0x2A, 0x04, 0x13, 0x82, 0x06, 0x01, 0x19, 0x13, 0x85, 0x02,
    0x01, 0x13, 0x19, 0x82, 0x06, 0x04, 0x13, 0x81, 0x0B, 0x00, 0x00, 0x87, 0x02, 0x05, 0x4F, 0x53,
    0x08, 0x08, 0x04, 0x2A, 0x01, 0x12, 0x04, 0x18, 0x00, 0x00, 0x09, 0x03, 0x84, 0x02, 0x00, 0x11,
    0x84, 0x02, 0x05, 0x0E, 0x0D, 0x18, 0x00, 0x00, 0x2A, 0x04, 0x08, 0x08, 0x1E, 0x12, 0x02, 0x02,
    0x02, 0x12, 0x1E, 0x00, 0x13, 0x05, 0x03, 0x03, 0x09, 0x00, 0x09, 0x03, 0x84, 0x02, 0x00, 0x11,
    0x84, 0x02, 0x04, 0x0F, 0x0E, 0x03, 0x03, 0x09, 0x00, 0x2A, 0x04, 0x08, 0x08, 0x1E, 0x12, 0x02,
    0x02, 0x02, 0x12, 0x1E, 0x04, 0x13, 0x01, 0x09, 0x03, 0x84, 0x02, 0x00, 0x11, 0x84, 0x02, 0x03,
    0x04, 0x10, 0x10, 0x81, 0x08, 0x0F, 0x0E, 0x2A, 0x04, 0x08, 0x08, 0x1E, 0x12, 0x02, 0x02, 0x02,
    0x12, 0x1E, 0x04, 0x10, 0x10, 0x81, 0x00, 0x13, 0x07, 0x10, 0x0F, 0x01, 0x00, 0x09, 0x03, 0x02,
    0x02, 0x85, 0x06, 0x03, 0x02, 0x02, 0x03, 0x09, 0x04, 0x0F, 0x06, 0x10, 0x0F, 0x01, 0x00, 0x09,
    0x03, 0x02, 0x83, 0x06, 0x02, 0x02, 0x03, 0x09, 0x00, 0x13, 0x07, 0x01, 0x17, 0x0B, 0x00, 0x09,
    0x03, 0x02, 0x02, 0x85, 0x06, 0x03, 0x02, 0x02, 0x03, 0x09, 0x04, 0x0F, 0x06, 0x01, 0x17, 0x0B,
    0x00, 0x09, 0x03, 0x02, 0x83, 0x06, 0x02, 0x02, 0x03, 0x09, 0x00, 0x13, 0x81, 0x01, 0x04, 0x00,
    0x09, 0x03, 0x02, 0x02, 0x85, 0x06, 0x03, 0x02, 0x02, 0x03, 0x09, 0x04, 0x0F, 0x81, 0x01, 0x03,
    0x00, 0x09, 0x03, 0x02, 0x83, 0x06, 0x02, 0x02, 0x03, 0x09, 0x00, 0x13, 0x07, 0x0B, 0x17, 0x01,
    0x00, 0x09, 0x03, 0x02, 0x02, 0x85, 0x06, 0x03, 0x02, 0x02, 0x03, 0x09, 0x04, 0x0F, 0x06, 0x0B,
    0x17, 0x01, 0x00, 0x09, 0x03, 0x02, 0x83, 0x06, 0x02, 0x02, 0x03, 0x09, 0x00, 0x13, 0x05, 0x0B,
    0x17, 0x01, 0x00, 0x19, 0x13, 0x89, 0x02, 0x01, 0x13, 0x19, 0x00, 0x13, 0x03, 0x0B, 0x17, 0x01,
    0x00, 0x82, 0x08, 0x01, 0x1E, 0x12, 0x85, 0x02, 0x01, 0x12, 0x1E, 0x04, 0x0F, 0x05, 0x08, 0xC2,
    0x08, 0x08, 0x1E, 0x12, 0x85, 0x02, 0x01, 0x12, 0x1E, 0x01, 0x12, 0x03, 0x18, 0x00, 0x00, 0x11,
    0x84, 0x06, 0x00, 0x19, 0x84, 0x06, 0x00, 0x11, 0x05, 0x0E, 0x0D, 0x18, 0x00, 0x00, 0x09, 0x03,
    0x02, 0x02, 0x02, 0x11, 0x06, 0x06, 0x06, 0x12, 0x25, 0x00, 0x13, 0x04, 0x03, 0x03, 0x09, 0x00,
    0x11, 0x84, 0x06, 0x00, 0x19, 0x84, 0x06, 0x00, 0x11, 0x04, 0x0F, 0x0E, 0x03, 0x03, 0x09, 0x00,
    0x09, 0x03, 0x02, 0x02, 0x02, 0x11, 0x06, 0x06, 0x06, 0x12, 0x25, 0x00, 0x13, 0x81, 0x01, 0x01,
    0x00, 0x11, 0x84, 0x06, 0x00, 0x19, 0x84, 0x06, 0x00, 0x11, 0x04, 0x0F, 0x81, 0x01, 0x0B, 0x00,
    0x09, 0x03, 0x02, 0x02, 0x02, 0x11, 0x06, 0x06, 0x06, 0x12, 0x25, 0x04, 0x13, 0x00, 0x11, 0x84,
    0x06, 0x00, 0x19, 0x84, 0x06, 0x04, 0x11, 0x04, 0x10, 0x10, 0x81, 0x08, 0x0F, 0x0E, 0x09, 0x03,
    0x02, 0x02, 0x02, 0x11, 0x06, 0x06, 0x06, 0x12, 0x25, 0x0F, 0x01, 0x01, 0x56, 0x00, 0x13, 0x04,
    0x0B, 0x17, 0x01, 0x00, 0x11, 0x84, 0x06, 0x00, 0x19, 0x84, 0x06, 0x00, 0x11, 0x04, 0x0F, 0x0E,
    0x0B, 0x17, 0x01, 0x00, 0x09, 0x03, 0x02, 0x02, 0x02, 0x11, 0x06, 0x06, 0x06, 0x12, 0x25, 0x00,
    0x13, 0x0B, 0x01, 0x17, 0x0B, 0x00, 0x09, 0x03, 0x02, 0x02, 0x06, 0x06, 0x06, 0x62, 0x83, 0x02,
    0x01, 0x03, 0x09, 0x04, 0x13, 0x05, 0x01, 0x17, 0x0B, 0x00, 0x1E, 0x12, 0x85, 0x02, 0x05, 0x4F,
    0x53, 0x08, 0x08, 0x04, 0x2A, 0x00, 0x13, 0x0B, 0x03, 0x03, 0x09, 0x00, 0x09, 0x03, 0x02, 0x02,
    0x06, 0x06, 0x06, 0x62, 0x83, 0x02, 0x01, 0x03, 0x09, 0x04, 0x13, 0x05, 0x03, 0x03, 0x09, 0x00,
    0x1E, 0x12, 0x85, 0x02, 0x05, 0x4F, 0x53, 0x08, 0x08, 0x04, 0x2A, 0x00, 0x13, 0x81, 0x01, 0x08,
    0x00, 0x09, 0x03, 0x02, 0x02, 0x06, 0x06, 0x06, 0x62, 0x83, 0x02, 0x01, 0x03, 0x09, 0x04, 0x13,
    0x81, 0x0F, 0x02, 0x00, 0x1E, 0x12, 0x85, 0x02, 0x05, 0x4F, 0x53, 0x08, 0x08, 0x04, 0x2A, 0x04,
    0x14, 0x07, 0x09, 0x03, 0x02, 0x02, 0x06, 0x06, 0x06, 0x62, 0x83, 0x02, 0x06, 0x03, 0x09, 0x00,
    0x01, 0x01, 0x01, 0x0E, 0x03, 0x14, 0x06, 0x10, 0x0F, 0x0F, 0x0F, 0x00, 0x1E, 0x12, 0x85, 0x02,
    0x05, 0x4F, 0x53, 0x08, 0x08, 0x04, 0x2A, 0x00, 0x13, 0x03, 0x01, 0x17, 0x0B, 0x00, 0x85, 0x02,
    0x00, 0x11, 0x85, 0x02, 0x00, 0x13, 0x03, 0x01, 0x17, 0x0B, 0x00, 0x82, 0x06, 0x01, 0x19, 0x13,
    0x87, 0x02, 0x04, 0x0F, 0x81, 0x02, 0x04, 0x2E, 0x02, 0x02, 0x02, 0x11, 0x85, 0x02, 0x04, 0x0F,
    0x05, 0x06, 0x15, 0x06, 0x06, 0x19, 0x13, 0x87, 0x02, 0x00, 0x13, 0x04, 0x57, 0x24, 0x54, 0x00,
    0x09, 0x8B, 0x01, 0x00, 0x09, 0x04, 0x0F, 0x04, 0x57, 0x24, 0x54, 0x00, 0x3E, 0x87, 0x01, 0x00,
    0x09, 0x01, 0x12, 0x03, 0x18, 0x00, 0x00, 0x09, 0x8B, 0x01, 0x00, 0x09, 0x05, 0x0E, 0x03, 0x18,
    0x00, 0x00, 0x3E, 0x87, 0x01, 0x00, 0x09, 0x00, 0x13, 0x04, 0x03, 0x03, 0x09, 0x00, 0x09, 0x8B,
    0x01, 0x00, 0x09, 0x04, 0x0F, 0x04, 0x03, 0x03, 0x09, 0x00, 0x3E, 0x87, 0x01, 0x00, 0x09, 0x04,
    0x13, 0x00, 0x09, 0x8B, 0x01, 0x04, 0x09, 0x01, 0x0E, 0x0E, 0x5F, 0x04, 0x13, 0x81, 0x01, 0x01,
    0x00, 0x3E, 0x87, 0x01, 0x04, 0x09, 0x01, 0x0E, 0x0E, 0x5F, 0x00, 0x13, 0x81, 0x01, 0x01, 0x00,
    0x09, 0x8B, 0x01, 0x00, 0x09, 0x08, 0x0B, 0x00, 0x3E, 0x87, 0x01, 0x00, 0x09, 0x04, 0x0F, 0x00,
    0x7F, 0x87, 0x02, 0x82, 0x41, 0x00, 0xFF, 0x78, 0x0E, 0x04, 0x13, 0x81, 0x28, 0x01, 0x00, 0x20,
    0x87, 0x28, 0x04, 0xF6, 0x5C, 0x5C, 0x5C, 0x6D, 0x00, 0x13, 0x04, 0x04, 0x72, 0x65, 0x00, 0xD7,
    0x87, 0x04, 0x81, 0x13, 0x01, 0x43, 0x76, 0x04, 0x13, 0x04, 0x04, 0x72, 0x65, 0x00, 0x56, 0x88,
    0x04, 0x03, 0x03, 0x03, 0x0B, 0x27, 0x04, 0x14, 0x13, 0x02, 0x13, 0x21, 0x44, 0x23, 0x3F, 0x38,
    0x31, 0x38, 0x3F, 0x23, 0x44, 0x21, 0x13, 0x02, 0x00, 0x01, 0x01, 0x01, 0x0E, 0x04, 0x14, 0x82,
    0x05, 0x0F, 0x12, 0x03, 0x43, 0x35, 0x50, 0x59, 0x50, 0x35, 0x43, 0x03, 0x12, 0x00, 0x01, 0x01,
    0x01, 0x0E, 0x08, 0x0B, 0x0A, 0x12, 0x03, 0x43, 0x35, 0x50, 0x59, 0x50, 0x35, 0x43, 0x03, 0x12,
    0x00, 0x13, 0x03, 0x16, 0x05, 0x06, 0x00, 0x8C, 0x06, 0x00, 0x11, 0x00, 0x13, 0x04, 0x10, 0x0F,
    0x01, 0x00, 0x3E, 0x8B, 0x01, 0x00, 0x09, 0x04, 0x14, 0x8C, 0x06, 0x05, 0x11, 0x00, 0x01, 0x01,
    0x01, 0x0E, 0x04, 0x14, 0x00, 0x3E, 0x8B, 0x01, 0x05, 0x09, 0x00, 0x01, 0x01, 0x01, 0x0E, 0x00,
    0x13, 0x03, 0x0B, 0x17, 0x01, 0x00, 0x8C, 0x06, 0x00, 0x11, 0x00, 0x13, 0x04, 0x0B, 0x17, 0x01,
    0x00, 0x3E, 0x8B, 0x01, 0x00, 0x09, 0x04, 0x0F, 0x84, 0x06, 0x81, 0x21, 0x83, 0x06, 0x00, 0x11,
    0x04, 0x0F, 0x00, 0x3E, 0x83, 0x01, 0x81, 0xC1, 0x83, 0x01, 0x00, 0x09, 0x04, 0x0F, 0x83, 0x05,
    0x04, 0x8D, 0x55, 0x05, 0x31, 0xFF, 0x00, 0x0A, 0x82, 0x05, 0x00, 0x78, 0x04, 0x0F, 0x00, 0x3E,
    0x82, 0x01, 0x04, 0x73, 0x07, 0x01, 0x1B, 0x6E, 0x82, 0x01, 0x00, 0x09, 0x00, 0x13, 0x03, 0x10,
    0x0F, 0x01, 0x00, 0x82, 0x02, 0x06, 0x4D, 0x30, 0x41, 0x0C, 0x40, 0x48, 0x4B, 0x82, 0x02, 0x04,
    0x0F, 0x05, 0x10, 0x0F, 0x01, 0x00, 0x19, 0x13, 0x87, 0x02, 0x04, 0x14, 0x82, 0x02, 0x06, 0x4D,
    0x30, 0x41, 0x0C, 0x40, 0x48, 0x4B, 0x82, 0x02, 0x04, 0x00, 0x01, 0x01, 0x01, 0x0E, 0x08, 0x10,
    0x01, 0x19, 0x13, 0x87, 0x02, 0x04, 0x00, 0x01, 0x01, 0x01, 0x0E, 0x00, 0x13, 0x03, 0x0B, 0x17,
    0x01, 0x00, 0x82, 0x02, 0x06, 0x4D, 0x30, 0x41, 0x0C, 0x40, 0x48, 0x4B, 0x82, 0x02, 0x04, 0x0F,
    0x05, 0x0B, 0x17, 0x01, 0x00, 0x19, 0x13, 0x87, 0x02, 0x02, 0x11, 0x82, 0x06, 0x03, 0x26, 0x00,
    0x19, 0x13, 0x87, 0x02, 0x04, 0x13, 0x82, 0x02, 0x06, 0x4D, 0x30, 0x41, 0x0C, 0x40, 0x48, 0x4B,
    0x82, 0x02, 0x03, 0x08, 0x08, 0x04, 0x2F, 0x08, 0x0F, 0x01, 0x19, 0x13, 0x87, 0x02, 0x03, 0x08,
    0x08, 0x04, 0x2F, 0x01, 0x12, 0x04, 0x18, 0x00, 0x00, 0x09, 0x03, 0x89, 0x02, 0x01, 0x03, 0x09,
    0x05, 0x0E, 0x04, 0x18, 0x00, 0x00, 0x09, 0x03, 0x85, 0x02, 0x01, 0x03, 0x09, 0x00, 0x13, 0x05,
    0x03, 0x03, 0x09, 0x00, 0x09, 0x03, 0x89, 0x02, 0x01, 0x03, 0x09, 0x04, 0x0F, 0x05, 0x03, 0x03,
    0x09, 0x00, 0x09, 0x03, 0x85, 0x02, 0x01, 0x03, 0x09, 0x00, 0x13, 0x05, 0x29, 0x2D, 0x0B, 0x00,
    0x09, 0x03, 0x89, 0x02, 0x01, 0x03, 0x09, 0x04, 0x0F, 0x05, 0x29, 0x2D, 0x0B, 0x00, 0x09, 0x03,
    0x85, 0x02, 0x01, 0x03, 0x09, 0x04, 0x0F, 0x01, 0x78, 0x23, 0x83, 0x22, 0x00, 0xCC, 0x83, 0x22,
    0x01, 0x23, 0x78, 0x08, 0x0B, 0x0A, 0x18, 0x0C, 0x46, 0x46, 0x46, 0x8A, 0x22, 0x22, 0x22, 0x4C,
    0x5A, 0x00, 0x13, 0x05, 0x10, 0x0F, 0x01, 0x00, 0x19, 0x13, 0x82, 0x02, 0x08, 0x13, 0x19, 0x38,
    0x3F, 0x23, 0x44, 0x21, 0x13, 0x02, 0x04, 0x0F, 0x07, 0x10, 0x0F, 0x01, 0x00, 0x62, 0x3F, 0x38,
    0x31, 0x85, 0x06, 0x04, 0x14, 0x01, 0x19, 0x13, 0x82, 0x02, 0x0D, 0x13, 0x19, 0x38, 0x3F, 0x23,
    0x44, 0x21, 0x13, 0x02, 0x00, 0x01, 0x01, 0x01, 0x0E, 0x08, 0x10, 0x03, 0x62, 0x3F, 0x38, 0x31,
    0x85, 0x06, 0x04, 0x00, 0x06, 0x06, 0x06, 0x26, 0x00, 0x13, 0x05, 0x0B, 0x17, 0x01, 0x00, 0x19,
    0x13, 0x82, 0x02, 0x08, 0x13, 0x19, 0x38, 0x3F, 0x23, 0x44, 0x21, 0x13, 0x02, 0x04, 0x0F, 0x07,
    0x0B, 0x17, 0x01, 0x00, 0x62, 0x3F, 0x38, 0x31, 0x85, 0x06, 0x00, 0x13, 0x12, 0x10, 0x0F, 0x01,
    0x00, 0x09, 0x03, 0x02, 0x06, 0x06, 0x06, 0x05, 0x09, 0x04, 0x08, 0x08, 0x08, 0x02, 0x03, 0x09,
    0x04, 0x0F, 0x0E, 0x10, 0x0F, 0x01, 0x00, 0x18, 0x02, 0x06, 0x06, 0x06, 0x18, 0x08, 0x08, 0x08,
    0x02, 0x18, 0x00, 0x13, 0x12, 0x01, 0x17, 0x0B, 0x00, 0x09, 0x03, 0x02, 0x06, 0x06, 0x06, 0x05,
    0x09, 0x04, 0x08, 0x08, 0x08, 0x02, 0x03, 0x09, 0x04, 0x0F, 0x0E, 0x01, 0x17, 0x0B, 0x00, 0x18,
    0x02, 0x06, 0x06, 0x06, 0x18, 0x08, 0x08, 0x08, 0x02, 0x18, 0x04, 0x13, 0x12, 0x09, 0x03, 0x02,
    0x06, 0x06, 0x06, 0x05, 0x09, 0x04, 0x08, 0x08, 0x08, 0x02, 0x03, 0x09, 0x01, 0x01, 0x01, 0x0E,
    0x08, 0x0F, 0x0E, 0x18, 0x02, 0x06, 0x06, 0x06, 0x18, 0x08, 0x08, 0x08, 0x02, 0x18, 0x01, 0x01,
    0x01, 0x0E, 0x00, 0x13, 0x12, 0x0B, 0x17, 0x01, 0x00, 0x09, 0x03, 0x02, 0x06, 0x06, 0x06, 0x05,
    0x09, 0x04, 0x08, 0x08, 0x08, 0x02, 0x03, 0x09, 0x04, 0x0F, 0x0E, 0x0B, 0x17, 0x01, 0x00, 0x18,
    0x02, 0x06, 0x06, 0x06, 0x18, 0x08, 0x08, 0x08, 0x02, 0x18, 0x04, 0x13, 0x00, 0x11, 0x8C, 0x01,
    0x81, 0x0F, 0x00, 0x01, 0x04, 0x13, 0x82, 0x01, 0x00, 0x18, 0x87, 0x01, 0x04, 0x6D, 0x10, 0x10,
    0x10, 0x0F, 0x00, 0x13, 0x04, 0x0B, 0x17, 0x01, 0x00, 0x11, 0x8C, 0x01, 0x00, 0x13, 0x03, 0x0B,
    0x17, 0x01, 0x00, 0x82, 0x01, 0x00, 0x18, 0x87, 0x01, 0x00, 0x6D, 0x04, 0x0F, 0x00, 0x11, 0x84,
    0x01, 0x00, 0x18, 0x85, 0x01, 0x04, 0x0F, 0x82, 0x01, 0x03, 0x18, 0x01, 0x01, 0x09, 0x84, 0x01,
    0x00, 0x6D, 0x00, 0x13, 0x03, 0x57, 0x24, 0x54, 0x00, 0x8B, 0x02, 0x01, 0x03, 0x09, 0x04, 0x0F,
    0x03, 0x57, 0x24, 0x54, 0x00, 0x87, 0x02, 0x01, 0x12, 0x1E, 0x01, 0x12, 0x02, 0x18, 0x00, 0x00,
    0x8B, 0x02, 0x01, 0x03, 0x09, 0x05, 0x0E, 0x02, 0x18, 0x00, 0x00, 0x87, 0x02, 0x01, 0x12, 0x1E,
    0x00, 0x13, 0x03, 0x03, 0x03, 0x09, 0x00, 0x8B, 0x02, 0x01, 0x03, 0x09, 0x04, 0x0F, 0x03, 0x03,
    0x03, 0x09, 0x00, 0x87, 0x02, 0x01, 0x12, 0x1E, 0x00, 0x13, 0x03, 0x27, 0x0B, 0x0B, 0x27, 0x8B,
    0x02, 0x01, 0x03, 0x09, 0x04, 0x0F, 0x03, 0x27, 0x0B, 0x0B, 0x27, 0x87, 0x02, 0x01, 0x12, 0x1E,
    0x00, 0x13, 0x03, 0x29, 0x2D, 0x0B, 0x00, 0x8B, 0x02, 0x01, 0x03, 0x09, 0x04, 0x0F, 0x03, 0x29,
    0x2D, 0x0B, 0x00, 0x87, 0x02, 0x01, 0x12, 0x1E, 0x04, 0x13, 0x8B, 0x02, 0x05, 0x03, 0x09, 0x01,
    0x0E, 0x0E, 0x5F, 0x08, 0x0F, 0x87, 0x02, 0x05, 0x12, 0x1E, 0x04, 0x10, 0x10, 0x81, 0x00, 0x13,
    0x03, 0x01, 0x17, 0x0B, 0x00, 0x86, 0x1C, 0x06, 0x6B, 0x6B, 0x51, 0x4E, 0x4E, 0x20, 0x1C, 0x04,
    0x0F, 0x03, 0x01, 0x17, 0x0B, 0x00, 0x82, 0x02, 0x84, 0x0C, 0x00, 0x18, 0x00, 0x13, 0x0B, 0x01,
    0x17, 0x0B, 0x00, 0x02, 0x02, 0x03, 0x03, 0x0B, 0x0B, 0x17, 0x17, 0x85, 0x01, 0x04, 0x13, 0x03,
    0x01, 0x17, 0x0B, 0x00, 0x87, 0x02, 0x05, 0x4F, 0x53, 0x08, 0x08, 0x04, 0x2A, 0x00, 0x13, 0x81,
    0x0B, 0x08, 0x00, 0x02, 0x02, 0x03, 0x03, 0x0B, 0x0B, 0x17, 0x17, 0x85, 0x01, 0x00, 0x13, 0x12,
    0x10, 0x0F, 0x01, 0x00, 0x11, 0x08, 0x08, 0x08, 0x04, 0x10, 0x0F, 0x01, 0x0E, 0x16, 0x05, 0x06,
    0x06, 0x06, 0x11, 0x04, 0x0F, 0x0E, 0x10, 0x0F, 0x01, 0x00, 0x11, 0x08, 0x04, 0x10, 0x0F, 0x01,
    0x0E, 0x16, 0x05, 0x06, 0x11, 0x00, 0x13, 0x81, 0x01, 0x0F, 0x00, 0x11, 0x08, 0x08, 0x08, 0x04,
    0x10, 0x0F, 0x01, 0x0E, 0x16, 0x05, 0x06, 0x06, 0x06, 0x11, 0x04, 0x0F, 0x81, 0x01, 0x0B, 0x00,
    0x11, 0x08, 0x04, 0x10, 0x0F, 0x01, 0x0E, 0x16, 0x05, 0x06, 0x11, 0x00, 0x13, 0x12, 0x0B, 0x17,
    0x01, 0x00, 0x11, 0x08, 0x08, 0x08, 0x04, 0x10, 0x0F, 0x01, 0x0E, 0x16, 0x05, 0x06, 0x06, 0x06,
    0x11, 0x04, 0x0F, 0x0E, 0x0B, 0x17, 0x01, 0x00, 0x11, 0x08, 0x04, 0x10, 0x0F, 0x01, 0x0E, 0x16,
    0x05, 0x06, 0x11, 0x04, 0x0F, 0x00, 0x6D, 0x8C, 0x01, 0x04, 0x0F, 0x03, 0x09, 0x03, 0x02, 0x02,
    0x85, 0x08, 0x03, 0x02, 0x02, 0x03, 0x09, 0x04, 0x0F, 0x00, 0x11, 0x84, 0x08, 0x00, 0x1E, 0x84,
    0x08, 0x00, 0x11, 0x04, 0x0F, 0x02, 0x09, 0x03, 0x02, 0x82, 0x08, 0x00, 0x11, 0x83, 0x02, 0x01,
    0x03, 0x09, 0x04, 0x0F, 0x0E, 0x09, 0x03, 0x02, 0x06, 0x06, 0x06, 0x05, 0x76, 0x05, 0x06, 0x06,
    0x06, 0x02, 0x03, 0x09, 0x04, 0x13, 0x06, 0x56, 0x29, 0x29, 0x01, 0x01, 0x01, 0x18, 0x87, 0x01,
    0x02, 0x23, 0x23, 0x59, 0x04, 0x13, 0x82, 0x02, 0x06, 0x4D, 0x30, 0x41, 0x0C, 0x40, 0x48, 0x4B,
    0x82, 0x02, 0x81, 0x06, 0x00, 0x26, 0x08, 0x0F, 0x01, 0x19, 0x13, 0x87, 0x02, 0x82, 0x08, 0x04,
    0x0F, 0x0E, 0x11, 0x08, 0x08, 0x08, 0x04, 0x10, 0x0F, 0x11, 0x01, 0x0E, 0x16, 0x05, 0x06, 0x06,
    0x11, 0x08, 0x0B, 0x0A, 0x11, 0x08, 0x04, 0x10, 0x0F, 0x11, 0x0E, 0x16, 0x05, 0x06, 0x11, 0x04,
    0x0F, 0x07, 0x11, 0x08, 0x04, 0x10, 0x0F, 0x01, 0x1F, 0x04, 0x82, 0x08, 0x02, 0x02, 0x03, 0x09,
    0x00, 0x13, 0x05, 0x0B, 0x17, 0x01, 0x00, 0x09, 0x03, 0x84, 0x02, 0x00, 0x11, 0x84, 0x02, 0x04,
    0x0F, 0x0E, 0x0B, 0x17, 0x01, 0x00, 0x2A, 0x04, 0x08, 0x08, 0x1E, 0x12, 0x02, 0x02, 0x02, 0x12,
    0x1E, 0x00, 0x13, 0x04, 0x0B, 0x17, 0x01, 0x00, 0x09, 0x8B, 0x01, 0x00, 0x09, 0x04, 0x0F, 0x04,
    0x0B, 0x17, 0x01, 0x00, 0x3E, 0x87, 0x01, 0x00, 0x09, 0x00, 0x13, 0x05, 0x0B, 0x17, 0x01, 0x00,
    0x09, 0x03, 0x89, 0x02, 0x01, 0x03, 0x09, 0x04, 0x0F, 0x05, 0x0B, 0x17, 0x01, 0x00, 0x09, 0x03,
    0x85, 0x02, 0x01, 0x03, 0x09, 0x00, 0x13, 0x03, 0x0B, 0x17, 0x01, 0x00, 0x8B, 0x02, 0x01, 0x03,
    0x09, 0x04, 0x0F, 0x03, 0x0B, 0x17, 0x01, 0x00, 0x87, 0x02, 0x01, 0x12, 0x1E, 0x01, 0x12, 0x04,
    0x5A, 0x00, 0x00, 0x78, 0x23, 0x83, 0x22, 0x00, 0x37, 0x84, 0x22, 0x00, 0x8A, 0x05, 0x0E, 0x0D,
    0x5A, 0x00, 0x00, 0x89, 0x5C, 0x5C, 0x5C, 0x6C, 0x8A, 0x22, 0x22, 0x22, 0x46, 0x89, 0x04, 0x0F,
    0x0E, 0x09, 0x03, 0x02, 0x02, 0x06, 0x06, 0x06, 0x62, 0x02, 0x02, 0xAD, 0x02, 0x02, 0x03, 0x09,
    0x08, 0x0F, 0x0E, 0x1E, 0x12, 0x02, 0x02, 0x02, 0xAD, 0x02, 0x02, 0x02, 0x4F, 0x53, 0x08, 0x08,
    0x04, 0x2A, 0x00, 0x13, 0x0B, 0x0B, 0x17, 0x01, 0x00, 0x09, 0x03, 0x02, 0x02, 0x06, 0x06, 0x06,
    0x62, 0x83, 0x02, 0x01, 0x03, 0x09, 0x04, 0x13, 0x05, 0x0B, 0x17, 0x01, 0x00, 0x1E, 0x12, 0x85,
    0x02, 0x05, 0x4F, 0x53, 0x08, 0x08, 0x04, 0x2A, 0x00, 0x13, 0x12, 0x0B, 0x17, 0x01, 0x00, 0x02,
    0x13, 0x21, 0x44, 0x23, 0x3F, 0x38, 0x31, 0x38, 0x3F, 0x23, 0x44, 0x21, 0x13, 0x02, 0x00, 0x13,
    0x03, 0x0B, 0x17, 0x01, 0x00, 0x82, 0x05, 0x0A, 0x12, 0x03, 0x43, 0x35, 0x50, 0x59, 0x50, 0x35,
    0x43, 0x03, 0x12, 0x04, 0x13, 0x01, 0x09, 0x03, 0x89, 0x02, 0x05, 0x03, 0x09, 0x01, 0x0E, 0x0E,
    0x5F, 0x08, 0x0F, 0x01, 0x09, 0x03, 0x85, 0x02, 0x05, 0x03, 0x09, 0x01, 0x0E, 0x0E, 0x5F, 0x01,
    0x16, 0x04, 0x18, 0x00, 0x00, 0x09, 0x03, 0x89, 0x02, 0x05, 0x03, 0x09, 0x01, 0x0E, 0x0E, 0x5F,
    0x05, 0x12, 0x04, 0x18, 0x00, 0x00, 0x09, 0x03, 0x85, 0x02, 0x05, 0x03, 0x09, 0x01, 0x0E, 0x0E,
    0x5F, 0x00, 0x13, 0x0B, 0x0B, 0x17, 0x01, 0x00, 0x11, 0x08, 0x04, 0x10, 0x0F, 0x01, 0x1F, 0x04,
    0x82, 0x08, 0x02, 0x02, 0x03, 0x09, 0x04, 0x13, 0x0B, 0x0B, 0x17, 0x01, 0x00, 0x11, 0x08, 0x04,
    0x10, 0x0F, 0x01, 0x1F, 0x04, 0x82, 0x08, 0x02, 0x02, 0x03, 0x09, 0x04, 0x13, 0x04, 0x65, 0x72,
    0x04, 0x00, 0x56, 0x88, 0x04, 0x03, 0x03, 0x03, 0x0B, 0x27, 0x00, 0x13, 0x0B, 0x10, 0x0F, 0x01,
    0x00, 0x09, 0x03, 0x02, 0x02, 0x06, 0x06, 0x06, 0x62, 0x83, 0x02, 0x01, 0x03, 0x09, 0x04, 0x13,
    0x05, 0x10, 0x0F, 0x01, 0x00, 0x1E, 0x12, 0x85, 0x02, 0x05, 0x4F, 0x53, 0x08, 0x08, 0x04, 0x2A,
    0x00, 0x13, 0x05, 0x10, 0x0F, 0x01, 0x00, 0x78, 0x23, 0x83, 0x22, 0x00, 0x37, 0x84, 0x22, 0x00,
    0x8A, 0x04, 0x0F, 0x0E, 0x10, 0x0F, 0x01, 0x00, 0x89, 0x5C, 0x5C, 0x5C, 0x6C, 0x8A, 0x22, 0x22,
    0x22, 0x46, 0x89, 0x00, 0x13, 0x12, 0x10, 0x0F, 0x01, 0x00, 0x09, 0x03, 0x79, 0x02, 0x4B, 0x48,
    0x40, 0x0C, 0x41, 0x30, 0x4D, 0x02, 0xCF, 0x03, 0x09, 0x04, 0x0F, 0x0E, 0x10, 0x0F, 0x01, 0x00,
    0xE0, 0x4F, 0x4B, 0x48, 0x40, 0x0C, 0x41, 0x30, 0x4D, 0xB1, 0xFC, 0x04, 0x14, 0x13, 0x09, 0x03,
    0x02, 0x06, 0x06, 0x06, 0x05, 0x09, 0x04, 0x08, 0x08, 0x08, 0x02, 0x03, 0x09, 0x00, 0x01, 0x01,
    0x01, 0x0E, 0x08, 0x10, 0x0F, 0x18, 0x02, 0x06, 0x06, 0x06, 0x18, 0x08, 0x08, 0x08, 0x02, 0x18,
    0x00, 0x01, 0x01, 0x01, 0x0E, 0x04, 0x14, 0x00, 0x11, 0x8C, 0x01, 0x04, 0x00, 0x01, 0x01, 0x01,
    0x0E, 0x04, 0x14, 0x82, 0x01, 0x00, 0x18, 0x87, 0x01, 0x05, 0x6D, 0x00, 0x10, 0x10, 0x10, 0x0F,
    0x01, 0x12, 0x0A, 0x18, 0x00, 0x00, 0x02, 0x02, 0x03, 0x03, 0x0B, 0x0B, 0x17, 0x17, 0x85, 0x01,
    0x05, 0x12, 0x02, 0x18, 0x00, 0x00, 0x87, 0x02, 0x05, 0x4F, 0x53, 0x08, 0x08, 0x04, 0x2A, 0x08,
    0x0F, 0x00, 0x56, 0x88, 0x04, 0x03, 0x03, 0x03, 0x0B, 0x27, 0x08, 0x0B, 0x02, 0x09, 0x03, 0x02,
    0x83, 0x08, 0x02, 0x02, 0x03, 0x09, 0x08, 0x0B, 0x0A, 0x09, 0x03, 0x02, 0x02, 0x02, 0x11, 0x08,
    0x08, 0x08, 0x13, 0x2A, 0x08, 0x0B, 0x0A, 0x2A, 0x13, 0x08, 0x08, 0x08, 0x11, 0x02, 0x02, 0x02,
    0x03, 0x09, 0x08, 0x0B, 0x0A, 0x18, 0x02, 0x06, 0x06, 0x06, 0x86, 0x06, 0x06, 0x06, 0x02, 0x18,
    0x08, 0x0F, 0x01, 0x19, 0x13, 0x87, 0x02, 0x81, 0x06, 0x00, 0x26, 0x08, 0x0F, 0x07, 0x11, 0x08,
    0x04, 0x10, 0x0F, 0x01, 0x1F, 0x04, 0x82, 0x08, 0x02, 0x02, 0x03, 0x09, 0x00, 0x04, 0x00, 0x0F,
    0x81, 0x01, 0x00, 0x04, 0x81, 0x01, 0x00, 0x0E, 0x00, 0x04, 0x81, 0x01, 0x00, 0x0F, 0x00, 0x03,
    0x02, 0x01, 0x17, 0x0B, 0x00, 0x03, 0x02, 0x0B, 0x17, 0x01, 0x00, 0x03, 0x02, 0x03, 0x03, 0x09,
    0x00, 0x03, 0x81, 0x01, 0x13, 0x04, 0x03, 0x01, 0x0E, 0x0E, 0x5F, 0x00, 0x03, 0x02, 0x57, 0x24,
    0x54, 0x00, 0x03, 0x02, 0x29, 0x2D, 0x0B, 0x00, 0x03, 0x02, 0x16, 0x0E, 0x01, 0x01, 0x01, 0x00,
    0x11, 0x00, 0x04, 0x03, 0x27, 0x0B, 0x0B, 0x27, 0x14, 0x03, 0x81, 0x01, 0x01, 0x03, 0x02, 0x05,
    0x06, 0x26, 0x00, 0x07, 0x03, 0x10, 0x0F, 0x01, 0x00, 0x81, 0x0B, 0x01, 0x12, 0x04, 0x05, 0x06,
    0x26, 0x09, 0x03, 0x84, 0x02, 0x00, 0x11, 0x84, 0x02, 0x08, 0x03, 0x81, 0x01, 0x01, 0x12, 0x03,
    0x05, 0x06, 0x26, 0x11, 0x84, 0x06, 0x00, 0x19, 0x84, 0x06, 0x00, 0x11, 0x01, 0x12, 0x02, 0x05,
    0x06, 0x26, 0x85, 0x02, 0x00, 0x11, 0x85, 0x02, 0x01, 0x12, 0x03, 0x05, 0x06, 0x26, 0x09, 0x8B,
    0x01, 0x00, 0x09, 0x01, 0x12, 0x04, 0x05, 0x06, 0x26, 0x09, 0x03, 0x89, 0x02, 0x01, 0x03, 0x09,
    0x01, 0x12, 0x0A, 0x05, 0x06, 0x26, 0x28, 0x28, 0x3D, 0x3D, 0x2D, 0x2D, 0x73, 0x73, 0x85, 0x0F,
    0x01, 0x12, 0x04, 0x05, 0x06, 0x26, 0x09, 0x03, 0x87, 0x02, 0x03, 0x03, 0x0B, 0x0B, 0xB5, 0x00,
    0x13, 0x08, 0x10, 0x0F, 0x01, 0x00, 0x0B, 0x0B, 0x0B, 0x00, 0x3E, 0x87, 0x01, 0x00, 0x56, 0x04,
    0x0F, 0x00, 0x11, 0x8C, 0x06, 0x04, 0x0F, 0x81, 0x01, 0x81, 0x17, 0x81, 0x0B, 0x81, 0x03, 0x02,
    0x02, 0x02, 0x11, 0x04, 0x0F, 0x01, 0x09, 0x03, 0x83, 0x02, 0x00, 0xFF, 0xF4, 0x05, 0x83, 0x02,
    0x01, 0x03, 0x09, 0x04, 0x0F, 0x81, 0x01, 0x81, 0x17, 0x81, 0x0B, 0x81, 0x03, 0x81, 0x02, 0x04,
    0x0F, 0x00, 0x11, 0x84, 0x00, 0x00, 0x09, 0x84, 0x00, 0x00, 0x11, 0x04, 0x0F, 0x00, 0x11, 0x8C,
    0x02, 0x04, 0x0F, 0x0E, 0x11, 0x06, 0x05, 0x16, 0x0E, 0x01, 0x0F, 0x10, 0x0F, 0x01, 0x0E, 0x16,
    0x05, 0x06, 0x11, 0x04, 0x0F, 0x02, 0x01, 0x09, 0x24, 0x87, 0x0C, 0x02, 0x24, 0x09, 0x01, 0x04,
    0x0F, 0x88, 0x0C, 0x01, 0x24, 0x09, 0x81, 0x01, 0x04, 0x0F, 0x01, 0x09, 0x03, 0x87, 0x02, 0x03,
    0x03, 0x0B, 0x0B, 0xB5, 0x04, 0x0F, 0x05, 0x10, 0x0F, 0x01, 0x00, 0x8C, 0xA5, 0x85, 0x13, 0x01,
    0xA5, 0x8C, 0x04, 0x0F, 0x0E, 0x10, 0x0F, 0x01, 0x00, 0x18, 0x02, 0x06, 0x06, 0x06, 0x86, 0x06,
    0x06, 0x06, 0x02, 0x18, 0x04, 0x13, 0x05, 0x10, 0x0F, 0x01, 0x00, 0x19, 0x13, 0x87, 0x02, 0x82,
    0x08, 0x04, 0x0F, 0x04, 0x10, 0x0F, 0x01, 0x00, 0x3E, 0x87, 0x01, 0x00, 0x56, 0x00, 0x13, 0x07,
    0x10, 0x0F, 0x01, 0x00, 0x0B, 0x0B, 0x0B, 0x00, 0x87, 0x02, 0x01, 0x03, 0x09, 0x08, 0x0B, 0x01,
    0x8C, 0xA5, 0x85, 0x13, 0x01, 0xA5, 0x8C, 0x04, 0x13, 0x07, 0x86, 0x21, 0x13, 0x13, 0x13, 0x21,
    0x19, 0x13, 0x83, 0x02, 0x01, 0x13, 0x19, 0x82, 0x06, 0x08, 0x0F, 0x81, 0x02, 0x81, 0x03, 0x80,
    0x0B, 0x80, 0x17, 0x83, 0x01, 0x04, 0x0F, 0x05, 0x25, 0x0E, 0x01, 0x0F, 0x09, 0x03, 0x85, 0x02,
    0x01, 0x03, 0x09, 0x04, 0x13, 0x08, 0x11, 0x04, 0x10, 0x0F, 0x01, 0x0E, 0x16, 0x05, 0x05, 0x82,
    0x06, 0x05, 0x05, 0x25, 0x08, 0x08, 0x08, 0x3C, 0x04, 0x0F, 0x01, 0x1F, 0x14, 0x83, 0x12, 0x00,
    0x5A, 0x83, 0x12, 0x01, 0x14, 0x1F, 0x08, 0x0B, 0x00, 0x3E, 0x87, 0x01, 0x00, 0x56, 0x04, 0x0F,
    0x80, 0x16, 0x80, 0x0E, 0x80, 0x01, 0x80, 0x17, 0x80, 0x0B, 0x80, 0x03, 0x81, 0x02, 0x04, 0x13,
    0x07, 0x1E, 0x05, 0x06, 0x06, 0x06, 0x05, 0x25, 0x05, 0x83, 0x06, 0x05, 0x05, 0x25, 0x08, 0x08,
    0x08, 0x3C, 0x08, 0x0B, 0x00, 0x11, 0x88, 0x02, 0x08, 0x0F, 0x01, 0x09, 0x03, 0x85, 0x02, 0x01,
    0xB1, 0xB0, 0x82, 0x06, 0x08, 0x0F, 0x02, 0x09, 0x03, 0x02, 0x84, 0x06, 0x05, 0x05, 0x25, 0x08,
    0x08, 0x08, 0x3C, 0x08, 0x0B, 0x02, 0x77, 0x43, 0x13, 0x84, 0x02, 0x01, 0x03, 0x09, 0x08, 0x0B,
    0x00, 0x11, 0x87, 0x01, 0x00, 0x56, 0x08, 0x0B, 0x87, 0x02, 0x01, 0x03, 0x09, 0x08, 0x0F, 0x00,
    0xFF, 0x38, 0x02, 0x86, 0x0C, 0x01, 0x24, 0x09, 0x82, 0x01, 0x08, 0x0F, 0x0E, 0x02, 0x02, 0x03,
    0x03, 0x0B, 0x0B, 0x17, 0x01, 0x17, 0x0B, 0x0B, 0x03, 0x03, 0x02, 0x02, 0x08, 0x0F, 0x87, 0x0C,
    0x01, 0x24, 0x09, 0x82, 0x01, 0x08, 0x0B, 0x00, 0x03, 0x81, 0x02, 0x84, 0x0C, 0x00, 0xAA, 0x04,
    0x0F, 0x81, 0x0B, 0x01, 0x00, 0x3E, 0x87, 0x01, 0x00, 0x56, 0x04, 0x0F, 0x81, 0x0B, 0x00, 0x00,
    0x87, 0x02, 0x01, 0x03, 0x09, 0x04, 0x0F, 0x03, 0x10, 0x0F, 0x01, 0x00, 0x87, 0x02, 0x01, 0x03,
    0x09, 0x04, 0x0F, 0x04, 0x10, 0x0F, 0x01, 0x00, 0x03, 0x81, 0x02, 0x84, 0x0C, 0x00, 0xAA, 0x04,
    0x0F, 0x0E, 0x1F, 0x14, 0x12, 0x12, 0x12, 0x3D, 0x9B, 0x08, 0x08, 0xFF, 0x04, 0x0E, 0x12, 0x12,
    0x12, 0x14, 0x1F, 0x06, 0x0F, 0x03, 0x01, 0x01, 0x09, 0x24, 0x85, 0x0C, 0x03, 0x24, 0x09, 0x01,
    0x01, 0x08, 0x0B, 0x0A, 0xF6, 0x52, 0x82, 0x73, 0x0F, 0x07, 0x01, 0x17, 0xA3, 0x43, 0xFF, 0x0E,
    0x04, 0x08, 0x0F, 0x01, 0x09, 0x03, 0x85, 0x02, 0x05, 0xB1, 0xB0, 0x06, 0x06, 0x05, 0x25, 0x04,
    0x0F, 0x01, 0x09, 0x03, 0x83, 0x02, 0x00, 0x11, 0x83, 0x02, 0x01, 0x03, 0x09, 0x08, 0x0B, 0x0A,
    0x5D, 0x16, 0x05, 0x06, 0x06, 0x19, 0x06, 0x06, 0x05, 0x16, 0x5D, 0x08, 0x0B, 0x0A, 0x66, 0x10,
    0x04, 0x08, 0x08, 0x1E, 0x08, 0x08, 0x04, 0x10, 0x66, 0x04, 0x0F, 0x00, 0xBD, 0x82, 0x05, 0x01,
    0x2A, 0x03, 0x84, 0x12, 0x01, 0x03, 0x54, 0x00, 0x13, 0x04, 0x10, 0x0F, 0x01, 0x00, 0x11, 0x8C,
    0x06, 0x04, 0x0F, 0x02, 0x09, 0x03, 0x02, 0x82, 0x06, 0x00, 0x66, 0x82, 0x06, 0x02, 0x02, 0x03,
    0x09, 0x04, 0x0F, 0x01, 0x6F, 0x23, 0x82, 0x22, 0x01, 0x7B, 0x91, 0x83, 0x46, 0x01, 0x91, 0x7B,
    0x04, 0x0F, 0x84, 0x22, 0x01, 0x7B, 0xD3, 0x83, 0x46, 0x01, 0x91, 0x7B, 0x04, 0x0F, 0x00, 0xBD,
    0x82, 0x05, 0x01, 0x2A, 0x03, 0x86, 0x12, 0x00, 0x13, 0x12, 0x10, 0x0F, 0x01, 0x00, 0x02, 0x13,
    0x21, 0x44, 0x23, 0x3F, 0x38, 0x31, 0x38, 0x3F, 0x23, 0x44, 0x21, 0x13, 0x02, 0x00, 0x13, 0x03,
    0x16, 0x0E, 0x01, 0x00, 0x82, 0x02, 0x06, 0x4B, 0x48, 0x40, 0x0C, 0x41, 0x30, 0x4D, 0x82, 0x02,
    0x00, 0x13, 0x03, 0x03, 0x03, 0x09, 0x00, 0x85, 0x02, 0x01, 0x12, 0x1E, 0x82, 0x08, 0x01, 0x04,
    0x2A, 0x04, 0x12, 0x8C, 0x02, 0x00, 0x11, 0x81, 0x01, 0x04, 0x0F, 0x00, 0x7A, 0x83, 0x06, 0x01,
    0x19, 0x13, 0x83, 0x02, 0x01, 0x13, 0x19, 0x04, 0x12, 0x01, 0x61, 0x52, 0x89, 0x3D, 0x01, 0x12,
    0x5B, 0x81, 0x1C, 0x04, 0x0F, 0x83, 0x0C, 0x04, 0x24, 0x45, 0x27, 0x45, 0x24, 0x83, 0x0C, 0x04,
    0x0F, 0x82, 0x02, 0x06, 0x4B, 0x48, 0x40, 0x0C, 0x41, 0x30, 0x4D, 0x82, 0x02, 0x00, 0x13, 0x03,
    0x03, 0x03, 0x09, 0x00, 0x82, 0x02, 0x06, 0x4B, 0x48, 0x40, 0x0C, 0x41, 0x30, 0x4D, 0x82, 0x02,
    0x04, 0x0F, 0x01, 0x5D, 0x3D, 0x89, 0x12, 0x01, 0x02, 0xB9, 0x04, 0x0F, 0x85, 0x02, 0x01, 0x12,
    0x1E, 0x82, 0x08, 0x01, 0x04, 0x2A, 0x03, 0x11, 0x02, 0x01, 0x09, 0x24, 0x89, 0x0C, 0x02, 0x24,
    0x09, 0x01, 0x04, 0x12, 0x8B, 0x02, 0x01, 0x12, 0x77, 0x81, 0x1D, 0x04, 0x0F, 0x84, 0x02, 0x01,
    0x12, 0x1E, 0x85, 0x08, 0x04, 0x0F, 0x8B, 0x0C, 0x01, 0x84, 0x1E, 0x04, 0x12, 0x8B, 0x0C, 0x01,
    0x84, 0x77, 0x81, 0x1D, 0x04, 0x0F, 0x80, 0x68, 0x81, 0x06, 0x01, 0x19, 0x13, 0x84, 0x02, 0x01,
    0x13, 0x19, 0x04, 0x0F, 0x83, 0x1C, 0x01, 0x6C, 0x9C, 0x84, 0x5E, 0x01, 0x9C, 0x6C, 0x04, 0x0F,
    0x83, 0x06, 0x01, 0x19, 0x13, 0x84, 0x02, 0x01, 0x13, 0x19, 0x04, 0x0F, 0x02, 0x09, 0x03, 0x02,
    0x82, 0x08, 0x00, 0x5D, 0x82, 0x08, 0x02, 0x02, 0x03, 0x09, 0x04, 0x0F, 0x00, 0xAC, 0x84, 0x4C,
    0x00, 0x6C, 0x84, 0x4C, 0x00, 0xAC, 0x04, 0x0F, 0x01, 0x1E, 0x12, 0x82, 0x02, 0x08, 0x12, 0x1E,
    0x72, 0x96, 0x29, 0x52, 0x3D, 0x12, 0x02, 0x04, 0x0F, 0x06, 0x25, 0x05, 0x06, 0x06, 0x06, 0x19,
    0x13, 0x84, 0x02, 0x01, 0x13, 0x19, 0x04, 0x0F, 0x07, 0x86, 0x21, 0x13, 0x13, 0x13, 0x21, 0x19,
    0x13, 0x83, 0x02, 0x01, 0x13, 0x19, 0x08, 0x0B, 0x00, 0x11, 0x88, 0x06, 0x08, 0x0B, 0x81, 0x0C,
    0x04, 0x24, 0x45, 0x27, 0x45, 0x24, 0x81, 0x0C, 0x08, 0x0B, 0x0A, 0x18, 0x02, 0x08, 0x08, 0x08,
    0x6A, 0x08, 0x08, 0x08, 0x02, 0x18, 0x08, 0x0B, 0x01, 0x5D, 0x3D, 0x86, 0x12, 0x00, 0x02, 0x08,
    0x0B, 0x04, 0x02, 0x39, 0xF1, 0xED, 0x0C, 0x84, 0x02, 0x08, 0x0B, 0x83, 0x02, 0x00, 0x11, 0x83,
    0x02, 0x08, 0x0B, 0x00, 0x11, 0x88, 0x01, 0x08, 0x0E, 0x87, 0x02, 0x01, 0x12, 0x77, 0x81, 0x1D,
    0x08, 0x0B, 0x82, 0x02, 0x01, 0x12, 0x1E, 0x83, 0x08, 0x08, 0x0B, 0x87, 0x0C, 0x01, 0x84, 0x1E,
    0x08, 0x0E, 0x87, 0x0C, 0x01, 0x84, 0x77, 0x81, 0x1D, 0x08, 0x0B, 0x04, 0x3A, 0x05, 0x05, 0x2A,
    0x03, 0x82, 0x12, 0x01, 0x03, 0x2A, 0x08, 0x0B, 0x81, 0x02, 0x01, 0xB6, 0x0C, 0x82, 0x40, 0x01,
    0x0C, 0xB6, 0x08, 0x0B, 0x81, 0x05, 0x01, 0x2A, 0x03, 0x82, 0x12, 0x01, 0x03, 0x2A, 0x08, 0x0B,
    0x0A, 0x09, 0x03, 0x02, 0x08, 0x08, 0x5D, 0x08, 0x08, 0x02, 0x03, 0x09, 0x08, 0x0B, 0x00, 0xAC,
    0x82, 0x4C, 0x00, 0x6C, 0x82, 0x4C, 0x00, 0xAC, 0x08, 0x0B, 0x00, 0x5A, 0x82, 0x02, 0x05, 0x5A,
    0x96, 0x29, 0x52, 0x3D, 0x12, 0x04, 0x13, 0x05, 0x06, 0x15, 0x06, 0x06, 0x19, 0x13, 0x87, 0x02,
    0x03, 0x08, 0x08, 0x04, 0x2F, 0x04, 0x0F, 0x04, 0x10, 0x0F, 0x01, 0x00, 0x11, 0x88, 0x06, 0x08,
    0x0B, 0x0A, 0x09, 0x03, 0x02, 0x06, 0x06, 0x66, 0x06, 0x06, 0x02, 0x03, 0x09, 0x08, 0x0B, 0x04,
    0x6F, 0x23, 0x22, 0x7B, 0x91, 0x82, 0x46, 0x01, 0x91, 0x7B, 0x08, 0x0B, 0x82, 0x22, 0x06, 0x7B,
    0xD3, 0x46, 0x46, 0x46, 0x91, 0x7B, 0x04, 0x0F, 0x0E, 0x10, 0x0F, 0x01, 0x00, 0x12, 0x03, 0x43,
    0x35, 0x50, 0x59, 0x50, 0x35, 0x43, 0x03, 0x12, 0x04, 0x13, 0x03, 0x03, 0x03, 0x09, 0x00, 0x87,
    0x02, 0x05, 0x4F, 0x53, 0x08, 0x08, 0x04, 0x2A, 0x08, 0x0E, 0x88, 0x02, 0x00, 0x11, 0x81, 0x01,
    0x04, 0x0F, 0x06, 0x06, 0x06, 0x15, 0x06, 0x06, 0x19, 0x13, 0x84, 0x02, 0x01, 0x13, 0x19, 0x04,
    0x0F, 0x81, 0x05, 0x05, 0x15, 0x05, 0x05, 0x05, 0x2A, 0x03, 0x82, 0x12, 0x01, 0x03, 0x2A, 0x04,
    0x0F, 0x09, 0x11, 0x02, 0x03, 0x03, 0x0B, 0x0B, 0x17, 0x27, 0x45, 0x24, 0x83, 0x0C, 0x08, 0x0B,
    0x07, 0x11, 0x02, 0x03, 0x0B, 0x17, 0x27, 0x45, 0x24, 0x81, 0x0C, 0x01, 0x12, 0x81, 0x08, 0x00,
    0x11, 0x8C, 0x06, 0x05, 0x0E, 0x81, 0x08, 0x00, 0x11, 0x88, 0x06, 0x04, 0x0F, 0x00, 0x11, 0x84,
    0x06, 0x00, 0x15, 0x85, 0x06, 0x08, 0x0B, 0x00, 0x11, 0x82, 0x06, 0x00, 0x15, 0x83, 0x06, 0x04,
    0x12, 0x00, 0x11, 0x84, 0x06, 0x01, 0x19, 0x13, 0x84, 0x02, 0x02, 0x08, 0x04, 0x10, 0x08, 0x0E,
    0x00, 0x11, 0x82, 0x06, 0x01, 0x66, 0x21, 0x82, 0x13, 0x02, 0x04, 0x10, 0x0F, 0x04, 0x12, 0x83,
    0x0C, 0x04, 0x24, 0x45, 0x27, 0x45, 0x24, 0x82, 0x0C, 0x00, 0xC6, 0x81, 0x1D, 0x08, 0x0E, 0x81,
    0x0C, 0x07, 0x24, 0x45, 0x27, 0x45, 0x24, 0x0C, 0x0C, 0xC6, 0x81, 0x1D, 0x04, 0x13, 0x0E, 0x09,
    0x03, 0x02, 0x08, 0x08, 0x08, 0x04, 0x1F, 0x04, 0x08, 0x08, 0x08, 0x02, 0x03, 0x09, 0x82, 0x01,
    0x08, 0x0F, 0x0A, 0x18, 0x02, 0x08, 0x08, 0x08, 0x6A, 0x08, 0x08, 0x08, 0x02, 0x18, 0x82, 0x01,
    0x04, 0x12, 0x0E, 0x02, 0x13, 0x21, 0x44, 0x23, 0x3F, 0x38, 0x31, 0x38, 0x3F, 0x23, 0x44, 0x21,
    0x13, 0x79, 0x81, 0x1D, 0x08, 0x0E, 0x0A, 0x12, 0x03, 0x43, 0x35, 0x50, 0x59, 0x50, 0x35, 0x43,
    0x03, 0xFF, 0x06, 0x02, 0x81, 0x1D, 0x04, 0x0F, 0x0E, 0x02, 0x02, 0x13, 0x21, 0xAF, 0x8E, 0xF3,
    0xB4, 0xF3, 0x8E, 0xAF, 0x21, 0x13, 0x02, 0x02, 0x08, 0x0B, 0x0A, 0x02, 0x13, 0xF0, 0xAF, 0x8E,
    0xC9, 0x8E, 0xAF, 0xF0, 0x13, 0x02, 0x04, 0x0F, 0x0E, 0xCF, 0xFF, 0x08, 0x0C, 0x21, 0x44, 0x23,
    0x3F, 0x38, 0x31, 0x38, 0x3F, 0x23, 0x44, 0x21, 0x13, 0x02, 0x08, 0x0B, 0x0A, 0xFF, 0x04, 0x0E,
    0x03, 0x43, 0x35, 0x50, 0x59, 0x50, 0x35, 0x43, 0x03, 0x12, 0x04, 0x12, 0x85, 0x02, 0x00, 0x11,
    0x84, 0x02, 0x00, 0x79, 0x81, 0x1D, 0x08, 0x0E, 0x83, 0x02, 0x00, 0x11, 0x82, 0x02, 0x00, 0x79,
    0x81, 0x1D, 0x04, 0x0F, 0x00, 0xE7, 0x84, 0x21, 0x00, 0x19, 0x85, 0x21, 0x08, 0x0B, 0x00, 0xE7,
    0x82, 0x21, 0x00, 0x19, 0x83, 0x21, 0x04, 0x13, 0x03, 0x09, 0x03, 0x02, 0x02, 0x85, 0x06, 0x03,
    0x02, 0x02, 0x03, 0x09, 0x82, 0x01, 0x08, 0x0F, 0x02, 0x09, 0x03, 0x02, 0x83, 0x06, 0x02, 0x02,
    0x03, 0x09, 0x82, 0x01, 0x04, 0x0F, 0x09, 0x02, 0x02, 0x03, 0x03, 0x0B, 0x0B, 0x17, 0x17, 0x01,
    0x18, 0x83, 0x01, 0x08, 0x0F, 0x81, 0x02, 0x81, 0x03, 0x05, 0x0B, 0x0B, 0x17, 0x17, 0x01, 0x18,
    0x81, 0x01, 0x04, 0x12, 0x0E, 0x02, 0x02, 0x03, 0x03, 0x0B, 0x0B, 0x17, 0x01, 0x17, 0x0B, 0x0B,
    0x03, 0x03, 0x02, 0x79, 0x81, 0x1D, 0x08, 0x0E, 0x0A, 0x02, 0x02, 0x03, 0x0B, 0x17, 0x01, 0x17,
    0x0B, 0x03, 0x02, 0x79, 0x81, 0x1D, 0x04, 0x12, 0x84, 0x02, 0x01, 0x12, 0x1E, 0x84, 0x08, 0x00,
    0x64, 0x81, 0x1D, 0x08, 0x0E, 0x82, 0x02, 0x01, 0x12, 0x1E, 0x82, 0x08, 0x00, 0x64, 0x81, 0x1D,
    0x04, 0x0F, 0x82, 0x02, 0x03, 0x0C, 0x0C, 0x84, 0x1E, 0x81, 0x29, 0x82, 0x08, 0x08, 0x0B, 0x05,
    0x02, 0x02, 0x0C, 0x0C, 0x84, 0x1E, 0x81, 0x29, 0x80, 0x08, 0x04, 0x0F, 0x84, 0x06, 0x01, 0x19,
    0x13, 0x85, 0x02, 0x08, 0x0B, 0x82, 0x06, 0x01, 0x19, 0x13, 0x83, 0x02, 0x00, 0x13, 0x03, 0x03,
    0x03, 0x09, 0x00, 0x83, 0x0C, 0x04, 0x24, 0x45, 0x27, 0x45, 0x24, 0x83, 0x0C, 0x04, 0x0F, 0x0B,
    0x03, 0x03, 0x09, 0x00, 0x0C, 0x0C, 0x0C, 0x24, 0x45, 0x27, 0x45, 0x24, 0x81, 0x0C, 0x00, 0x13,
    0x81, 0x0B, 0x03, 0x00, 0x09, 0x03, 0x02, 0x82, 0x08, 0x00, 0x11, 0x83, 0x02, 0x01, 0x03, 0x09,
    0x04, 0x0F, 0x81, 0x0B, 0x0B, 0x00, 0x2A, 0x13, 0x08, 0x08, 0x08, 0x11, 0x02, 0x02, 0x02, 0x03,
    0x09, 0x00, 0x13, 0x81, 0x0B, 0x00, 0x00, 0x83, 0x0C, 0x04, 0x24, 0x45, 0x27, 0x45, 0x24, 0x83,
    0x0C, 0x04, 0x0F, 0x81, 0x0B, 0x08, 0x00, 0x0C, 0x0C, 0x0C, 0x24, 0x45, 0x27, 0x45, 0x24, 0x81,
    0x0C, 0x00, 0x13, 0x81, 0x0B, 0x0F, 0x00, 0x09, 0x03, 0x02, 0x08, 0x08, 0x08, 0x04, 0x1F, 0x04,
    0x08, 0x08, 0x08, 0x02, 0x03, 0x09, 0x04, 0x0F, 0x81, 0x0B, 0x0B, 0x00, 0x18, 0x02, 0x08, 0x08,
    0x08, 0x6A, 0x08, 0x08, 0x08, 0x02, 0x18, 0x01, 0x12, 0x02, 0x18, 0x00, 0x00, 0x82, 0x02, 0x06,
    0x4B, 0x48, 0x40, 0x0C, 0x41, 0x30, 0x4D, 0x82, 0x02, 0x00, 0x13, 0x81, 0x0B, 0x00, 0x00, 0x82,
    0x02, 0x06, 0x4B, 0x48, 0x40, 0x0C, 0x41, 0x30, 0x4D, 0x82, 0x02, 0x08, 0x0B, 0x0A, 0x09, 0x03,
    0x02, 0x02, 0x02, 0x11, 0x02, 0x02, 0x02, 0x03, 0x09, 0x00, 0x13, 0x81, 0x0B, 0x02, 0x00, 0x09,
    0x03, 0x83, 0x02, 0x00, 0x11, 0x83, 0x02, 0x01, 0x03, 0x09, 0x04, 0x0F, 0x81, 0x0B, 0x0B, 0x00,
    0x09, 0x03, 0x02, 0x02, 0x02, 0x11, 0x02, 0x02, 0x02, 0x03, 0x09, 0x00, 0x13, 0x81, 0x0B, 0x03,
    0x00, 0x09, 0x03, 0x02, 0x82, 0x08, 0x00, 0x5D, 0x82, 0x08, 0x02, 0x02, 0x03, 0x09, 0x04, 0x0F,
    0x81, 0x0B, 0x0B, 0x00, 0x09, 0x03, 0x02, 0x08, 0x08, 0x5D, 0x08, 0x08, 0x02, 0x03, 0x09, 0x01,
    0x12, 0x02, 0x18, 0x00, 0x00, 0x85, 0x02, 0x01, 0x12, 0x1E, 0x82, 0x08, 0x01, 0x04, 0x2A, 0x00,
    0x13, 0x81, 0x0B, 0x00, 0x00, 0x85, 0x02, 0x01, 0x12, 0x1E, 0x82, 0x08, 0x01, 0x04, 0x2A, 0x00,
    0x13, 0x03, 0x29, 0x2D, 0x0B, 0x00, 0x85, 0x02, 0x01, 0x12, 0x1E, 0x82, 0x08, 0x01, 0x04, 0x2A,
    0x04, 0x13, 0x03, 0x29, 0x2D, 0x0B, 0x00, 0x87, 0x02, 0x05, 0x4F, 0x53, 0x08, 0x08, 0x04, 0x2A,
    0x00, 0x13, 0x81, 0x0B, 0x00, 0x00, 0x84, 0x02, 0x01, 0x12, 0x1E, 0x85, 0x08, 0x04, 0x0F, 0x81,
    0x0B, 0x00, 0x00, 0x82, 0x02, 0x01, 0x12, 0x1E, 0x83, 0x08, 0x00, 0x13, 0x81, 0x0B, 0x00, 0x00,
    0x83, 0x1C, 0x01, 0x6C, 0x9C, 0x84, 0x5E, 0x01, 0x9C, 0x6C, 0x04, 0x0F, 0x81, 0x0B, 0x05, 0x00,
    0x02, 0x02, 0x02, 0xB6, 0x0C, 0x82, 0x40, 0x01, 0x0C, 0xB6, 0x04, 0x0F, 0x0E, 0x12, 0x12, 0x3D,
    0x3D, 0x52, 0x52, 0xDC, 0x24, 0xE8, 0x44, 0x44, 0x21, 0x21, 0x13, 0x13, 0x04, 0x0F, 0x01, 0x2B,
    0x10, 0x8A, 0x04, 0x00, 0x2E, 0x04, 0x0F, 0x01, 0x6F, 0x0F, 0x85, 0x10, 0x05, 0x2F, 0x73, 0x2D,
    0x14, 0x12, 0x02, 0x04, 0x0F, 0x00, 0x2E, 0x8C, 0x04, 0x04, 0x0F, 0x03, 0x19, 0x04, 0x08, 0x08,
    0x89, 0x02, 0x04, 0x0F, 0x01, 0x55, 0x0E, 0x8B, 0x01, 0x04, 0x0F, 0x02, 0x18, 0x10, 0x0F, 0x8A,
    0x01, 0x04, 0x0F, 0x01, 0x19, 0x13, 0x8B, 0x02, 0x04, 0x0F, 0x01, 0xFF, 0x30, 0x04, 0x13, 0x89,
    0x02, 0x01, 0x03, 0x09, 0x04, 0x08, 0x01, 0x55, 0x0E, 0x84, 0x01, 0x04, 0x13, 0x01, 0x19, 0x04,
    0x8F, 0x08, 0x04, 0x0F, 0x01, 0x19, 0x04, 0x89, 0x08, 0x01, 0x04, 0x19, 0x01, 0x12, 0x81, 0x06,
    0x00, 0x11, 0x83, 0x08, 0x03, 0x04, 0x10, 0x0F, 0x01, 0x83, 0x0E, 0x04, 0x0F, 0x01, 0x19, 0x13,
    0x8A, 0x02, 0x00, 0x11, 0x04, 0x0F, 0x02, 0xFF, 0x78, 0x0C, 0xFF, 0x84, 0x02, 0xFF, 0x02, 0x03,
    0x89, 0x28, 0x00, 0xFF, 0x1E, 0x02, 0x04, 0x13, 0x01, 0xC9, 0x01, 0x8F, 0x0F, 0x04, 0x0F, 0x01,
    0x6F, 0x0F, 0x8A, 0x10, 0x00, 0x2A, 0x04, 0x0F, 0x01, 0x42, 0x12, 0x89, 0x28, 0x01, 0x3D, 0x6A,
    0x04, 0x0F, 0x81, 0x02, 0x81, 0x12, 0x08, 0x3D, 0x14, 0x14, 0x0A, 0x0A, 0x07, 0x1B, 0x33, 0x31,
    0x04, 0x13, 0x01, 0x19, 0x13, 0x82, 0x02, 0x01, 0x12, 0xDD, 0x89, 0x08, 0x04, 0x0F, 0x01, 0x19,
    0x13, 0x82, 0x02, 0x01, 0x12, 0xDD, 0x83, 0x08, 0x01, 0x04, 0x19, 0x04, 0x13, 0x07, 0x02, 0x02,
    0x12, 0x12, 0x3D, 0x14, 0x0A, 0x17, 0x89, 0x01, 0x04, 0x0F, 0x0E, 0x02, 0x02, 0x12, 0x12, 0x3D,
    0x14, 0x0A, 0x17, 0x01, 0x0F, 0x0F, 0x10, 0x10, 0x04, 0x7A, 0x04, 0x13, 0x09, 0x11, 0x08, 0x08,
    0x08, 0x02, 0x02, 0x13, 0x21, 0x44, 0x23, 0x83, 0x3F, 0x82, 0x06, 0x04, 0x0F, 0x01, 0x19, 0x04,
    0x8B, 0x08, 0x04, 0x0F, 0x85, 0x0C, 0x01, 0x41, 0xFF, 0x04, 0x07, 0x82, 0x02, 0x01, 0x13, 0x19,
    0x04, 0x0F, 0x01, 0x42, 0x12, 0x8A, 0x28, 0x00, 0xFF, 0x02, 0x0C, 0x04, 0x13, 0x01, 0x19, 0x13,
    0x89, 0x02, 0x02, 0x13, 0x19, 0x00, 0x81, 0x0E, 0x04, 0x13, 0x82, 0x08, 0x01, 0x1E, 0x12, 0x85,
    0x02, 0x02, 0x12, 0x1E, 0x00, 0x81, 0x0F, 0x04, 0x12, 0x11, 0x02, 0x13, 0x21, 0x44, 0x23, 0x3F,
    0x38, 0x31, 0x38, 0x3F, 0x23, 0x44, 0x21, 0x13, 0x02, 0x00, 0x00, 0x18, 0x04, 0x12, 0x82, 0x05,
    0x0D, 0x12, 0x03, 0x43, 0x35, 0x50, 0x59, 0x50, 0x35, 0x43, 0x03, 0x12, 0x00, 0x00, 0x25, 0x04,
    0x13, 0x8C, 0x06, 0x01, 0x11, 0x00, 0x81, 0x01, 0x04, 0x13, 0x00, 0x3E, 0x8B, 0x01, 0x01, 0x09,
    0x00, 0x81, 0x01, 0x00, 0x13, 0x81, 0x01, 0x07, 0x00, 0x1C, 0x20, 0x4E, 0x4E, 0x51, 0x6B, 0x6B,
    0x86, 0x1C, 0x04, 0x0F, 0x81, 0x0E, 0x02, 0x00, 0x19, 0xAE, 0x87, 0x0C, 0x04, 0x13, 0x06, 0x1C,
    0x20, 0x4E, 0x4E, 0x51, 0x6B, 0x6B, 0x86, 0x1C, 0x00, 0x00, 0x81, 0x01, 0x08, 0x0F, 0x01, 0x19,
    0xAE, 0x87, 0x0C, 0x00, 0x00, 0x81, 0x01, 0x00, 0x13, 0x81, 0x01, 0x00, 0x00, 0x82, 0x02, 0x06,
    0x4D, 0x30, 0x41, 0x0C, 0x40, 0x48, 0x4B, 0x82, 0x02, 0x04, 0x0F, 0x81, 0x0E, 0x02, 0x00, 0x19,
    0x13, 0x87, 0x02, 0x04, 0x13, 0x82, 0x02, 0x06, 0x4D, 0x30, 0x41, 0x0C, 0x40, 0x48, 0x4B, 0x82,
    0x02, 0x00, 0x00, 0x81, 0x01, 0x08, 0x0F, 0x01, 0x19, 0x13, 0x87, 0x02, 0x00, 0x00, 0x81, 0x01,
    0x04, 0x13, 0x00, 0x11, 0x8C, 0x01, 0x00, 0x00, 0x81, 0x01, 0x04, 0x13, 0x82, 0x01, 0x00, 0x18,
    0x87, 0x01, 0x01, 0x6D, 0x00, 0x81, 0x10, 0x04, 0x13, 0x00, 0x11, 0x84, 0x06, 0x00, 0x19, 0x84,
    0x06, 0x01, 0x11, 0x00, 0x81, 0x01, 0x08, 0x0F, 0x0B, 0x09, 0x03, 0x02, 0x02, 0x02, 0x11, 0x06,
    0x06, 0x06, 0x12, 0x25, 0x00, 0x81, 0x01, 0x00, 0x13, 0x04, 0x57, 0x24, 0x54, 0x00, 0x11, 0x84,
    0x06, 0x00, 0x19, 0x84, 0x06, 0x00, 0x11, 0x04, 0x0F, 0x0E, 0x57, 0x24, 0x54, 0x00, 0x09, 0x03,
    0x02, 0x02, 0x02, 0x11, 0x06, 0x06, 0x06, 0x12, 0x25, 0x04, 0x13, 0x00, 0x09, 0x8B, 0x01, 0x01,
    0x09, 0x00, 0x81, 0x01, 0x04, 0x13, 0x81, 0x01, 0x01, 0x00, 0x3E, 0x87, 0x01, 0x01, 0x09, 0x00,
    0x81, 0x01, 0x04, 0x13, 0x01, 0x09, 0x03, 0x89, 0x02, 0x02, 0x03, 0x09, 0x00, 0x81, 0x01, 0x08,
    0x0F, 0x01, 0x09, 0x03, 0x85, 0x02, 0x02, 0x03, 0x09, 0x00, 0x81, 0x01, 0x04, 0x13, 0x8B, 0x02,
    0x02, 0x03, 0x09, 0x00, 0x81, 0x01, 0x08, 0x0F, 0x87, 0x02, 0x02, 0x12, 0x1E, 0x00, 0x81, 0x0F,
    0x00, 0x13, 0x0B, 0x57, 0x24, 0x54, 0x00, 0x02, 0x02, 0x03, 0x03, 0x0B, 0x0B, 0x17, 0x17, 0x85,
    0x01, 0x04, 0x13, 0x03, 0x57, 0x24, 0x54, 0x00, 0x87, 0x02, 0x05, 0x4F, 0x53, 0x08, 0x08, 0x04,
    0x2A, 0x0B, 0x01, 0x00, 0x5B, 0x04, 0x0F, 0x8D, 0x0A, 0x14, 0x04, 0x03, 0x11, 0x00, 0x00, 0x11,
    0x02, 0x05, 0x00, 0x0F, 0x82, 0x01, 0x02, 0x05, 0x82, 0x01, 0x00, 0x0E, 0x02, 0x05, 0x82, 0x01,
    0x00, 0x0F, 0x02, 0x05, 0x00, 0x29, 0x82, 0x2D, 0x02, 0x05, 0x82, 0x0B, 0x00, 0x35, 0x0F, 0x05,
    0x82, 0x2D, 0x00, 0x0B, 0x02, 0x05, 0x82, 0x0B, 0x00, 0x2D, 0x04, 0x0F, 0x81, 0x01, 0x00, 0x11,
    0x89, 0x01, 0x04, 0x0F, 0x81, 0x01, 0x00, 0x11, 0x85, 0x01, 0x00, 0x11, 0x81, 0x01, 0x09, 0x06,
    0x00, 0x1F, 0x82, 0x25, 0x00, 0x1F, 0x10, 0x03, 0x81, 0x0C, 0x05, 0x0E, 0x0D, 0xE3, 0xEC, 0xFF,
    0xA0, 0x04, 0xFF, 0x20, 0x03, 0x01, 0x01, 0x0E, 0x0E, 0x16, 0x16, 0xFF, 0x6C, 0x02, 0xFF, 0x92,
    0x02, 0x51, 0xFF, 0x6C, 0x04, 0x02, 0x06, 0x84, 0x01, 0x02, 0x06, 0x84, 0x0B, 0x08, 0x0B, 0x0A,
    0x04, 0x10, 0x0F, 0x01, 0x0E, 0x16, 0x0E, 0x01, 0x0F, 0x10, 0x04, 0x08, 0x0B, 0x0A, 0x16, 0x0E,
    0x01, 0x0F, 0x10, 0x04, 0x10, 0x0F, 0x01, 0x0E, 0x16, 0x04, 0x0F, 0x88, 0x0B, 0x80, 0x00, 0x81,
    0x0B, 0x02, 0x09, 0x00, 0x1F, 0x85, 0x14, 0x00, 0x1F, 0x01, 0x0A, 0x03, 0x01, 0x01, 0x00, 0x1B,
    0x83, 0x01, 0x00, 0x27, 0x02, 0x09, 0x08, 0x04, 0x3C, 0xA2, 0x82, 0x2D, 0x14, 0x25, 0x04, 0x04,
    0x02, 0x09, 0x08, 0x09, 0x16, 0x16, 0x16, 0x09, 0x04, 0x04, 0x04, 0x09, 0x02, 0x09, 0x08, 0x1F,
    0x16, 0x16, 0x16, 0x09, 0x14, 0x14, 0x14, 0x1F, 0x02, 0x09, 0x08, 0x25, 0x14, 0x04, 0x10, 0x10,
    0x0F, 0x0F, 0x01, 0x01, 0x02, 0x09, 0x08, 0x1F, 0x14, 0x14, 0x14, 0x1F, 0x14, 0x14, 0x14, 0x1F,
    0x02, 0x09, 0x08, 0x1F, 0x14, 0x14, 0x14, 0x6A, 0x04, 0x04, 0x04, 0x1F, 0x03, 0x07, 0x81, 0x01,
    0x00, 0x18, 0x81, 0x01, 0x06, 0x01, 0x00, 0x18, 0x04, 0x05, 0x04, 0x18, 0x00, 0x00, 0x00, 0x18,
    0x02, 0x09, 0x01, 0x0F, 0x01, 0x83, 0x0E, 0x01, 0x01, 0x0F, 0x02, 0x09, 0x01, 0x0E, 0x01, 0x83,
    0x0F, 0x01, 0x01, 0x0E, 0x03, 0x08, 0x00, 0x09, 0x85, 0x14, 0x0C, 0x09, 0x00, 0x1F, 0x85, 0x14,
    0x00, 0x1F, 0x0C, 0x09, 0x02, 0x01, 0x1B, 0x6E, 0x83, 0x01, 0x00, 0x09, 0x0C, 0x09, 0x08, 0x1F,
    0x14, 0x14, 0x04, 0x10, 0x0F, 0x01, 0x0E, 0x25, 0x0C, 0x09, 0x08, 0x1F, 0x14, 0x04, 0x04, 0x5F,
    0x04, 0x04, 0x14, 0x1F, 0x0C, 0x09, 0x08, 0x04, 0x3C, 0xA2, 0x82, 0x2D, 0x14, 0x25, 0x04, 0x04,
    0x0C, 0x09, 0x08, 0x09, 0x16, 0x16, 0x16, 0x09, 0x04, 0x04, 0x04, 0x09, 0x0C, 0x09, 0x08, 0x1F,
    0x16, 0x16, 0x16, 0x09, 0x14, 0x14, 0x14, 0x1F, 0x0C, 0x09, 0x08, 0x25, 0x14, 0x04, 0x10, 0x10,
    0x0F, 0x0F, 0x01, 0x01, 0x0C, 0x09, 0x08, 0x1F, 0x14, 0x14, 0x14, 0x1F, 0x14, 0x14, 0x14, 0x1F,
    0x0C, 0x09, 0x08, 0x1F, 0x14, 0x14, 0x14, 0x6A, 0x04, 0x04, 0x04, 0x1F, 0x0D, 0x07, 0x81, 0x01,
    0x00, 0x18, 0x81, 0x01, 0x10, 0x01, 0x00, 0x18, 0x0E, 0x05, 0x04, 0x18, 0x00, 0x00, 0x00, 0x18,
    0x0C, 0x09, 0x01, 0x0F, 0x01, 0x83, 0x0E, 0x01, 0x01, 0x0F, 0x0C, 0x09, 0x01, 0x0E, 0x01, 0x83,
    0x0F, 0x01, 0x01, 0x0E, 0x0D, 0x08, 0x07, 0x1F, 0x04, 0x04, 0x6A, 0x14, 0x14, 0x14, 0x6A, 0x0D,
    0x08, 0x07, 0x1F, 0x14, 0x14, 0x25, 0x16, 0x16, 0x14, 0x1F, 0x0D, 0x08, 0x00, 0x1F, 0x84, 0x14,
    0x00, 0x1F, 0x0D, 0x08, 0x07, 0x14, 0x14, 0x0A, 0x07, 0x07, 0x0A, 0x14, 0x14, 0x0D, 0x08, 0x07,
    0x1F, 0x14, 0x04, 0x04, 0x25, 0x14, 0x14, 0x1F, 0x0A, 0x0B, 0x81, 0x16, 0x00, 0x09, 0x85, 0x14,
    0x0A, 0x0B, 0x81, 0x16, 0x07, 0x14, 0x0B, 0xA3, 0x6E, 0x3E, 0xA3, 0x0B, 0x14, 0x0A, 0x0B, 0x00,
    0x1B, 0x87, 0x01, 0x00, 0x27, 0x0D, 0x08, 0x00, 0x7A, 0x85, 0x0C, 0x0D, 0x0B, 0x00, 0x09, 0x84,
    0x14, 0x00, 0x09, 0x81, 0x16, 0x04, 0x0F, 0x01, 0xB7, 0x44, 0x82, 0x21, 0x03, 0x44, 0xFF, 0xC8,
    0x07, 0x13, 0xAD, 0x82, 0x13, 0x00, 0x79, 0x04, 0x0F, 0x03, 0x6C, 0x9C, 0x5E, 0x5E, 0x85, 0x51,
    0x03, 0x88, 0x88, 0x41, 0xFF, 0xF8, 0x04, 0x05, 0x0E, 0x0D, 0x1F, 0x14, 0x12, 0x06, 0x06, 0x2B,
    0x06, 0x06, 0x2B, 0x06, 0x06, 0x12, 0x14, 0x1F, 0x04, 0x0F, 0x0A, 0x11, 0x01, 0x01, 0x01, 0xFF,
    0x58, 0x00, 0x07, 0x1B, 0xE5, 0x07, 0x1B, 0xE4, 0x82, 0x01, 0x04, 0x0F, 0x03, 0x09, 0xA8, 0x30,
    0x30, 0x85, 0x38, 0x03, 0x30, 0x30, 0xA8, 0x09, 0x04, 0x0F, 0x81, 0x02, 0x08, 0x4D, 0x30, 0xFF,
    0x84, 0x06, 0xF2, 0xED, 0xE9, 0xFF, 0x2C, 0x04, 0x48, 0x4B, 0x81, 0x02, 0x04, 0x0F, 0x01, 0x90,
    0xFF, 0x26, 0x08, 0x80, 0xFF, 0x29, 0x0C, 0x0A, 0xFF, 0x26, 0x0A, 0xFF, 0x20, 0x0A, 0xFA, 0xFA,
    0xFF, 0xA0, 0x08, 0xFF, 0xAF, 0x08, 0xF9, 0xF9, 0xFF, 0x2F, 0x08, 0x90, 0x90, 0x04, 0x11, 0x01,
    0x09, 0xA8, 0x88, 0x30, 0x04, 0xF2, 0xFF, 0x28, 0x03, 0x09, 0x04, 0x08, 0x04, 0x0F, 0x01, 0x19,
    0xC7, 0x82, 0x30, 0x08, 0xC7, 0xB0, 0x8E, 0xFF, 0xA0, 0x05, 0xFF, 0x50, 0x05, 0xFF, 0x28, 0x05,
    0xF1, 0x4E, 0xC8, 0x04, 0x06, 0x02, 0xFF, 0xA2, 0x0F, 0xFF, 0x36, 0x02, 0xFF, 0x2A, 0x02, 0x81,
    0xC3, 0x04, 0x0F, 0x0E, 0x11, 0x08, 0x08, 0x60, 0x72, 0xA2, 0x73, 0x17, 0x6E, 0x8D, 0x38, 0x31,
    0x06, 0x06, 0x11, 0x04, 0x0F, 0x0E, 0x43, 0x43, 0x14, 0x14, 0x52, 0x83, 0xDC, 0x24, 0xE8, 0x44,
    0x44, 0x21, 0x21, 0x03, 0x14, 0x07, 0x09, 0x08, 0x0E, 0x16, 0x05, 0x06, 0x2E, 0x06, 0x05, 0x16,
    0x0E, 0x04, 0x0F, 0x04, 0x01, 0x27, 0x45, 0x24, 0x0C, 0x88, 0x01, 0x07, 0x09, 0x08, 0x0F, 0x10,
    0x04, 0x08, 0x2E, 0x08, 0x04, 0x10, 0x0F, 0x04, 0x0F, 0x88, 0x01, 0x04, 0x0C, 0x24, 0x45, 0x27,
    0x01, 0x07, 0x09, 0x08, 0x0A, 0x14, 0x12, 0x1C, 0x0D, 0x1C, 0x12, 0x14, 0x0A, 0x04, 0x0F, 0x04,
    0x01, 0x27, 0x45, 0x24, 0x0C, 0x83, 0x01, 0x04, 0x0C, 0x24, 0x45, 0x27, 0x01, 0x07, 0x09, 0x08,
    0x83, 0x75, 0x28, 0x1C, 0x2E, 0x1C, 0x28, 0x75, 0x83, 0x07, 0x09, 0x08, 0x90, 0xCB, 0xCA, 0xB9,
    0x2E, 0xB9, 0xCA, 0xCB, 0x90, 0x04, 0x0F, 0x04, 0x01, 0x27, 0x45, 0x24, 0x0C, 0x82, 0x01, 0x05,
    0x0C, 0x24, 0x45, 0x27, 0x01, 0x11, 0x04, 0x0F, 0x84, 0x1D, 0x08, 0x83, 0x75, 0x28, 0x1C, 0x2E,
    0x06, 0x05, 0x16, 0x0E, 0x04, 0x0F, 0x84, 0x26, 0x08, 0x90, 0xCB, 0xCA, 0xB9, 0x2E, 0x08, 0x04,
    0x10, 0x0F, 0x06, 0x0D, 0x82, 0x1D, 0x08, 0x83, 0x75, 0x28, 0x1C, 0x2E, 0x06, 0x05, 0x16, 0x0E,
    0x06, 0x0B, 0x04, 0xC9, 0x33, 0xFF, 0x88, 0x02, 0x41, 0x41, 0x82, 0x02, 0x01, 0x03, 0x09, 0x07,
    0x0A, 0x09, 0x16, 0x05, 0x06, 0x2E, 0x00, 0x00, 0x2E, 0x08, 0x04, 0x10, 0x07, 0x0A, 0x09, 0x10,
    0x04, 0x08, 0x2E, 0x00, 0x00, 0x2E, 0x06, 0x05, 0x16, 0x07, 0x0A, 0x09, 0x0E, 0x16, 0x05, 0x5B,
    0x68, 0x68, 0x5B, 0x05, 0x16, 0x0E, 0x04, 0x0F, 0x04, 0x07, 0x1F, 0x58, 0xA6, 0x51, 0x88, 0x0A,
    0x07, 0x0A, 0x09, 0x0F, 0x10, 0x04, 0x37, 0x64, 0x64, 0x37, 0x04, 0x10, 0x0F, 0x04, 0x0F, 0x88,
    0x0A, 0x04, 0x51, 0xA6, 0x58, 0x1F, 0x07, 0x07, 0x0A, 0x03, 0x0A, 0x14, 0x12, 0x5B, 0x80, 0xFF,
    0x03, 0x0C, 0x03, 0x5B, 0x12, 0x14, 0x0A, 0x04, 0x0F, 0x04, 0x07, 0x1F, 0x58, 0xA6, 0x51, 0x83,
    0x0A, 0x04, 0x51, 0xA6, 0x58, 0x1F, 0x07, 0x04, 0x0F, 0x81, 0x02, 0x02, 0x03, 0x18, 0x03, 0x81,
    0x0B, 0x81, 0x17, 0x81, 0x01, 0x04, 0x0F, 0x00, 0x11, 0x84, 0x08, 0x00, 0x11, 0x84, 0x08, 0x00,
    0x11, 0x02, 0x13, 0x12, 0x08, 0x08, 0x11, 0x60, 0x72, 0x72, 0x96, 0x96, 0x29, 0x11, 0x29, 0x52,
    0x52, 0x3D, 0x3D, 0x12, 0x11, 0x06, 0x06, 0x06, 0x0B, 0x0A, 0x1D, 0x53, 0x03, 0x48, 0x40, 0x0C,
    0x41, 0x30, 0x03, 0xB0, 0x26, 0x04, 0x0F, 0x02, 0x11, 0x02, 0x02, 0x81, 0x03, 0x81, 0x0B, 0x81,
    0x17, 0x81, 0x01, 0x04, 0x0F, 0x02, 0x5D, 0x16, 0x05, 0x82, 0x06, 0x00, 0x11, 0x82, 0x06, 0x02,
    0x05, 0x16, 0x5D, 0x02, 0x13, 0x12, 0x1D, 0x1D, 0x5D, 0x3D, 0x03, 0x13, 0x21, 0x21, 0x44, 0x11,
    0x23, 0x3F, 0x3F, 0x38, 0x55, 0x55, 0xFF, 0xFC, 0x02, 0x06, 0x06, 0x06, 0x0B, 0x0A, 0x5D, 0x16,
    0x05, 0x06, 0x06, 0x11, 0x06, 0x06, 0x05, 0x16, 0x5D, 0x04, 0x0F, 0x02, 0x66, 0x10, 0x04, 0x82,
    0x08, 0x00, 0x11, 0x82, 0x08, 0x02, 0x04, 0x10, 0x66, 0x02, 0x13, 0x12, 0x06, 0x06, 0x2A, 0x03,
    0x3D, 0x75, 0x83, 0x83, 0x5C, 0x78, 0x65, 0xC0, 0xC0, 0xD4, 0x60, 0x60, 0xFF, 0xF4, 0x03, 0x1D,
    0x1D, 0x06, 0x0B, 0x0A, 0x66, 0x10, 0x04, 0x08, 0x08, 0x11, 0x08, 0x08, 0x04, 0x10, 0x66, 0x07,
    0x0C, 0x02, 0x11, 0x00, 0x00, 0x82, 0x01, 0x00, 0x11, 0x82, 0x01, 0x05, 0x0E, 0x81, 0x01, 0x80,
    0x00, 0x82, 0x01, 0x00, 0x11, 0x82, 0x01, 0x07, 0x09, 0x08, 0x08, 0x04, 0x10, 0x0F, 0x01, 0x0E,
    0x16, 0x05, 0x06, 0x07, 0x09, 0x08, 0x06, 0x05, 0x16, 0x0E, 0x01, 0x0F, 0x10, 0x04, 0x08, 0x0A,
    0x04, 0x03, 0x07, 0x1F, 0x1F, 0x07, 0x02, 0x11, 0x00, 0x81, 0x85, 0x04, 0x81, 0x13, 0x05, 0x03,
    0x14, 0x2D, 0x82, 0xA2, 0x3C, 0x08, 0x07, 0x00, 0xAA, 0x83, 0x0C, 0x00, 0xAA, 0x07, 0x09, 0x86,
    0x06, 0x00, 0x11, 0x08, 0x0B, 0x80, 0x01, 0x80, 0x17, 0x80, 0x0B, 0x81, 0x03, 0x80, 0x02, 0x08,
    0x0B, 0x80, 0x02, 0x81, 0x03, 0x80, 0x0B, 0x80, 0x17, 0x80, 0x01, 0x07, 0x0C, 0x01, 0x09, 0x03,
    0x88, 0x02, 0x07, 0x0C, 0x88, 0x02, 0x01, 0x03, 0x09, 0x08, 0x07, 0x06, 0xC5, 0x0C, 0xAB, 0x00,
    0xC5, 0x0C, 0xAB, 0x07, 0x09, 0x08, 0x08, 0x11, 0x10, 0x0F, 0x01, 0x0E, 0x16, 0x11, 0x06, 0x06,
    0x0B, 0x00, 0x11, 0x82, 0x00, 0x00, 0x11, 0x82, 0x00, 0x00, 0x11, 0x04, 0x0F, 0x0E, 0x04, 0x10,
    0x0F, 0x01, 0x0E, 0x16, 0x05, 0x16, 0x0E, 0x01, 0x0F, 0x10, 0x04, 0x00, 0x11, 0x04, 0x0F, 0x0E,
    0x05, 0x16, 0x0E, 0x01, 0x0F, 0x10, 0x04, 0x10, 0x0F, 0x01, 0x0E, 0x16, 0x05, 0x00, 0x11, 0x05,
    0x0D, 0x0C, 0x65, 0x29, 0x2D, 0x0B, 0x35, 0x23, 0xCD, 0x23, 0x35, 0x0B, 0x2D, 0x29, 0x65, 0x05,
    0x0D, 0x0C, 0xCD, 0x23, 0x35, 0x0B, 0x2D, 0x29, 0x65, 0x29, 0x2D, 0x0B, 0x35, 0x23, 0xCD, 0x06,
    0x0B, 0x02, 0x9B, 0x16, 0x05, 0x83, 0x06, 0x02, 0x05, 0x16, 0x9B, 0x06, 0x0B, 0x02, 0x19, 0x04,
    0x08, 0x83, 0x1D, 0x02, 0x08, 0x04, 0x19, 0x05, 0x0E, 0x02, 0x9B, 0x16, 0x05, 0x83, 0x06, 0x05,
    0x05, 0x16, 0x9B, 0x00, 0x00, 0x5B, 0x05, 0x0E, 0x02, 0x19, 0x04, 0x08, 0x83, 0x1D, 0x05, 0x08,
    0x04, 0x19, 0x00, 0x00, 0x5B, 0x07, 0x0C, 0x89, 0x01, 0x00, 0x11, 0x04, 0x0F, 0x01, 0x09, 0x03,
    0x8B, 0x02, 0x07, 0x0C, 0x03, 0x07, 0x0A, 0x14, 0x12, 0x85, 0x1C, 0x00, 0x5B, 0x04, 0x0F, 0x00,
    0x1F, 0x8C, 0x0E, 0x04, 0x0F, 0x00, 0x1F, 0x8C, 0x10, 0x04, 0x0F, 0x8C, 0x0E, 0x00, 0x1F, 0x04,
    0x0F, 0x8C, 0x10, 0x00, 0x1F, 0x09, 0x06, 0x00, 0x11, 0x83, 0x06, 0x09, 0x06, 0x83, 0x06, 0x00,
    0x11, 0x04, 0x14, 0x02, 0x56, 0x29, 0x29, 0x8F, 0x01, 0x00, 0x13, 0x8E, 0x01, 0x02, 0x23, 0x23,
    0x59, 0x00, 0x18, 0x06, 0x08, 0x04, 0x10, 0x0F, 0x0F, 0x01, 0x01, 0x81, 0x0E, 0x82, 0x16, 0x88,
    0x05, 0x00, 0x18, 0x96, 0x05, 0x00, 0x18, 0x88, 0x05, 0x82, 0x16, 0x81, 0x0E, 0x06, 0x01, 0x01,
    0x0F, 0x0F, 0x10, 0x04, 0x08, 0x00, 0x18, 0x06, 0x05, 0x16, 0x0E, 0x01, 0x01, 0x0F, 0x0F, 0x81,
    0x10, 0x82, 0x04, 0x88, 0x08, 0x00, 0x18, 0x96, 0x08, 0x00, 0x18, 0x88, 0x08, 0x82, 0x04, 0x81,
    0x10, 0x06, 0x0F, 0x0F, 0x01, 0x01, 0x0E, 0x16, 0x05, 0x00, 0x18, 0x00, 0x5A, 0x95, 0x05, 0x00,
    0x18, 0x95, 0x05, 0x00, 0x5A, 0x00, 0x18, 0x00, 0x5A, 0x95, 0x08, 0x00, 0x18, 0x95, 0x08, 0x00,
    0x5A, 0x00, 0x18, 0x02, 0xD5, 0x07, 0x01, 0x93, 0x0E, 0x00, 0x18, 0x88, 0x0E, 0x03, 0x16, 0x3A,
    0x3A, 0x16, 0x88, 0x0E, 0x00, 0x18, 0x93, 0x0E, 0x02, 0x01, 0x07, 0xD5, 0x00, 0x18, 0x02, 0x3B,
    0x1B, 0x01, 0x93, 0x0F, 0x00, 0x18, 0x88, 0x0F, 0x03, 0x10, 0x81, 0x81, 0x10, 0x88, 0x0F, 0x00,
    0x18, 0x93, 0x0F, 0x02, 0x01, 0x1B, 0x3B, 0x00, 0x18, 0x96, 0x01, 0x0B, 0x01, 0x00, 0x0D, 0x00,
    0x01, 0x00, 0x0D, 0x06, 0x01, 0x00, 0x0D, 0x11, 0x01, 0x00, 0x0D, 0x17, 0x01, 0x00, 0x0D, 0x03,
    0x10, 0x81, 0x23, 0x06, 0xB7, 0x23, 0x23, 0x23, 0x00, 0x00, 0x61, 0x84, 0x10, 0x03, 0x10, 0x84,
    0x06, 0x06, 0xB7, 0x00, 0x00, 0x61, 0x01, 0x01, 0x5F, 0x81, 0x01, 0x03, 0x10, 0x81, 0x23, 0x06,
    0x8D, 0x8D, 0x16, 0x16, 0x00, 0x00, 0x61, 0x84, 0x10, 0x03, 0x10, 0x0C, 0xB7, 0x06, 0x06, 0xB4,
    0x06, 0x06, 0x06, 0x00, 0x00, 0x61, 0x01, 0x01, 0x5F, 0x81, 0x01, 0x03, 0x10, 0x0F, 0x59, 0x23,
    0x06, 0x06, 0x06, 0x23, 0x59, 0x00, 0x00, 0xD8, 0x29, 0x29, 0xD8, 0x73, 0x82, 0x29, 0x03, 0x10,
    0x08, 0x23, 0x23, 0xFF, 0x40, 0x06, 0x8E, 0xFF, 0xC0, 0x04, 0x23, 0x23, 0x00, 0x00, 0x84, 0x01,
    0x00, 0x61, 0x0B, 0x02, 0x80, 0x0D, 0x00, 0x18, 0x96, 0x07, 0x0B, 0x01, 0x00, 0x94, 0x0B, 0x02,
    0x80, 0x94, 0x00, 0x17, 0x83, 0x01, 0x00, 0x00, 0x83, 0x01, 0x00, 0x00, 0x83, 0x01, 0x00, 0x00,
    0x83, 0x01, 0x00, 0x17, 0x83, 0x07, 0x00, 0x00, 0x83, 0x07, 0x00, 0x00, 0x83, 0x07, 0x00, 0x00,
    0x83, 0x07, 0x0B, 0x0D, 0x00, 0x2C, 0x8A, 0x01, 0x0B, 0x0D, 0x80, 0x2C, 0x89, 0x01, 0x0B, 0x0D,
    0x00, 0x2C, 0x8A, 0x07, 0x0B, 0x0D, 0x80, 0x2C, 0x89, 0x07, 0x0B, 0x0D, 0x00, 0x15, 0x8A, 0x01,
    0x0B, 0x0D, 0x80, 0x15, 0x89, 0x01, 0x0B, 0x0D, 0x00, 0x2B, 0x8A, 0x07, 0x0B, 0x0D, 0x80, 0x2B,
    0x89, 0x07, 0x00, 0x0C, 0x89, 0x01, 0x00, 0x2C, 0x00, 0x0D, 0x89, 0x01, 0x80, 0x2C, 0x00, 0x0C,
    0x89, 0x07, 0x00, 0x2C, 0x00, 0x0D, 0x89, 0x07, 0x80, 0x2C, 0x00, 0x0C, 0x89, 0x01, 0x00, 0x15,
    0x00, 0x0D, 0x89, 0x01, 0x80, 0x15, 0x00, 0x0C, 0x89, 0x07, 0x00, 0x2B, 0x00, 0x0D, 0x89, 0x07,
    0x80, 0x2B, 0x00, 0x18, 0x89, 0x01, 0x00, 0x2C, 0x8A, 0x01, 0x00, 0x18, 0x89, 0x01, 0x80, 0x2C,
    0x89, 0x01, 0x00, 0x18, 0x89, 0x07, 0x00, 0x2C, 0x8A, 0x01, 0x00, 0x18, 0x89, 0x01, 0x00, 0x2C,
    0x8A, 0x07, 0x00, 0x18, 0x89, 0x07, 0x00, 0x2C, 0x8A, 0x07, 0x00, 0x18, 0x89, 0x07, 0x80, 0x2C,
    0x89, 0x01, 0x00, 0x18, 0x89, 0x01, 0x80, 0x2C, 0x89, 0x07, 0x00, 0x18, 0x89, 0x07, 0x80, 0x2C,
    0x89, 0x07, 0x00, 0x18, 0x89, 0x01, 0x00, 0x15, 0x8A, 0x01, 0x00, 0x18, 0x89, 0x01, 0x80, 0x15,
    0x89, 0x01, 0x00, 0x18, 0x89, 0x07, 0x00, 0x2B, 0x8A, 0x01, 0x00, 0x18, 0x89, 0x01, 0x00, 0x2B,
    0x8A, 0x07, 0x00, 0x18, 0x89, 0x07, 0x00, 0x2B, 0x8A, 0x07, 0x00, 0x18, 0x89, 0x07, 0x80, 0x2B,
    0x89, 0x01, 0x00, 0x18, 0x89, 0x01, 0x80, 0x2B, 0x89, 0x07, 0x00, 0x18, 0x89, 0x07, 0x80, 0x2B,
    0x89, 0x07, 0x0B, 0x0D, 0x00, 0x0D, 0x8A, 0x01, 0x0B, 0x0D, 0x01, 0x0D, 0x15, 0x89, 0x01, 0x0B,
    0x0D, 0x01, 0x0D, 0x2C, 0x89, 0x01, 0x0B, 0x0D, 0x80, 0x0D, 0x89, 0x01, 0x0B, 0x0D, 0x00, 0x0D,
    0x8A, 0x07, 0x0B, 0x0D, 0x01, 0x0D, 0x2B, 0x89, 0x07, 0x0B, 0x0D, 0x01, 0x0D, 0x2C, 0x89, 0x07,
    0x0B, 0x0D, 0x80, 0x0D, 0x89, 0x07, 0x00, 0x0C, 0x89, 0x01, 0x00, 0x0D, 0x00, 0x0D, 0x89, 0x01,
    0x01, 0x0D, 0x15, 0x00, 0x0D, 0x89, 0x01, 0x01, 0x0D, 0x2C, 0x00, 0x0D, 0x89, 0x01, 0x80, 0x0D,
    0x00, 0x0C, 0x89, 0x07, 0x00, 0x0D, 0x00, 0x0D, 0x89, 0x07, 0x01, 0x0D, 0x2B, 0x00, 0x0D, 0x89,
    0x07, 0x01, 0x0D, 0x2C, 0x00, 0x0D, 0x89, 0x07, 0x80, 0x0D, 0x00, 0x18, 0x89, 0x01, 0x00, 0x0D,
    0x8A, 0x01, 0x00, 0x18, 0x89, 0x01, 0x01, 0x0D, 0x15, 0x89, 0x01, 0x00, 0x18, 0x89, 0x01, 0x01,
    0x0D, 0x2C, 0x89, 0x01, 0x00, 0x18, 0x89, 0x01, 0x80, 0x0D, 0x89, 0x01, 0x00, 0x18, 0x89, 0x07,
    0x00, 0x0D, 0x8A, 0x01, 0x00, 0x18, 0x89, 0x01, 0x00, 0x0D, 0x8A, 0x07, 0x00, 0x18, 0x89, 0x07,
    0x00, 0x0D, 0x8A, 0x07, 0x00, 0x18, 0x89, 0x07, 0x01, 0x0D, 0x15, 0x89, 0x01, 0x00, 0x18, 0x89,
    0x07, 0x01, 0x0D, 0x2C, 0x89, 0x01, 0x00, 0x18, 0x89, 0x01, 0x01, 0x0D, 0x2B, 0x89, 0x07, 0x00,
    0x18, 0x89, 0x01, 0x01, 0x0D, 0x2C, 0x89, 0x07, 0x00, 0x18, 0x89, 0x07, 0x80, 0x0D, 0x89, 0x01,
    0x00, 0x18, 0x89, 0x01, 0x80, 0x0D, 0x89, 0x07, 0x00, 0x18, 0x89, 0x07, 0x01, 0x0D, 0x2B, 0x89,
    0x07, 0x00, 0x18, 0x89, 0x07, 0x01, 0x0D, 0x2C, 0x89, 0x07, 0x00, 0x18, 0x89, 0x07, 0x80, 0x0D,
    0x89, 0x07, 0x0A, 0x04, 0x03, 0x0D, 0x00, 0x00, 0x0D, 0x00, 0x18, 0x96, 0x0A, 0x0A, 0x0E, 0x03,
    0x2C, 0x01, 0x01, 0x2C, 0x88, 0x01, 0x0B, 0x0D, 0x00, 0x74, 0x8A, 0x0A, 0x0A, 0x0E, 0x03, 0x74,
    0x0E, 0x0E, 0x99, 0x88, 0x0A, 0x0A, 0x0E, 0x03, 0x15, 0x01, 0x01, 0x15, 0x88, 0x01, 0x0B, 0x0D,
    0x00, 0x80, 0x8A, 0x0A, 0x0A, 0x0E, 0x03, 0x80, 0x10, 0x10, 0x9E, 0x88, 0x0A, 0x00, 0x0E, 0x88,
    0x01, 0x03, 0x2C, 0x01, 0x01, 0x2C, 0x00, 0x0C, 0x89, 0x0A, 0x00, 0x74, 0x00, 0x0E, 0x88, 0x0A,
    0x03, 0x99, 0x0E, 0x0E, 0x74, 0x00, 0x0E, 0x88, 0x01, 0x03, 0x15, 0x01, 0x01, 0x15, 0x00, 0x0C,
    0x89, 0x0A, 0x00, 0x80, 0x00, 0x0E, 0x88, 0x0A, 0x03, 0x9E, 0x10, 0x10, 0x80, 0x00, 0x18, 0x88,
    0x01, 0x03, 0x2C, 0x01, 0x01, 0x2C, 0x88, 0x01, 0x00, 0x18, 0x89, 0x0A, 0x00, 0x99, 0x8A, 0x0A,
    0x00, 0x18, 0x88, 0x0A, 0x03, 0x99, 0x0E, 0x0E, 0x99, 0x88, 0x0A, 0x00, 0x18, 0x88, 0x01, 0x03,
    0x15, 0x01, 0x01, 0x15, 0x88, 0x01, 0x00, 0x18, 0x89, 0x0A, 0x00, 0x9E, 0x8A, 0x0A, 0x00, 0x18,
    0x88, 0x0A, 0x03, 0x9E, 0x10, 0x10, 0x9E, 0x88, 0x0A, 0x0A, 0x0E, 0x03, 0x0D, 0x00, 0x00, 0x0D,
    0x88, 0x01, 0x0B, 0x0D, 0x00, 0x0D, 0x8A, 0x0A, 0x0A, 0x0E, 0x03, 0x0D, 0x00, 0x00, 0xBE, 0x88,
    0x0A, 0x00, 0x0E, 0x88, 0x01, 0x03, 0x0D, 0x00, 0x00, 0x0D, 0x00, 0x0C, 0x89, 0x0A, 0x00, 0x0D,
    0x00, 0x0E, 0x88, 0x0A, 0x03, 0xBE, 0x00, 0x00, 0x0D, 0x00, 0x18, 0x88, 0x01, 0x03, 0x0D, 0x01,
    0x01, 0x0D, 0x88, 0x01, 0x00, 0x18, 0x89, 0x0A, 0x00, 0x0D, 0x8A, 0x0A, 0x00, 0x18, 0x88, 0x0A,
    0x03, 0xBE, 0x00, 0x00, 0xBE, 0x88, 0x0A, 0x0B, 0x0D, 0x03, 0xA0, 0x3C, 0x0F, 0x0F, 0x87, 0x01,
    0x0B, 0x0D, 0x03, 0x68, 0x55, 0x0E, 0x0E, 0x87, 0x01, 0x00, 0x0C, 0x86, 0x01, 0x03, 0x0E, 0x0E,
    0x55, 0x68, 0x00, 0x0C, 0x86, 0x01, 0x03, 0x0F, 0x0F, 0x3C, 0xA0, 0x00, 0x18, 0x80, 0x69, 0x80,
    0x1D, 0x80, 0x08, 0x80, 0x04, 0x80, 0x10, 0x80, 0x0F, 0x80, 0x01, 0x80, 0x0E, 0x80, 0x16, 0x80,
    0x05, 0x80, 0x06, 0x80, 0x26, 0x00, 0x18, 0x80, 0x26, 0x80, 0x06, 0x80, 0x05, 0x80, 0x16, 0x80,
    0x0E, 0x80, 0x01, 0x80, 0x0F, 0x80, 0x10, 0x80, 0x04, 0x80, 0x08, 0x80, 0x1D, 0x80, 0x69, 0x00,
    0x18, 0x80, 0xB8, 0x80, 0x1C, 0x80, 0x12, 0x80, 0x14, 0x80, 0x0A, 0x82, 0x07, 0x80, 0x0A, 0x80,
    0x14, 0x80, 0x12, 0x80, 0x1C, 0x80, 0xB8, 0x0B, 0x01, 0x00, 0x15, 0x00, 0x0C, 0x8A, 0x01, 0x0B,
    0x01, 0x00, 0x2C, 0x0B, 0x0D, 0x8B, 0x01, 0x0B, 0x02, 0x80, 0x15, 0x00, 0x0C, 0x8A, 0x07, 0x0B,
    0x02, 0x80, 0x2C, 0x0B, 0x0D, 0x8B, 0x07, 0x0B, 0x02, 0x01, 0x0D, 0x2C, 0x00, 0x18, 0x89, 0x01,
    0x8B, 0x07, 0x0B, 0x02, 0x01, 0x0D, 0x15, 0x00, 0x18, 0x8A, 0x07, 0x8A, 0x01, 0x00, 0x0C, 0x8A,
    0x0D, 0x15, 0x03, 0x81, 0x0D, 0x12, 0x06, 0x84, 0x0D, 0x0F, 0x09, 0x87, 0x0D, 0x0C, 0x0C, 0x8A,
    0x0D, 0x09, 0x0F, 0x8D, 0x0D, 0x06, 0x12, 0x90, 0x0D, 0x03, 0x15, 0x93, 0x0D, 0x00, 0x18, 0x96,
    0x0D, 0x00, 0x18, 0x96, 0x37, 0x00, 0x18, 0x96, 0x42, 0x00, 0x18, 0x96, 0x2B, 0x00, 0x18, 0x96,
    0x15, 0x00, 0x18, 0x96, 0x3B, 0x00, 0x18, 0x96, 0x3A, 0x00, 0x18, 0x96, 0x26, 0x00, 0x18, 0x96,
    0x1A, 0x00, 0x17, 0x16, 0x34, 0x00, 0x34, 0x00, 0x34, 0x00, 0x34, 0x00, 0x34, 0x00, 0x34, 0x00,
    0x34, 0x00, 0x34, 0x00, 0x34, 0x00, 0x34, 0x00, 0x34, 0x00, 0x34, 0x00, 0x18, 0x17, 0x34, 0x63,
    0x34, 0x63, 0x34, 0x63, 0x34, 0x63, 0x34, 0x63, 0x34, 0x63, 0x34, 0x63, 0x34, 0x63, 0x34, 0x63,
    0x34, 0x63, 0x34, 0x63, 0x34, 0x63, 0x00, 0x18, 0x17, 0x0D, 0x34, 0x0D, 0x34, 0x0D, 0x34, 0x0D,
    0x34, 0x0D, 0x34, 0x0D, 0x34, 0x0D, 0x34, 0x0D, 0x34, 0x0D, 0x34, 0x0D, 0x34, 0x0D, 0x34, 0x0D,
    0x34, 0x0C, 0x0C, 0x8A, 0x15, 0x0C, 0x0C, 0x8A, 0x1A, 0x00, 0x0C, 0x8A, 0x15, 0x00, 0x18, 0x8A,
    0x15, 0x8A, 0x0D, 0x00, 0x18, 0x8A, 0x15, 0x8A, 0x1A, 0x00, 0x18, 0x8A, 0x0D, 0x8A, 0x15, 0x00,
    0x18, 0x8A, 0x0D, 0x8A, 0x1A, 0x00, 0x0C, 0x8A, 0x1A, 0x00, 0x18, 0x8A, 0x1A, 0x8A, 0x15, 0x00,
    0x18, 0x8A, 0x1A, 0x8A, 0x0D, 0x07, 0x0A, 0x88, 0x18, 0x0D, 0x06, 0x84, 0x5B, 0x04, 0x0F, 0x8D,
    0x11, 0x06, 0x0C, 0x80, 0x01, 0x80, 0x27, 0x80, 0x09, 0x80, 0x18, 0x80, 0x11, 0x80, 0x2E, 0x06,
    0x0B, 0x0A, 0x68, 0x3B, 0x15, 0x80, 0x37, 0x0D, 0x37, 0x80, 0x15, 0x3B, 0x68, 0x06, 0x0C, 0x80,
    0x2E, 0x80, 0x11, 0x80, 0x18, 0x80, 0x09, 0x80, 0x27, 0x80, 0x01, 0x06, 0x0B, 0x0A, 0x9F, 0xA1,
    0x1A, 0x74, 0x87, 0x0D, 0x87, 0x74, 0x1A, 0xA1, 0x9F, 0x06, 0x0B, 0x0A, 0x01, 0x27, 0x09, 0x18,
    0x11, 0x2E, 0x11, 0x18, 0x09, 0x27, 0x01, 0x06, 0x0B, 0x0A, 0x01, 0x17, 0x0B, 0x03, 0x02, 0x67,
    0x02, 0x03, 0x0B, 0x17, 0x01, 0x09, 0x06, 0x00, 0x1F, 0x82, 0x14, 0x00, 0x1F, 0x00, 0x18, 0x87,
    0x0D, 0x00, 0xBC, 0x82, 0xBA, 0x00, 0xBC, 0x87, 0x0D, 0x00, 0x18, 0x87, 0x0D, 0x00, 0xBC, 0x82,
    0xBB, 0x00, 0xBC, 0x87, 0x0D, 0x04, 0x0F, 0x0E, 0x18, 0x02, 0x67, 0x67, 0xFB, 0xFB, 0x67, 0x67,
    0x67, 0xCE, 0xFF, 0xE2, 0x08, 0x67, 0x67, 0x02, 0x18, 0x04, 0x0F, 0x03, 0x18, 0x11, 0x2E, 0x2E,
    0x80, 0xFF, 0x4E, 0x0E, 0x81, 0x2E, 0x05, 0x7F, 0x95, 0x2E, 0x2E, 0x11, 0x18, 0x04, 0x0F, 0x0E,
    0x01, 0x01, 0x46, 0x0C, 0x24, 0x45, 0x27, 0xFF, 0xBE, 0x0F, 0x27, 0x45, 0x24, 0x0C, 0x46, 0x01,
    0x01, 0x04, 0x0F, 0x01, 0x09, 0x03, 0x83, 0x02, 0x04, 0x03, 0x09, 0x01, 0x01, 0x11, 0x81, 0x01,
    0x04, 0x0F, 0x07, 0xC2, 0x64, 0xD4, 0xC0, 0x65, 0x5C, 0x09, 0x03, 0x83, 0x02, 0x01, 0x03, 0x09,
    0x04, 0x0F, 0x04, 0x01, 0x01, 0x27, 0x09, 0x18, 0x83, 0x11, 0x04, 0xE5, 0x01, 0x01, 0x01, 0x09,
    0x04, 0x0F, 0x0E, 0x27, 0x09, 0x09, 0x27, 0x01, 0x01, 0xF7, 0x2E, 0x2E, 0x2E, 0xF7, 0x01, 0x01,
    0x01, 0x09, 0x06, 0x0C, 0x01, 0x4A, 0x89, 0x83, 0x2E, 0x04, 0x11, 0x18, 0x09, 0x27, 0x01, 0x04,
    0x0F, 0x04, 0x77, 0x75, 0x75, 0x75, 0x77, 0x87, 0x16, 0x00, 0x3A, 0x04, 0x0F, 0x04, 0x11, 0x02,
    0x02, 0x02, 0x11, 0x86, 0x02, 0x01, 0x13, 0x26, 0x05, 0x0E, 0x80, 0x1D, 0x80, 0x08, 0x80, 0x04,
    0x80, 0x21, 0x80, 0x35, 0x80, 0x6E, 0x80, 0x0E, 0x05, 0x0E, 0x80, 0x64, 0x80, 0x60, 0x80, 0x3C,
    0x80, 0x49, 0x80, 0x70, 0x80, 0x6F, 0x80, 0x33, 0x05, 0x0E, 0x0D, 0x04, 0x04, 0x43, 0x0B, 0x17,
    0x07, 0x07, 0x73, 0x2D, 0x52, 0x16, 0x16, 0x05, 0x05, 0x05, 0x0E, 0x0D, 0x3C, 0x3C, 0xB3, 0x85,
    0x76, 0x27, 0x27, 0x1F, 0x58, 0xDE, 0x55, 0x55, 0x31, 0x31, 0x04, 0x0F, 0x80, 0x10, 0x80, 0x0F,
    0x80, 0x01, 0x81, 0x0E, 0x80, 0x01, 0x80, 0x0F, 0x80, 0x10, 0x04, 0x0F, 0x80, 0x0E, 0x80, 0x01,
    0x80, 0x0F, 0x81, 0x10, 0x80, 0x0F, 0x80, 0x01, 0x80, 0x0E, 0x04, 0x0F, 0x80, 0x29, 0x80, 0x2D,
    0x80, 0x0B, 0x81, 0x35, 0x80, 0x0B, 0x80, 0x2D, 0x80, 0x29, 0x04, 0x0F, 0x80, 0x35, 0x80, 0x0B,
    0x80, 0x2D, 0x81, 0x29, 0x80, 0x2D, 0x80, 0x0B, 0x80, 0x35, 0x01, 0x03, 0x81, 0x05, 0x07, 0x03,
    0x81, 0x05, 0x01, 0x09, 0x81, 0x05, 0x81, 0x00, 0x81, 0x05, 0x0D, 0x03, 0x81, 0x05, 0x01, 0x0F,
    0x81, 0x05, 0x87, 0x00, 0x81, 0x05, 0x07, 0x09, 0x81, 0x05, 0x81, 0x00, 0x81, 0x05, 0x01, 0x0F,
    0x81, 0x05, 0x81, 0x00, 0x81, 0x05, 0x81, 0x00, 0x81, 0x05, 0x01, 0x03, 0x81, 0x04, 0x01, 0x03,
    0x81, 0x03, 0x01, 0x09, 0x81, 0x04, 0x81, 0x00, 0x81, 0x05, 0x01, 0x09, 0x81, 0x03, 0x81, 0x00,
    0x81, 0x05, 0x01, 0x0F, 0x81, 0x04, 0x87, 0x00, 0x81, 0x05, 0x01, 0x0F, 0x81, 0x03, 0x87, 0x00,
    0x81, 0x05, 0x01, 0x0F, 0x81, 0x04, 0x81, 0x00, 0x81, 0x05, 0x81, 0x00, 0x81, 0x05, 0x01, 0x0F,
    0x81, 0x03, 0x81, 0x00, 0x81, 0x05, 0x81, 0x00, 0x81, 0x05, 0x07, 0x03, 0x81, 0x04, 0x01, 0x09,
    0x81, 0x05, 0x81, 0x00, 0x81, 0x04, 0x07, 0x03, 0x81, 0x03, 0x01, 0x09, 0x81, 0x05, 0x81, 0x00,
    0x81, 0x03, 0x07, 0x09, 0x81, 0x04, 0x81, 0x00, 0x81, 0x05, 0x01, 0x0F, 0x81, 0x05, 0x81, 0x00,
    0x81, 0x04, 0x81, 0x00, 0x81, 0x05, 0x07, 0x09, 0x81, 0x03, 0x81, 0x00, 0x81, 0x05, 0x01, 0x0F,
    0x81, 0x05, 0x81, 0x00, 0x81, 0x03, 0x81, 0x00, 0x81, 0x05, 0x01, 0x09, 0x81, 0x04, 0x81, 0x00,
    0x81, 0x04, 0x01, 0x09, 0x81, 0x03, 0x81, 0x00, 0x81, 0x04, 0x01, 0x09, 0x81, 0x04, 0x81, 0x00,
    0x81, 0x03, 0x01, 0x09, 0x81, 0x03, 0x81, 0x00, 0x81, 0x03, 0x01, 0x0F, 0x81, 0x04, 0x81, 0x00,
    0x81, 0x04, 0x81, 0x00, 0x81, 0x05, 0x01, 0x0F, 0x81, 0x03, 0x81, 0x00, 0x81, 0x04, 0x81, 0x00,
    0x81, 0x05, 0x01, 0x0F, 0x81, 0x04, 0x81, 0x00, 0x81, 0x03, 0x81, 0x00, 0x81, 0x05, 0x01, 0x0F,
    0x81, 0x03, 0x81, 0x00, 0x81, 0x03, 0x81, 0x00, 0x81, 0x05, 0x0D, 0x03, 0x81, 0x04, 0x01, 0x0F,
    0x81, 0x05, 0x87, 0x00, 0x81, 0x04, 0x07, 0x09, 0x81, 0x05, 0x81, 0x00, 0x81, 0x04, 0x01, 0x0F,
    0x81, 0x05, 0x81, 0x00, 0x81, 0x05, 0x81, 0x00, 0x81, 0x04, 0x0D, 0x03, 0x81, 0x03, 0x01, 0x0F,
    0x81, 0x05, 0x87, 0x00, 0x81, 0x03, 0x07, 0x09, 0x81, 0x05, 0x81, 0x00, 0x81, 0x03, 0x01, 0x0F,
    0x81, 0x05, 0x81, 0x00, 0x81, 0x05, 0x81, 0x00, 0x81, 0x03, 0x01, 0x0F, 0x81, 0x04, 0x87, 0x00,
    0x81, 0x04, 0x01, 0x0F, 0x81, 0x03, 0x87, 0x00, 0x81, 0x04, 0x01, 0x0F, 0x81, 0x04, 0x81, 0x00,
    0x81, 0x05, 0x81, 0x00, 0x81, 0x04, 0x01, 0x0F, 0x81, 0x03, 0x81, 0x00, 0x81, 0x05, 0x81, 0x00,
    0x81, 0x04, 0x01, 0x0F, 0x81, 0x04, 0x87, 0x00, 0x81, 0x03, 0x01, 0x0F, 0x81, 0x03, 0x87, 0x00,
    0x81, 0x03, 0x01, 0x0F, 0x81, 0x04, 0x81, 0x00, 0x81, 0x05, 0x81, 0x00, 0x81, 0x03, 0x01, 0x0F,
    0x81, 0x03, 0x81, 0x00, 0x81, 0x05, 0x81, 0x00, 0x81, 0x03, 0x07, 0x09, 0x81, 0x04, 0x81, 0x00,
    0x81, 0x04, 0x01, 0x0F, 0x81, 0x05, 0x81, 0x00, 0x81, 0x04, 0x81, 0x00, 0x81, 0x04, 0x07, 0x09,
    0x81, 0x03, 0x81, 0x00, 0x81, 0x04, 0x01, 0x0F, 0x81, 0x05, 0x81, 0x00, 0x81, 0x03, 0x81, 0x00,
    0x81, 0x04, 0x07, 0x09, 0x81, 0x04, 0x81, 0x00, 0x81, 0x03, 0x01, 0x0F, 0x81, 0x05, 0x81, 0x00,
    0x81, 0x04, 0x81, 0x00, 0x81, 0x03, 0x07, 0x09, 0x81, 0x03, 0x81, 0x00, 0x81, 0x03, 0x01, 0x0F,
    0x81, 0x05, 0x81, 0x00, 0x81, 0x03, 0x81, 0x00, 0x81, 0x03, 0x01, 0x0F, 0x81, 0x04, 0x81, 0x00,
    0x81, 0x04, 0x81, 0x00, 0x81, 0x04, 0x01, 0x0F, 0x81, 0x03, 0x81, 0x00, 0x81, 0x04, 0x81, 0x00,
    0x81, 0x04, 0x01, 0x0F, 0x81, 0x04, 0x81, 0x00, 0x81, 0x03, 0x81, 0x00, 0x81, 0x04, 0x01, 0x0F,
    0x81, 0x03, 0x81, 0x00, 0x81, 0x03, 0x81, 0x00, 0x81, 0x04, 0x01, 0x0F, 0x81, 0x04, 0x81, 0x00,
    0x81, 0x04, 0x81, 0x00, 0x81, 0x03, 0x01, 0x0F, 0x81, 0x03, 0x81, 0x00, 0x81, 0x04, 0x81, 0x00,
    0x81, 0x03, 0x01, 0x0F, 0x81, 0x04, 0x81, 0x00, 0x81, 0x03, 0x81, 0x00, 0x81, 0x03, 0x01, 0x0F,
    0x81, 0x03, 0x81, 0x00, 0x81, 0x03, 0x81, 0x00, 0x81, 0x03, 0x13, 0x03, 0x81, 0x05, 0x01, 0x15,
    0x81, 0x05, 0x8D, 0x00, 0x81, 0x05, 0x07, 0x0F, 0x81, 0x05, 0x87, 0x00, 0x81, 0x05, 0x01, 0x15,
    0x81, 0x05, 0x81, 0x00, 0x81, 0x05, 0x87, 0x00, 0x81, 0x05, 0x0D, 0x09, 0x81, 0x05, 0x81, 0x00,
    0x81, 0x05, 0x01, 0x15, 0x81, 0x05, 0x87, 0x00, 0x81, 0x05, 0x81, 0x00, 0x81, 0x05, 0x07, 0x0F,
    0x81, 0x05, 0x81, 0x00, 0x81, 0x05, 0x81, 0x00, 0x81, 0x05, 0x01, 0x15, 0x81, 0x05, 0x81, 0x00,
    0x81, 0x05, 0x81, 0x00, 0x81, 0x05, 0x81, 0x00, 0x81, 0x05, 0x01, 0x15, 0x81, 0x04, 0x8D, 0x00,
    0x81, 0x05, 0x01, 0x15, 0x81, 0x03, 0x8D, 0x00, 0x81, 0x05, 0x01, 0x15, 0x81, 0x04, 0x81, 0x00,
    0x81, 0x05, 0x87, 0x00, 0x81, 0x05, 0x01, 0x15, 0x81, 0x03, 0x81, 0x00, 0x81, 0x05, 0x87, 0x00,
    0x81, 0x05, 0x01, 0x15, 0x81, 0x04, 0x87, 0x00, 0x81, 0x05, 0x81, 0x00, 0x81, 0x05, 0x01, 0x15,
    0x81, 0x03, 0x87, 0x00, 0x81, 0x05, 0x81, 0x00, 0x81, 0x05, 0x01, 0x15, 0x81, 0x04, 0x81, 0x00,
    0x81, 0x05, 0x81, 0x00, 0x81, 0x05, 0x81, 0x00, 0x81, 0x05, 0x01, 0x15, 0x81, 0x03, 0x81, 0x00,
    0x81, 0x05, 0x81, 0x00, 0x81, 0x05, 0x81, 0x00, 0x81, 0x05, 0x07, 0x0F, 0x81, 0x04, 0x87, 0x00,
    0x81, 0x05, 0x01, 0x15, 0x81, 0x05, 0x81, 0x00, 0x81, 0x04, 0x87, 0x00, 0x81, 0x05, 0x07, 0x0F,
    0x81, 0x03, 0x87, 0x00, 0x81, 0x05, 0x01, 0x15, 0x81, 0x05, 0x81, 0x00, 0x81, 0x03, 0x87, 0x00,
    0x81, 0x05, 0x07, 0x0F, 0x81, 0x04, 0x81, 0x00, 0x81, 0x05, 0x81, 0x00, 0x81, 0x05, 0x01, 0x15,
    0x81, 0x05, 0x81, 0x00, 0x81, 0x04, 0x81, 0x00, 0x81, 0x05, 0x81, 0x00, 0x81, 0x05, 0x07, 0x0F,
    0x81, 0x03, 0x81, 0x00, 0x81, 0x05, 0x81, 0x00, 0x81, 0x05, 0x01, 0x15, 0x81, 0x05, 0x81, 0x00,
    0x81, 0x03, 0x81, 0x00, 0x81, 0x05, 0x81, 0x00, 0x81, 0x05, 0x01, 0x15, 0x81, 0x04, 0x81, 0x00,
    0x81, 0x04, 0x87, 0x00, 0x81, 0x05, 0x01, 0x15, 0x81, 0x03, 0x81, 0x00, 0x81, 0x04, 0x87, 0x00,
    0x81, 0x05, 0x01, 0x15, 0x81, 0x04, 0x81, 0x00, 0x81, 0x03, 0x87, 0x00, 0x81, 0x05, 0x01, 0x15,
    0x81, 0x03, 0x81, 0x00, 0x81, 0x03, 0x87, 0x00, 0x81, 0x05, 0x01, 0x15, 0x81, 0x04, 0x81, 0x00,
    0x81, 0x04, 0x81, 0x00, 0x81, 0x05, 0x81, 0x00, 0x81, 0x05, 0x01, 0x15, 0x81, 0x03, 0x81, 0x00,
    0x81, 0x04, 0x81, 0x00, 0x81, 0x05, 0x81, 0x00, 0x81, 0x05, 0x01, 0x15, 0x81, 0x04, 0x81, 0x00,
    0x81, 0x03, 0x81, 0x00, 0x81, 0x05, 0x81, 0x00, 0x81, 0x05, 0x01, 0x15, 0x81, 0x03, 0x81, 0x00,
    0x81, 0x03, 0x81, 0x00, 0x81, 0x05, 0x81, 0x00, 0x81, 0x05, 0x0D, 0x09, 0x81, 0x04, 0x81, 0x00,
    0x81, 0x05, 0x01, 0x15, 0x81, 0x05, 0x87, 0x00, 0x81, 0x04, 0x81, 0x00, 0x81, 0x05, 0x07, 0x0F,
    0x81, 0x05, 0x81, 0x00, 0x81, 0x04, 0x81, 0x00, 0x81, 0x05, 0x01, 0x15, 0x81, 0x05, 0x81, 0x00,
    0x81, 0x05, 0x81, 0x00, 0x81, 0x04, 0x81, 0x00, 0x81, 0x05, 0x0D, 0x09, 0x81, 0x03, 0x81, 0x00,
    0x81, 0x05, 0x01, 0x15, 0x81, 0x05, 0x87, 0x00, 0x81, 0x03, 0x81, 0x00, 0x81, 0x05, 0x07, 0x0F,
    0x81, 0x05, 0x81, 0x00, 0x81, 0x03, 0x81, 0x00, 0x81, 0x05, 0x01, 0x15, 0x81, 0x05, 0x81, 0x00,
    0x81, 0x05, 0x81, 0x00, 0x81, 0x03, 0x81, 0x00, 0x81, 0x05, 0x01, 0x15, 0x81, 0x04, 0x87, 0x00,
    0x81, 0x04, 0x81, 0x00, 0x81, 0x05, 0x01, 0x15, 0x81, 0x03, 0x87, 0x00, 0x81, 0x04, 0x81, 0x00,
    0x81, 0x05, 0x01, 0x15, 0x81, 0x04, 0x81, 0x00, 0x81, 0x05, 0x81, 0x00, 0x81, 0x04, 0x81, 0x00,
    0x81, 0x05, 0x01, 0x15, 0x81, 0x03, 0x81, 0x00, 0x81, 0x05, 0x81, 0x00, 0x81, 0x04, 0x81, 0x00,
    0x81, 0x05, 0x01, 0x15, 0x81, 0x04, 0x87, 0x00, 0x81, 0x03, 0x81, 0x00, 0x81, 0x05, 0x01, 0x15,
    0x81, 0x03, 0x87, 0x00, 0x81, 0x03, 0x81, 0x00, 0x81, 0x05, 0x01, 0x15, 0x81, 0x04, 0x81, 0x00,
    0x81, 0x05, 0x81, 0x00, 0x81, 0x03, 0x81, 0x00, 0x81, 0x05, 0x01, 0x15, 0x81, 0x03, 0x81, 0x00,
    0x81, 0x05, 0x81, 0x00, 0x81, 0x03, 0x81, 0x00, 0x81, 0x05, 0x07, 0x0F, 0x81, 0x04, 0x81, 0x00,
    0x81, 0x04, 0x81, 0x00, 0x81, 0x05, 0x01, 0x15, 0x81, 0x05, 0x81, 0x00, 0x81, 0x04, 0x81, 0x00,
    0x81, 0x04, 0x81, 0x00, 0x81, 0x05, 0x07, 0x0F, 0x81, 0x03, 0x81, 0x00, 0x81, 0x04, 0x81, 0x00,
    0x81, 0x05, 0x01, 0x15, 0x81, 0x05, 0x81, 0x00, 0x81, 0x03, 0x81, 0x00, 0x81, 0x04, 0x81, 0x00,
    0x81, 0x05, 0x07, 0x0F, 0x81, 0x04, 0x81, 0x00, 0x81, 0x03, 0x81, 0x00, 0x81, 0x05, 0x01, 0x15,
    0x81, 0x05, 0x81, 0x00, 0x81, 0x04, 0x81, 0x00, 0x81, 0x03, 0x81, 0x00, 0x81, 0x05, 0x07, 0x0F,
    0x81, 0x03, 0x81, 0x00, 0x81, 0x03, 0x81, 0x00, 0x81, 0x05, 0x01, 0x15, 0x81, 0x05, 0x81, 0x00,
    0x81, 0x03, 0x81, 0x00, 0x81, 0x03, 0x81, 0x00, 0x81, 0x05, 0x01, 0x15, 0x81, 0x04, 0x81, 0x00,
    0x81, 0x04, 0x81, 0x00, 0x81, 0x04, 0x81, 0x00, 0x81, 0x05, 0x01, 0x15, 0x81, 0x03, 0x81, 0x00,
    0x81, 0x04, 0x81, 0x00, 0x81, 0x04, 0x81, 0x00, 0x81, 0x05, 0x01, 0x15, 0x81, 0x04, 0x81, 0x00,
    0x81, 0x03, 0x81, 0x00, 0x81, 0x04, 0x81, 0x00, 0x81, 0x05, 0x01, 0x15, 0x81, 0x03, 0x81, 0x00,
    0x81, 0x03, 0x81, 0x00, 0x81, 0x04, 0x81, 0x00, 0x81, 0x05, 0x01, 0x15, 0x81, 0x04, 0x81, 0x00,
    0x81, 0x04, 0x81, 0x00, 0x81, 0x03, 0x81, 0x00, 0x81, 0x05, 0x01, 0x15, 0x81, 0x03, 0x81, 0x00,
    0x81, 0x04, 0x81, 0x00, 0x81, 0x03, 0x81, 0x00, 0x81, 0x05, 0x01, 0x15, 0x81, 0x04, 0x81, 0x00,
    0x81, 0x03, 0x81, 0x00, 0x81, 0x03, 0x81, 0x00, 0x81, 0x05, 0x01, 0x15, 0x81, 0x03, 0x81, 0x00,
    0x81, 0x03, 0x81, 0x00, 0x81, 0x03, 0x81, 0x00, 0x81, 0x05, 0x13, 0x03, 0x81, 0x04, 0x01, 0x15,
    0x81, 0x05, 0x8D, 0x00, 0x81, 0x04, 0x07, 0x0F, 0x81, 0x05, 0x87, 0x00, 0x81, 0x04, 0x01, 0x15,
    0x81, 0x05, 0x81, 0x00, 0x81, 0x05, 0x87, 0x00, 0x81, 0x04, 0x0D, 0x09, 0x81, 0x05, 0x81, 0x00,
    0x81, 0x04, 0x01, 0x15, 0x81, 0x05, 0x87, 0x00, 0x81, 0x05, 0x81, 0x00, 0x81, 0x04, 0x07, 0x0F,
    0x81, 0x05, 0x81, 0x00, 0x81, 0x05, 0x81, 0x00, 0x81, 0x04, 0x01, 0x15, 0x81, 0x05, 0x81, 0x00,
    0x81, 0x05, 0x81, 0x00, 0x81, 0x05, 0x81, 0x00, 0x81, 0x04, 0x01, 0x15, 0x81, 0x04, 0x8D, 0x00,
    0x81, 0x04, 0x01, 0x15, 0x81, 0x03, 0x8D, 0x00, 0x81, 0x04, 0x01, 0x15, 0x81, 0x04, 0x81, 0x00,
    0x81, 0x05, 0x87, 0x00, 0x81, 0x04, 0x01, 0x15, 0x81, 0x03, 0x81, 0x00, 0x81, 0x05, 0x87, 0x00,
    0x81, 0x04, 0x01, 0x15, 0x81, 0x04, 0x87, 0x00, 0x81, 0x05, 0x81, 0x00, 0x81, 0x04, 0x01, 0x15,
    0x81, 0x03, 0x87, 0x00, 0x81, 0x05, 0x81, 0x00, 0x81, 0x04, 0x01, 0x15, 0x81, 0x04, 0x81, 0x00,
    0x81, 0x05, 0x81, 0x00, 0x81, 0x05, 0x81, 0x00, 0x81, 0x04, 0x01, 0x15, 0x81, 0x03, 0x81, 0x00,
    0x81, 0x05, 0x81, 0x00, 0x81, 0x05, 0x81, 0x00, 0x81, 0x04, 0x07, 0x0F, 0x81, 0x04, 0x87, 0x00,
    0x81, 0x04, 0x01, 0x15, 0x81, 0x05, 0x81, 0x00, 0x81, 0x04, 0x87, 0x00, 0x81, 0x04, 0x07, 0x0F,
    0x81, 0x03, 0x87, 0x00, 0x81, 0x04, 0x01, 0x15, 0x81, 0x05, 0x81, 0x00, 0x81, 0x03, 0x87, 0x00,
    0x81, 0x04, 0x07, 0x0F, 0x81, 0x04, 0x81, 0x00, 0x81, 0x05, 0x81, 0x00, 0x81, 0x04, 0x01, 0x15,
    0x81, 0x05, 0x81, 0x00, 0x81, 0x04, 0x81, 0x00, 0x81, 0x05, 0x81, 0x00, 0x81, 0x04, 0x07, 0x0F,
    0x81, 0x03, 0x81, 0x00, 0x81, 0x05, 0x81, 0x00, 0x81, 0x04, 0x01, 0x15, 0x81, 0x05, 0x81, 0x00,
    0x81, 0x03, 0x81, 0x00, 0x81, 0x05, 0x81, 0x00, 0x81, 0x04, 0x01, 0x15, 0x81, 0x04, 0x81, 0x00,
    0x81, 0x04, 0x87, 0x00, 0x81, 0x04, 0x01, 0x15, 0x81, 0x03, 0x81, 0x00, 0x81, 0x04, 0x87, 0x00,
    0x81, 0x04, 0x01, 0x15, 0x81, 0x04, 0x81, 0x00, 0x81, 0x03, 0x87, 0x00, 0x81, 0x04, 0x01, 0x15,
    0x81, 0x03, 0x81, 0x00, 0x81, 0x03, 0x87, 0x00, 0x81, 0x04, 0x01, 0x15, 0x81, 0x04, 0x81, 0x00,
    0x81, 0x04, 0x81, 0x00, 0x81, 0x05, 0x81, 0x00, 0x81, 0x04, 0x01, 0x15, 0x81, 0x03, 0x81, 0x00,
    0x81, 0x04, 0x81, 0x00, 0x81, 0x05, 0x81, 0x00, 0x81, 0x04, 0x01, 0x15, 0x81, 0x04, 0x81, 0x00,
    0x81, 0x03, 0x81, 0x00, 0x81, 0x05, 0x81, 0x00, 0x81, 0x04, 0x01, 0x15, 0x81, 0x03, 0x81, 0x00,
    0x81, 0x03, 0x81, 0x00, 0x81, 0x05, 0x81, 0x00, 0x81, 0x04, 0x0D, 0x09, 0x81, 0x04, 0x81, 0x00,
    0x81, 0x04, 0x01, 0x15, 0x81, 0x05, 0x87, 0x00, 0x81, 0x04, 0x81, 0x00, 0x81, 0x04, 0x07, 0x0F,
    0x81, 0x05, 0x81, 0x00, 0x81, 0x04, 0x81, 0x00, 0x81, 0x04, 0x01, 0x15, 0x81, 0x05, 0x81, 0x00,
    0x81, 0x05, 0x81, 0x00, 0x81, 0x04, 0x81, 0x00, 0x81, 0x04, 0x0D, 0x09, 0x81, 0x03, 0x81, 0x00,
    0x81, 0x04, 0x01, 0x15, 0x81, 0x05, 0x87, 0x00, 0x81, 0x03, 0x81, 0x00, 0x81, 0x04, 0x07, 0x0F,
    0x81, 0x05, 0x81, 0x00, 0x81, 0x03, 0x81, 0x00, 0x81, 0x04, 0x01, 0x15, 0x81, 0x05, 0x81, 0x00,
    0x81, 0x05, 0x81, 0x00, 0x81, 0x03, 0x81, 0x00, 0x81, 0x04, 0x01, 0x15, 0x81, 0x04, 0x87, 0x00,
    0x81, 0x04, 0x81, 0x00, 0x81, 0x04, 0x01, 0x15, 0x81, 0x03, 0x87, 0x00, 0x81, 0x04, 0x81, 0x00,
    0x81, 0x04, 0x01, 0x15, 0x81, 0x04, 0x81, 0x00, 0x81, 0x05, 0x81, 0x00, 0x81, 0x04, 0x81, 0x00,
    0x81, 0x04, 0x01, 0x15, 0x81, 0x03, 0x81, 0x00, 0x81, 0x05, 0x81, 0x00, 0x81, 0x04, 0x81, 0x00,
    0x81, 0x04, 0x01, 0x15, 0x81, 0x04, 0x87, 0x00, 0x81, 0x03, 0x81, 0x00, 0x81, 0x04, 0x01, 0x15,
    0x81, 0x03, 0x87, 0x00, 0x81, 0x03, 0x81, 0x00, 0x81, 0x04, 0x01, 0x15, 0x81, 0x04, 0x81, 0x00,
    0x81, 0x05, 0x81, 0x00, 0x81, 0x03, 0x81, 0x00, 0x81, 0x04, 0x01, 0x15, 0x81, 0x03, 0x81, 0x00,
    0x81, 0x05, 0x81, 0x00, 0x81, 0x03, 0x81, 0x00, 0x81, 0x04, 0x07, 0x0F, 0x81, 0x04, 0x81, 0x00,
    0x81, 0x04, 0x81, 0x00, 0x81, 0x04, 0x01, 0x15, 0x81, 0x05, 0x81, 0x00, 0x81, 0x04, 0x81, 0x00,
    0x81, 0x04, 0x81, 0x00, 0x81, 0x04, 0x07, 0x0F, 0x81, 0x03, 0x81, 0x00, 0x81, 0x04, 0x81, 0x00,
    0x81, 0x04, 0x01, 0x15, 0x81, 0x05, 0x81, 0x00, 0x81, 0x03, 0x81, 0x00, 0x81, 0x04, 0x81, 0x00,
    0x81, 0x04, 0x07, 0x0F, 0x81, 0x04, 0x81, 0x00, 0x81, 0x03, 0x81, 0x00, 0x81, 0x04, 0x01, 0x15,
    0x81, 0x05, 0x81, 0x00, 0x81, 0x04, 0x81, 0x00, 0x81, 0x03, 0x81, 0x00, 0x81, 0x04, 0x07, 0x0F,
    0x81, 0x03, 0x81, 0x00, 0x81, 0x03, 0x81, 0x00, 0x81, 0x04, 0x01, 0x15, 0x81, 0x05, 0x81, 0x00,
    0x81, 0x03, 0x81, 0x00, 0x81, 0x03, 0x81, 0x00, 0x81, 0x04, 0x01, 0x15, 0x81, 0x04, 0x81, 0x00,
    0x81, 0x04, 0x81, 0x00, 0x81, 0x04, 0x81, 0x00, 0x81, 0x04, 0x01, 0x15, 0x81, 0x03, 0x81, 0x00,
    0x81, 0x04, 0x81, 0x00, 0x81, 0x04, 0x81, 0x00, 0x81, 0x04, 0x01, 0x15, 0x81, 0x04, 0x81, 0x00,
    0x81, 0x03, 0x81, 0x00, 0x81, 0x04, 0x81, 0x00, 0x81, 0x04, 0x01, 0x15, 0x81, 0x03, 0x81, 0x00,
    0x81, 0x03, 0x81, 0x00, 0x81, 0x04, 0x81, 0x00, 0x81, 0x04, 0x01, 0x15, 0x81, 0x04, 0x81, 0x00,
    0x81, 0x04, 0x81, 0x00, 0x81, 0x03, 0x81, 0x00, 0x81, 0x04, 0x01, 0x15, 0x81, 0x03, 0x81, 0x00,
    0x81, 0x04, 0x81, 0x00, 0x81, 0x03, 0x81, 0x00, 0x81, 0x04, 0x01, 0x15, 0x81, 0x04, 0x81, 0x00,
    0x81, 0x03, 0x81, 0x00, 0x81, 0x03, 0x81, 0x00, 0x81, 0x04, 0x01, 0x15, 0x81, 0x03, 0x81, 0x00,
    0x81, 0x03, 0x81, 0x00, 0x81, 0x03, 0x81, 0x00, 0x81, 0x04, 0x13, 0x03, 0x81, 0x03, 0x01, 0x15,
    0x81, 0x05, 0x8D, 0x00, 0x81, 0x03, 0x07, 0x0F, 0x81, 0x05, 0x87, 0x00, 0x81, 0x03, 0x01, 0x15,
    0x81, 0x05, 0x81, 0x00, 0x81, 0x05, 0x87, 0x00, 0x81, 0x03, 0x0D, 0x09, 0x81, 0x05, 0x81, 0x00,
    0x81, 0x03, 0x01, 0x15, 0x81, 0x05, 0x87, 0x00, 0x81, 0x05, 0x81, 0x00, 0x81, 0x03, 0x07, 0x0F,
    0x81, 0x05, 0x81, 0x00, 0x81, 0x05, 0x81, 0x00, 0x81, 0x03, 0x01, 0x15, 0x81, 0x05, 0x81, 0x00,
    0x81, 0x05, 0x81, 0x00, 0x81, 0x05, 0x81, 0x00, 0x81, 0x03, 0x01, 0x15, 0x81, 0x04, 0x8D, 0x00,
    0x81, 0x03, 0x01, 0x15, 0x81, 0x03, 0x8D, 0x00, 0x81, 0x03, 0x01, 0x15, 0x81, 0x04, 0x81, 0x00,
    0x81, 0x05, 0x87, 0x00, 0x81, 0x03, 0x01, 0x15, 0x81, 0x03, 0x81, 0x00, 0x81, 0x05, 0x87, 0x00,
    0x81, 0x03, 0x01, 0x15, 0x81, 0x04, 0x87, 0x00, 0x81, 0x05, 0x81, 0x00, 0x81, 0x03, 0x01, 0x15,
    0x81, 0x03, 0x87, 0x00, 0x81, 0x05, 0x81, 0x00, 0x81, 0x03, 0x01, 0x15, 0x81, 0x04, 0x81, 0x00,
    0x81, 0x05, 0x81, 0x00, 0x81, 0x05, 0x81, 0x00, 0x81, 0x03, 0x01, 0x15, 0x81, 0x03, 0x81, 0x00,
    0x81, 0x05, 0x81, 0x00, 0x81, 0x05, 0x81, 0x00, 0x81, 0x03, 0x07, 0x0F, 0x81, 0x04, 0x87, 0x00,
    0x81, 0x03, 0x01, 0x15, 0x81, 0x05, 0x81, 0x00, 0x81, 0x04, 0x87, 0x00, 0x81, 0x03, 0x07, 0x0F,
    0x81, 0x03, 0x87, 0x00, 0x81, 0x03, 0x01, 0x15, 0x81, 0x05, 0x81, 0x00, 0x81, 0x03, 0x87, 0x00,
    0x81, 0x03, 0x07, 0x0F, 0x81, 0x04, 0x81, 0x00, 0x81, 0x05, 0x81, 0x00, 0x81, 0x03, 0x01, 0x15,
    0x81, 0x05, 0x81, 0x00, 0x81, 0x04, 0x81, 0x00, 0x81, 0x05, 0x81, 0x00, 0x81, 0x03, 0x07, 0x0F,
    0x81, 0x03, 0x81, 0x00, 0x81, 0x05, 0x81, 0x00, 0x81, 0x03, 0x01, 0x15, 0x81, 0x05, 0x81, 0x00,
    0x81, 0x03, 0x81, 0x00, 0x81, 0x05, 0x81, 0x00, 0x81, 0x03, 0x01, 0x15, 0x81, 0x04, 0x81, 0x00,
    0x81, 0x04, 0x87, 0x00, 0x81, 0x03, 0x01, 0x15, 0x81, 0x03, 0x81, 0x00, 0x81, 0x04, 0x87, 0x00,
    0x81, 0x03, 0x01, 0x15, 0x81, 0x04, 0x81, 0x00, 0x81, 0x03, 0x87, 0x00, 0x81, 0x03, 0x01, 0x15,
    0x81, 0x03, 0x81, 0x00, 0x81, 0x03, 0x87, 0x00, 0x81, 0x03, 0x01, 0x15, 0x81, 0x04, 0x81, 0x00,
    0x81, 0x04, 0x81, 0x00, 0x81, 0x05, 0x81, 0x00, 0x81, 0x03, 0x01, 0x15, 0x81, 0x03, 0x81, 0x00,
    0x81, 0x04, 0x81, 0x00, 0x81, 0x05, 0x81, 0x00, 0x81, 0x03, 0x01, 0x15, 0x81, 0x04, 0x81, 0x00,
    0x81, 0x03, 0x81, 0x00, 0x81, 0x05, 0x81, 0x00, 0x81, 0x03, 0x01, 0x15, 0x81, 0x03, 0x81, 0x00,
    0x81, 0x03, 0x81, 0x00, 0x81, 0x05, 0x81, 0x00, 0x81, 0x03, 0x0D, 0x09, 0x81, 0x04, 0x81, 0x00,
    0x81, 0x03, 0x01, 0x15, 0x81, 0x05, 0x87, 0x00, 0x81, 0x04, 0x81, 0x00, 0x81, 0x03, 0x07, 0x0F,
    0x81, 0x05, 0x81, 0x00, 0x81, 0x04, 0x81, 0x00, 0x81, 0x03, 0x01, 0x15, 0x81, 0x05, 0x81, 0x00,
    0x81, 0x05, 0x81, 0x00, 0x81, 0x04, 0x81, 0x00, 0x81, 0x03, 0x0D, 0x09, 0x81, 0x03, 0x81, 0x00,
    0x81, 0x03, 0x01, 0x15, 0x81, 0x05, 0x87, 0x00, 0x81, 0x03, 0x81, 0x00, 0x81, 0x03, 0x07, 0x0F,
    0x81, 0x05, 0x81, 0x00, 0x81, 0x03, 0x81, 0x00, 0x81, 0x03, 0x01, 0x15, 0x81, 0x05, 0x81, 0x00,
    0x81, 0x05, 0x81, 0x00, 0x81, 0x03, 0x81, 0x00, 0x81, 0x03, 0x01, 0x15, 0x81, 0x04, 0x87, 0x00,
    0x81, 0x04, 0x81, 0x00, 0x81, 0x03, 0x01, 0x15, 0x81, 0x03, 0x87, 0x00, 0x81, 0x04, 0x81, 0x00,
    0x81, 0x03, 0x01, 0x15, 0x81, 0x04, 0x81, 0x00, 0x81, 0x05, 0x81, 0x00, 0x81, 0x04, 0x81, 0x00,
    0x81, 0x03, 0x01, 0x15, 0x81, 0x03, 0x81, 0x00, 0x81, 0x05, 0x81, 0x00, 0x81, 0x04, 0x81, 0x00,
    0x81, 0x03, 0x01, 0x15, 0x81, 0x04, 0x87, 0x00, 0x81, 0x03, 0x81, 0x00, 0x81, 0x03, 0x01, 0x15,
    0x81, 0x03, 0x87, 0x00, 0x81, 0x03, 0x81, 0x00, 0x81, 0x03, 0x01, 0x15, 0x81, 0x04, 0x81, 0x00,
    0x81, 0x05, 0x81, 0x00, 0x81, 0x03, 0x81, 0x00, 0x81, 0x03, 0x01, 0x15, 0x81, 0x03, 0x81, 0x00,
    0x81, 0x05, 0x81, 0x00, 0x81, 0x03, 0x81, 0x00, 0x81, 0x03, 0x07, 0x0F, 0x81, 0x04, 0x81, 0x00,
    0x81, 0x04, 0x81, 0x00, 0x81, 0x03, 0x01, 0x15, 0x81, 0x05, 0x81, 0x00, 0x81, 0x04, 0x81, 0x00,
    0x81, 0x04, 0x81, 0x00, 0x81, 0x03, 0x07, 0x0F, 0x81, 0x03, 0x81, 0x00, 0x81, 0x04, 0x81, 0x00,
    0x81, 0x03, 0x01, 0x15, 0x81, 0x05, 0x81, 0x00, 0x81, 0x03, 0x81, 0x00, 0x81, 0x04, 0x81, 0x00,
    0x81, 0x03, 0x07, 0x0F, 0x81, 0x04, 0x81, 0x00, 0x81, 0x03, 0x81, 0x00, 0x81, 0x03, 0x01, 0x15,
    0x81, 0x05, 0x81, 0x00, 0x81, 0x04, 0x81, 0x00, 0x81, 0x03, 0x81, 0x00, 0x81, 0x03, 0x07, 0x0F,
    0x81, 0x03, 0x81, 0x00, 0x81, 0x03, 0x81, 0x00, 0x81, 0x03, 0x01, 0x15, 0x81, 0x05, 0x81, 0x00,
    0x81, 0x03, 0x81, 0x00, 0x81, 0x03, 0x81, 0x00, 0x81, 0x03, 0x01, 0x15, 0x81, 0x04, 0x81, 0x00,
    0x81, 0x04, 0x81, 0x00, 0x81, 0x04, 0x81, 0x00, 0x81, 0x03, 0x01, 0x15, 0x81, 0x03, 0x81, 0x00,
    0x81, 0x04, 0x81, 0x00, 0x81, 0x04, 0x81, 0x00, 0x81, 0x03, 0x01, 0x15, 0x81, 0x04, 0x81, 0x00,
    0x81, 0x03, 0x81, 0x00, 0x81, 0x04, 0x81, 0x00, 0x81, 0x03, 0x01, 0x15, 0x81, 0x03, 0x81, 0x00,
    0x81, 0x03, 0x81, 0x00, 0x81, 0x04, 0x81, 0x00, 0x81, 0x03, 0x01, 0x15, 0x81, 0x04, 0x81, 0x00,
    0x81, 0x04, 0x81, 0x00, 0x81, 0x03, 0x81, 0x00, 0x81, 0x03, 0x01, 0x15, 0x81, 0x03, 0x81, 0x00,
    0x81, 0x04, 0x81, 0x00, 0x81, 0x03, 0x81, 0x00, 0x81, 0x03, 0x01, 0x15, 0x81, 0x04, 0x81, 0x00,
    0x81, 0x03, 0x81, 0x00, 0x81, 0x03, 0x81, 0x00, 0x81, 0x03, 0x01, 0x15, 0x81, 0x03, 0x81, 0x00,
    0x81, 0x03, 0x81, 0x00, 0x81, 0x03, 0x81, 0x00, 0x81, 0x03, 0x08, 0x0A, 0x81, 0x02, 0x82, 0x00,
    0x81, 0x02, 0x00, 0x18, 0x05, 0x06, 0x06, 0x21, 0xAB, 0xE9, 0x51, 0x83, 0x21, 0x04, 0x44, 0x01,
    0x0E, 0x16, 0x05, 0x86, 0x06, 0x03, 0x12, 0x85, 0x06, 0x0A, 0x66, 0x00, 0x00, 0x52, 0x52, 0xFF,
    0xC4, 0x00, 0xFF, 0xA4, 0x00, 0xFF, 0x94, 0x00, 0xFF, 0x8C, 0x00, 0x52, 0x52, 0x03, 0x11, 0x00,
    0x09, 0x84, 0x03, 0x06, 0x11, 0x2E, 0x2E, 0x95, 0x7F, 0x7F, 0x95, 0x81, 0x2E, 0x00, 0x18, 0x17,
    0x26, 0x68, 0x3A, 0x3B, 0xBD, 0x15, 0x2B, 0x80, 0x42, 0x37, 0x2E, 0x0D, 0x0D, 0x2E, 0x37, 0x42,
    0x80, 0x2B, 0x15, 0xBD, 0x3B, 0x3A, 0x68, 0x26, 0x00, 0x18, 0x17, 0x26, 0x06, 0x05, 0x16, 0x0E,
    0x01, 0x0F, 0x10, 0x04, 0x08, 0x1D, 0x69, 0x69, 0x1D, 0x08, 0x04, 0x10, 0x0F, 0x01, 0x0E, 0x16,
    0x05, 0x06, 0x26, 0x00, 0x18, 0x17, 0x69, 0x9F, 0xA0, 0xA1, 0xD6, 0x1A, 0x2C, 0x74, 0xE1, 0x87,
    0xF8, 0x0D, 0x0D, 0xF8, 0x87, 0xE1, 0x74, 0x2C, 0x1A, 0xD6, 0xA1, 0xA0, 0x9F, 0x69, 0x00, 0x18,
    0x17, 0x69, 0x1D, 0x08, 0x04, 0x10, 0x0F, 0x01, 0x0E, 0x16, 0x05, 0x06, 0x26, 0x26, 0x06, 0x05,
    0x16, 0x0E, 0x01, 0x0F, 0x10, 0x04, 0x08, 0x1D, 0x69, 0x04, 0x0F, 0x00, 0x11, 0x8B, 0x02, 0x00,
    0x11,
};

static const uint16_t r_idx_0000_0000[] = {
    0x0000,
};

static const uint16_t r_idx_0020_007E[] = {
    0x0010, 0x0012, 0x001A, 0x001E, 0x002A, 0x003E, 0x0053, 0x0068,
    0x006C, 0x007A, 0x0088, 0x0094, 0x009C, 0x00A2, 0x00A6, 0x00AA,
    0x00BA, 0x00CC, 0x00D7, 0x00E9, 0x00FB, 0x010C, 0x011B, 0x012A,
    0x0139, 0x0149, 0x0158, 0x0160, 0x016A, 0x017C, 0x0184, 0x0196,
    0x01A7, 0x01B9, 0x01C4, 0x01D4, 0x01E2, 0x01EC, 0x01F8, 0x0202,
    0x0212, 0x021A, 0x0222, 0x022D, 0x023F, 0x0245, 0x0251, 0x025F,
    0x0269, 0x0275, 0x0282, 0x0293, 0x02A5, 0x02AB, 0x02B2, 0x02BE,
    0x02CA, 0x02DC, 0x02E8, 0x02FA, 0x0302, 0x0312, 0x031A, 0x0322,
    0x0326, 0x032C, 0x033A, 0x0346, 0x0352, 0x035E, 0x036C, 0x0376,
    0x0384, 0x038D, 0x0398, 0x03A6, 0x03B6, 0x03BE, 0x03C5, 0x03CC,
    0x03D6, 0x03E2, 0x03EE, 0x03F7, 0x0405, 0x040F, 0x0416, 0x0422,
    0x042A, 0x0438, 0x0443, 0x0451, 0x045F, 0x0463, 0x0471,
};

static const uint16_t r_idx_00A0_017F[] = {
    0x0010, 0x0478, 0x0480, 0x0490, 0x04A0, 0x04AC, 0x04BE, 0x04C6,
    0x04D8, 0x04DC, 0x04EB, 0x04F8, 0x0506, 0x050C, 0x0510, 0x0523,
    0x0527, 0x052F, 0x053B, 0x0547, 0x0553, 0x0559, 0x0565, 0x0571,
    0x0575, 0x057B, 0x0585, 0x0591, 0x059F, 0x05B3, 0x05C9, 0x05E3,
    0x05F4, 0x0603, 0x0612, 0x0621, 0x0630, 0x063E, 0x064D, 0x065A,
    0x066C, 0x067C, 0x068C, 0x069C, 0x06AB, 0x06B7, 0x06C3, 0x06CF,
    0x06DA, 0x06E8, 0x06FB, 0x0709, 0x0717, 0x0725, 0x0733, 0x0740,
    0x074C, 0x075E, 0x076A, 0x0776, 0x0782, 0x078D, 0x079E, 0x07AC,
    0x07BF, 0x07D1, 0x07E3, 0x07F5, 0x0807, 0x0818, 0x082A, 0x0838,
    0x0848, 0x085A, 0x086C, 0x087E, 0x088F, 0x089B, 0x08A7, 0x08B3,
    0x08BE, 0x08CE, 0x08D9, 0x08E7, 0x08F5, 0x0903, 0x0911, 0x091E,
    0x092A, 0x0938, 0x0944, 0x0950, 0x095C, 0x0967, 0x0977, 0x0985,
    0x0994, 0x09A2, 0x09B3, 0x09C2, 0x09D4, 0x09E4, 0x09F6, 0x0A08,
    0x0A18, 0x0A2A, 0x0A3A, 0x0A4B, 0x0A5A, 0x0A6C, 0x0A7C, 0x0A8A,
    0x06DA, 0x0A9B, 0x0AA9, 0x0AB8, 0x0AC9, 0x0AD9, 0x0AEB, 0x0AFA,
    0x0B0B, 0x0B1B, 0x0B2D, 0x0B3D, 0x0B4F, 0x0B63, 0x0B75, 0x0B89,
    0x0B9B, 0x0BAE, 0x0BBF, 0x0BD4, 0x0BE7, 0x0BF4, 0x0C02, 0x0C0E,
    0x0C19, 0x0C25, 0x0C31, 0x0C3C, 0x0C47, 0x0C53, 0x0C5F, 0x0C6B,
    0x0C7A, 0x0C85, 0x0C8D, 0x0C99, 0x0CA8, 0x0CB7, 0x0CC6, 0x0CDD,
    0x0CF2, 0x0D00, 0x0D0B, 0x0D17, 0x0D22, 0x0D2F, 0x0D3A, 0x0D46,
    0x0D50, 0x0D5C, 0x0D6C, 0x0D7C, 0x0D8F, 0x0D9A, 0x0DAE, 0x0DBB,
    0x0DCE, 0x0DD9, 0x0DE4, 0x0DF7, 0x0E03, 0x0E10, 0x0E1D, 0x0E2B,
    0x0E39, 0x0E47, 0x0E55, 0x0E63, 0x0E71, 0x0E86, 0x0E93, 0x0EA9,
    0x0EB8, 0x0ECD, 0x0EDA, 0x0EF0, 0x0F02, 0x0F18, 0x0F2A, 0x0F40,
    0x0F52, 0x0F68, 0x0F7A, 0x0F84, 0x0F92, 0x0F9C, 0x0FAB, 0x0FB5,
    0x0FC2, 0x0FCE, 0x0FDA, 0x0FE5, 0x0FF0, 0x0FFC, 0x1008, 0x1014,
    0x1020, 0x102C, 0x1038, 0x1043, 0x104E, 0x105F, 0x106C, 0x107D,
    0x108D, 0x109D, 0x10B3, 0x10C5, 0x10DA, 0x10EB, 0x1101, 0x1113,
};

static const uint16_t r_idx_0186_0186[] = {
    0x1119,
};

static const uint16_t r_idx_018E_0192[] = {
    0x1127, 0x1133, 0x1142, 0x0196, 0x1154,
};

static const uint16_t r_idx_019D_019E[] = {
    0x1164, 0x1176,
};

static const uint16_t r_idx_01B5_01B7[] = {
    0x117F, 0x1191, 0x119F,
};

static const uint16_t r_idx_01CD_01D4[] = {
    0x11B0, 0x11BF, 0x11D1, 0x11DD, 0x11E9, 0x11F7, 0x1205, 0x1211,
};

static const uint16_t r_idx_01E2_01F5[] = {
    0x121D, 0x122D, 0x123E, 0x1250, 0x1262, 0x1276, 0x1288, 0x129E,
    0x12B3, 0x12C1, 0x12CF, 0x12E0, 0x12F1, 0x1306, 0x131B, 0x0196,
    0x0196, 0x0196, 0x132A, 0x133E,
};

static const uint16_t r_idx_01FC_01FF[] = {
    0x1350, 0x1361, 0x1373, 0x1389,
};

static const uint16_t r_idx_0218_021B[] = {
    0x139B, 0x13B2, 0x13C5, 0x13D1,
};

static const uint16_t r_idx_0232_0237[] = {
    0x13E0, 0x13F0, 0x0196, 0x0196, 0x0196, 0x13FF,
};

static const uint16_t r_idx_0254_025B[] = {
    0x140A, 0x0196, 0x0196, 0x0196, 0x1416, 0x1424, 0x0196, 0x1432,
};

static const uint16_t r_idx_0272_0272[] = {
    0x1440,
};

static const uint16_t r_idx_0292_0292[] = {
    0x144B,
};

static const uint16_t r_idx_02BB_02BD[] = {
    0x145C, 0x1462, 0x1468,
};

static const uint16_t r_idx_02C6_02C7[] = {
    0x146E, 0x1474,
};

static const uint16_t r_idx_02D8_02DD[] = {
    0x147A, 0x1480, 0x0196, 0x1484, 0x148B, 0x1491,
};

static const uint16_t r_idx_0300_030C[] = {
    0x1497, 0x0553, 0x146E, 0x148B, 0x0523, 0x149D, 0x147A, 0x1480,
    0x04D8, 0x0196, 0x14A1, 0x1491, 0x1474,
};

static const uint16_t r_idx_0329_0329[] = {
    0x14A8,
};

static const uint16_t r_idx_0384_03D5[] = {
    0x14AC, 0x14B2, 0x14BB, 0x14C9, 0x14CD, 0x14DC, 0x14E8, 0x0196,
    0x14F3, 0x0196, 0x1500, 0x1510, 0x151F, 0x01B9, 0x01C4, 0x152F,
    0x1535, 0x01EC, 0x02E8, 0x0212, 0x1543, 0x021A, 0x022D, 0x1553,
    0x0245, 0x0251, 0x155F, 0x025F, 0x156B, 0x0269, 0x0196, 0x1571,
    0x02A5, 0x02DC, 0x1583, 0x02CA, 0x158F, 0x1598, 0x06CF, 0x108D,
    0x15A4, 0x15B2, 0x15C4, 0x15D1, 0x15DD, 0x15ED, 0x15F7, 0x1609,
    0x1615, 0x1432, 0x1623, 0x1176, 0x1638, 0x1646, 0x0CF2, 0x164E,
    0x0559, 0x0416, 0x165E, 0x03CC, 0x1672, 0x1678, 0x1684, 0x1693,
    0x169E, 0x16A6, 0x16AD, 0x16BA, 0x16CC, 0x16D5, 0x16DF, 0x16EA,
    0x08E7, 0x16F5, 0x1701, 0x0196, 0x0196, 0x170F, 0x0196, 0x0196,
    0x0196, 0x1723,
};

static const uint16_t r_idx_03F0_03F6[] = {
    0x1731, 0x1741, 0x0346, 0x0398, 0x174F, 0x175D, 0x176B,
};

static const uint16_t r_idx_0400_0463[] = {
    0x066C, 0x069C, 0x1779, 0x1787, 0x1791, 0x0293, 0x021A, 0x06CF,
    0x0222, 0x17A1, 0x17B0, 0x17BC, 0x17C7, 0x17DD, 0x17F0, 0x1801,
    0x01B9, 0x1809, 0x01C4, 0x152F, 0x1817, 0x01EC, 0x1823, 0x00E9,
    0x182F, 0x183D, 0x022D, 0x1850, 0x0245, 0x0212, 0x025F, 0x156B,
    0x0269, 0x01D4, 0x02A5, 0x185A, 0x1866, 0x02CA, 0x1872, 0x187B,
    0x1884, 0x188B, 0x1894, 0x18A2, 0x18AE, 0x18BA, 0x18CA, 0x18D6,
    0x032C, 0x18E7, 0x18F6, 0x1906, 0x0376, 0x035E, 0x190C, 0x1918,
    0x040F, 0x0FFC, 0x0CF2, 0x1926, 0x192F, 0x1939, 0x03CC, 0x1672,
    0x03D6, 0x0346, 0x1941, 0x0438, 0x1723, 0x042A, 0x1947, 0x1950,
    0x1959, 0x1960, 0x1969, 0x1976, 0x1982, 0x198E, 0x199C, 0x19A8,
    0x0848, 0x087E, 0x19B5, 0x19C5, 0x19CF, 0x03F7, 0x038D, 0x08B3,
    0x0398, 0x19DD, 0x19EA, 0x0C0E, 0x19F6, 0x0938, 0x1A08, 0x1A18,
    0x0196, 0x0196, 0x1A20, 0x1A2F,
};

static const uint16_t r_idx_046A_046B[] = {
    0x1A3F, 0x1A4E,
};

static const uint16_t r_idx_0490_04A5[] = {
    0x1A5B, 0x1A63, 0x1A6B, 0x1A75, 0x1A7F, 0x1A8E, 0x1A9D, 0x1AAD,
    0x1ABC, 0x1AD0, 0x1AE0, 0x1AF4, 0x1B06, 0x1B18, 0x0196, 0x0196,
    0x1B26, 0x1B3A, 0x1B4A, 0x1B56, 0x1B62, 0x1B6C,
};

static const uint16_t r_idx_04AA_04BB[] = {
    0x1B76, 0x1B86, 0x0196, 0x0196, 0x02DC, 0x1609, 0x1B94, 0x1BA3,
    0x1BB2, 0x1BC6, 0x0196, 0x0196, 0x1BD6, 0x1BE3, 0x1BF0, 0x1BFD,
    0x1C0A, 0x1C13,
};

static const uint16_t r_idx_04C0_04C2[] = {
    0x021A, 0x1C1C, 0x1C2D,
};

static const uint16_t r_idx_04CF_04F9[] = {
    0x03B6, 0x09B3, 0x09C2, 0x0630, 0x0807, 0x064D, 0x082A, 0x0AC9,
    0x0AD9, 0x1133, 0x1424, 0x1C3E, 0x1C50, 0x1C61, 0x1C71, 0x1C81,
    0x1C96, 0x0196, 0x0196, 0x1CA7, 0x0FE5, 0x1CB9, 0x095C, 0x0733,
    0x0911, 0x174F, 0x1CCB, 0x1CD9, 0x1CEA, 0x1CFB, 0x1D0E, 0x1D1F,
    0x13F0, 0x1D2F, 0x0985, 0x1D3F, 0x1D50, 0x1D60, 0x1D6D, 0x0196,
    0x0196, 0x1D7A, 0x1D8A,
};

static const uint16_t r_idx_05D0_05EA[] = {
    0x1D9A, 0x1DAC, 0x1DB5, 0x1DC3, 0x1DC9, 0x1DD2, 0x1DD9, 0x1DE1,
    0x1DE8, 0x1DF4, 0x1DFB, 0x1E02, 0x1E0C, 0x1E1B, 0x1E24, 0x1E36,
    0x1E3D, 0x1E46, 0x1E50, 0x1E60, 0x1E6C, 0x1E7B, 0x1E88, 0x1E9A,
    0x1EAB, 0x1EB2, 0x1EC0,
};

static const uint16_t r_idx_1E0C_1E0D[] = {
    0x1ECB, 0x1ED8,
};

static const uint16_t r_idx_1E34_1E37[] = {
    0x1EE7, 0x1EFC, 0x1F0F, 0x1F18,
};

static const uint16_t r_idx_1E40_1E47[] = {
    0x1F23, 0x1F32, 0x1F3C, 0x1F4C, 0x1F57, 0x1F69, 0x1F73, 0x1F85,
};

static const uint16_t r_idx_1E6C_1E6D[] = {
    0x1F90, 0x1F9A,
};

static const uint16_t r_idx_1EB8_1EBD[] = {
    0x1FA7, 0x1FB6, 0x0196, 0x0196, 0x1FC7, 0x1FD7,
};

static const uint16_t r_idx_1ECA_1ECD[] = {
    0x1FE9, 0x1FF4, 0x2002, 0x200F,
};

static const uint16_t r_idx_1EE4_1EE5[] = {
    0x201C, 0x2026,
};

static const uint16_t r_idx_1EF8_1EF9[] = {
    0x2030, 0x2041,
};

static const uint16_t r_idx_2000_2026[] = {
    0x0010, 0x0010, 0x0010, 0x0010, 0x0010, 0x0010, 0x0010, 0x0010,
    0x0010, 0x0010, 0x0010, 0x0010, 0x0010, 0x0010, 0x0010, 0x0010,
    0x050C, 0x050C, 0x00A2, 0x00A2, 0x2051, 0x2051, 0x2055, 0x2059,
    0x2060, 0x2066, 0x009C, 0x206C, 0x2072, 0x2078, 0x207E, 0x2084,
    0x208A, 0x2092, 0x209E, 0x0196, 0x0196, 0x0196, 0x20A6,
};

static const uint16_t r_idx_2030_2033[] = {
    0x20AA, 0x0196, 0x20C5, 0x20C9,
};

static const uint16_t r_idx_2039_203E[] = {
    0x20CD, 0x20DB, 0x0196, 0x20E9, 0x0196, 0x149D,
};

static const uint16_t r_idx_2070_209A[] = {
    0x20F1, 0x20F9, 0x0196, 0x0196, 0x2104, 0x2110, 0x211C, 0x2128,
    0x2134, 0x2140, 0x214C, 0x2154, 0x2158, 0x2160, 0x216A, 0x2174,
    0x217A, 0x2182, 0x218C, 0x2198, 0x21A4, 0x21B0, 0x21BC, 0x21C8,
    0x21D4, 0x21E0, 0x21EC, 0x21F4, 0x21F8, 0x2200, 0x220A, 0x0196,
    0x2214, 0x221F, 0x222A, 0x2232, 0x223D, 0x2248, 0x2250, 0x225D,
    0x2265, 0x0196, 0x226B,
};

static const uint16_t r_idx_20A7_20AE[] = {
    0x2275, 0x0196, 0x0196, 0x2287, 0x0196, 0x2297, 0x0196, 0x22A8,
};

static const uint16_t r_idx_2102_2102[] = {
    0x22BA,
};

static const uint16_t r_idx_210E_210F[] = {
    0x0384, 0x0C0E,
};

static const uint16_t r_idx_2115_211D[] = {
    0x22C8, 0x22DC, 0x0196, 0x0196, 0x0196, 0x22FD, 0x0196, 0x0196,
    0x230C,
};

static const uint16_t r_idx_2122_2126[] = {
    0x2323, 0x0196, 0x2331, 0x0196, 0x1598,
};

static const uint16_t r_idx_2135_2135[] = {
    0x2343,
};

static const uint16_t r_idx_2190_2195[] = {
    0x2355, 0x2361, 0x236B, 0x2377, 0x2381, 0x238D,
};

static const uint16_t r_idx_21A4_21A8[] = {
    0x239D, 0x0196, 0x23A9, 0x0196, 0x23B5,
};

static const uint16_t r_idx_21B2_21B5[] = {
    0x23C6, 0x23D4, 0x0196, 0x23E2,
};

static const uint16_t r_idx_21BB_21BB[] = {
    0x23F0,
};

static const uint16_t r_idx_21CB_21D5[] = {
    0x23FF, 0x240C, 0x0196, 0x0196, 0x0196, 0x2419, 0x2426, 0x2430,
    0x243D, 0x2447, 0x2457,
};

static const uint16_t r_idx_2200_220D[] = {
    0x2467, 0x0196, 0x0196, 0x2475, 0x2481, 0x2497, 0x1535, 0x24A5,
    0x24B3, 0x24C3, 0x24DB, 0x24E9, 0x24F9, 0x2511,
};

static const uint16_t r_idx_2212_221F[] = {
    0x00A2, 0x251F, 0x252B, 0x2537, 0x2543, 0x0196, 0x0196, 0x254F,
    0x2556, 0x0196, 0x0196, 0x0196, 0x2565, 0x256D,
};

static const uint16_t r_idx_2225_222A[] = {
    0x2055, 0x0196, 0x2573, 0x257F, 0x258B, 0x2592,
};

static const uint16_t r_idx_2248_2248[] = {
    0x2599,
};

static const uint16_t r_idx_2260_2265[] = {
    0x25A3, 0x25AF, 0x0196, 0x0196, 0x25BB, 0x25CD,
};

static const uint16_t r_idx_226A_226B[] = {
    0x25DF, 0x25EF,
};

static const uint16_t r_idx_2282_2287[] = {
    0x25FF, 0x260B, 0x0196, 0x0196, 0x2617, 0x2626,
};

static const uint16_t r_idx_22A5_22A5[] = {
    0x2635,
};

static const uint16_t r_idx_22C2_22C3[] = {
    0x263B, 0x02AB,
};

static const uint16_t r_idx_2300_2302[] = {
    0x2497, 0x0196, 0x2642,
};

static const uint16_t r_idx_2308_230B[] = {
    0x264D, 0x2653, 0x2659, 0x265F,
};

static const uint16_t r_idx_2310_2310[] = {
    0x2665,
};

static const uint16_t r_idx_2319_2319[] = {
    0x266B,
};

static const uint16_t r_idx_2320_2321[] = {
    0x2671, 0x2679,
};

static const uint16_t r_idx_239B_23AF[] = {
    0x2681, 0x2691, 0x2695, 0x26A5, 0x26B5, 0x26B9, 0x26C9, 0x2691,
    0x26CF, 0x26D5, 0x26B5, 0x26DB, 0x26E1, 0x26E9, 0x26F4, 0x0196,
    0x26FC, 0x2704, 0x270F, 0x2717, 0x271B,
};

static const uint16_t r_idx_23BA_23BD[] = {
    0x271F, 0x2723, 0x2727, 0x272B,
};

static const uint16_t r_idx_23D0_23D0[] = {
    0x2717,
};

static const uint16_t r_idx_2409_240D[] = {
    0x272F, 0x273D, 0x274B, 0x2759, 0x276B,
};

static const uint16_t r_idx_2424_2424[] = {
    0x277E,
};

static const uint16_t r_idx_2500_2503[] = {
    0x271B, 0x2792, 0x2717, 0x2796,
};

static const uint16_t r_idx_2508_254B[] = {
    0x279A, 0x279E, 0x27A2, 0x27B2, 0x27C2, 0x27C8, 0x27CE, 0x27D4,
    0x27DA, 0x27E0, 0x27E6, 0x27EC, 0x27F2, 0x27F8, 0x27FE, 0x2804,
    0x280A, 0x2810, 0x2816, 0x281C, 0x2822, 0x282A, 0x2832, 0x283A,
    0x2842, 0x284A, 0x2852, 0x285A, 0x2862, 0x286A, 0x2872, 0x287A,
    0x2882, 0x288A, 0x2892, 0x289A, 0x28A2, 0x28A8, 0x28AF, 0x28B6,
    0x28BC, 0x28C2, 0x28C9, 0x28D0, 0x28D6, 0x28DC, 0x28E3, 0x28EA,
    0x28F0, 0x28F6, 0x28FD, 0x2904, 0x290A, 0x2912, 0x291B, 0x2924,
    0x292C, 0x2934, 0x293C, 0x2944, 0x294D, 0x2956, 0x295F, 0x2968,
    0x2970, 0x2978, 0x2981, 0x298A,
};

static const uint16_t r_idx_2550_25A0[] = {
    0x2992, 0x2999, 0x299D, 0x29A6, 0x29AC, 0x29B5, 0x29BE, 0x29C4,
    0x29CD, 0x29D6, 0x29DC, 0x29E5, 0x29EE, 0x29F4, 0x29FD, 0x2A08,
    0x2A10, 0x2A1B, 0x2A26, 0x2A2E, 0x2A39, 0x2A42, 0x2A48, 0x2A51,
    0x2A5A, 0x2A60, 0x2A69, 0x2A74, 0x2A7C, 0x2A87, 0x2A90, 0x2A99,
    0x2AA2, 0x2AAB, 0x2AC5, 0x2ADF, 0x2AF7, 0x2AFB, 0x2AFF, 0x2B03,
    0x2B07, 0x2B0B, 0x2B0F, 0x2B13, 0x2B17, 0x2B1C, 0x2B22, 0x2B27,
    0x2B2D, 0x2B31, 0x2B35, 0x2B39, 0x2B3D, 0x2B41, 0x2B45, 0x2B49,
    0x2B4D, 0x2B51, 0x2B55, 0x2B59, 0x2B5D, 0x2B61, 0x2B65, 0x2B69,
    0x2B6D, 0x2B71, 0x2B8B, 0x2BA6, 0x0196, 0x0196, 0x2BC1, 0x2BC5,
    0x2BC9, 0x2BCD, 0x2BD3, 0x2BD9, 0x2BDF, 0x2BE5, 0x2BE9, 0x2BEF,
    0x2BF5,
};

static const uint16_t r_idx_25AC_25CF[] = {
    0x2BF9, 0x0196, 0x2BFD, 0x0196, 0x0196, 0x0196, 0x2C01, 0x0196,
    0x0196, 0x0196, 0x2C0F, 0x0196, 0x0196, 0x0196, 0x2C0F, 0x0196,
    0x2C1D, 0x0196, 0x0196, 0x0196, 0x2C2B, 0x0196, 0x0196, 0x0196,
    0x2C2B, 0x0196, 0x2C39, 0x0196, 0x0196, 0x0196, 0x2C47, 0x2C55,
    0x0196, 0x0196, 0x0196, 0x209E,
};

static const uint16_t r_idx_25D8_25D9[] = {
    0x2C5D, 0x2C69,
};

static const uint16_t r_idx_263A_2642[] = {
    0x2C75, 0x2C89, 0x2C9D, 0x0196, 0x0196, 0x0196, 0x2CB1, 0x0196,
    0x2CC0,
};

static const uint16_t r_idx_2660_266B[] = {
    0x2CD0, 0x0196, 0x0196, 0x2CE0, 0x0196, 0x2CF2, 0x2C39, 0x0196,
    0x0196, 0x0196, 0x2CFF, 0x2D0B,
};

static const uint16_t r_idx_2713_2718[] = {
    0x2D18, 0x2D28, 0x0196, 0x0196, 0x2D38, 0x2D49,
};

static const uint16_t r_idx_27E8_27EB[] = {
    0x2D5A, 0x2D6A, 0x2D7A, 0x2D8A,
};

static const uint16_t r_idx_2800_28FF[] = {
    0x0010, 0x2D9A, 0x2D9E, 0x2DA2, 0x2DAA, 0x2DAE, 0x2DB6, 0x2DBE,
    0x2DCA, 0x2DCE, 0x2DD2, 0x2DDA, 0x2DE2, 0x2DEA, 0x2DF2, 0x2DFE,
    0x2E0A, 0x2E0E, 0x2E16, 0x2E1A, 0x2E22, 0x2E2A, 0x2E36, 0x2E3E,
    0x2E4A, 0x2E52, 0x2E5A, 0x2E62, 0x2E6A, 0x2E76, 0x2E82, 0x2E8E,
    0x2E9A, 0x2E9E, 0x2EA6, 0x2EAE, 0x2EBA, 0x2EBE, 0x2EC6, 0x2ECE,
    0x2EDA, 0x2EE2, 0x2EEA, 0x2EF6, 0x2F02, 0x2F0A, 0x2F12, 0x2F1E,
    0x2F2A, 0x2F32, 0x2F3E, 0x2F46, 0x2F52, 0x2F5A, 0x2F66, 0x2F6E,
    0x2F7A, 0x2F86, 0x2F92, 0x2F9E, 0x2FAA, 0x2FB6, 0x2FC2, 0x2FCE,
    0x2FDA, 0x2FDE, 0x2FE6, 0x2FEE, 0x2FFA, 0x3002, 0x300E, 0x301A,
    0x302A, 0x3032, 0x303A, 0x3046, 0x3052, 0x305E, 0x306A, 0x307A,
    0x308A, 0x3092, 0x309E, 0x30A6, 0x30B2, 0x30BE, 0x30CE, 0x30DA,
    0x30EA, 0x30F6, 0x3102, 0x310E, 0x311A, 0x312A, 0x313A, 0x314A,
    0x315A, 0x3162, 0x316E, 0x317A, 0x318A, 0x3192, 0x319E, 0x31AA,
    0x31BA, 0x31C6, 0x31D2, 0x31E2, 0x31F2, 0x31FE, 0x320A, 0x321A,
    0x322A, 0x3236, 0x3246, 0x3252, 0x3262, 0x326E, 0x327E, 0x328A,
    0x329A, 0x32AA, 0x32BA, 0x32CA, 0x32DA, 0x32EA, 0x32FA, 0x330A,
    0x331A, 0x331E, 0x3326, 0x332E, 0x333A, 0x3342, 0x334E, 0x335A,
    0x336A, 0x3372, 0x337A, 0x3386, 0x3392, 0x339E, 0x33AA, 0x33BA,
    0x33CA, 0x33D2, 0x33DE, 0x33E6, 0x33F2, 0x33FE, 0x340E, 0x341A,
    0x342A, 0x3436, 0x3442, 0x344E, 0x345A, 0x346A, 0x347A, 0x348A,
    0x349A, 0x34A2, 0x34AE, 0x34BA, 0x34CA, 0x34D2, 0x34DE, 0x34EA,
    0x34FA, 0x3506, 0x3512, 0x3522, 0x3532, 0x353E, 0x354A, 0x355A,
    0x356A, 0x3576, 0x3586, 0x3592, 0x35A2, 0x35AE, 0x35BE, 0x35CA,
    0x35DA, 0x35EA, 0x35FA, 0x360A, 0x361A, 0x362A, 0x363A, 0x364A,
    0x365A, 0x365E, 0x3666, 0x366E, 0x367A, 0x3682, 0x368E, 0x369A,
    0x36AA, 0x36B2, 0x36BA, 0x36C6, 0x36D2, 0x36DE, 0x36EA, 0x36FA,
    0x370A, 0x3712, 0x371E, 0x3726, 0x3732, 0x373E, 0x374E, 0x375A,
    0x376A, 0x3776, 0x3782, 0x378E, 0x379A, 0x37AA, 0x37BA, 0x37CA,
    0x37DA, 0x37E2, 0x37EE, 0x37FA, 0x380A, 0x3812, 0x381E, 0x382A,
    0x383A, 0x3846, 0x3852, 0x3862, 0x3872, 0x387E, 0x388A, 0x389A,
    0x38AA, 0x38B6, 0x38C6, 0x38D2, 0x38E2, 0x38EE, 0x38FE, 0x390A,
    0x391A, 0x392A, 0x393A, 0x394A, 0x395A, 0x396A, 0x397A, 0x398A,
};

static const uint16_t r_idx_2E2C_2E2C[] = {
    0x399A,
};

static const uint16_t r_idx_E0A0_E0A2[] = {
    0x39A2, 0x39B5, 0x39CD,
};

static const uint16_t r_idx_E0B0_E0B3[] = {
    0x39DD, 0x39F8, 0x3A13, 0x3A2E,
};

static const uint16_t r_idx_F6BE_F6BE[] = {
    0x13FF,
};

static const uint16_t r_idx_FFFD_FFFD[] = {
    0x3A49,
};

static const FontRange r_ranges[] = {
    {0x0000, 0x0000, r_idx_0000_0000},
    {0x0020, 0x007E, r_idx_0020_007E},
    {0x00A0, 0x017F, r_idx_00A0_017F},
    {0x0186, 0x0186, r_idx_0186_0186},
    {0x018E, 0x0192, r_idx_018E_0192},
    {0x019D, 0x019E, r_idx_019D_019E},
    {0x01B5, 0x01B7, r_idx_01B5_01B7},
    {0x01CD, 0x01D4, r_idx_01CD_01D4},
    {0x01E2, 0x01F5, r_idx_01E2_01F5},
    {0x01FC, 0x01FF, r_idx_01FC_01FF},
    {0x0218, 0x021B, r_idx_0218_021B},
    {0x0232, 0x0237, r_idx_0232_0237},
    {0x0254, 0x025B, r_idx_0254_025B},
    {0x0272, 0x0272, r_idx_0272_0272},
    {0x0292, 0x0292, r_idx_0292_0292},
    {0x02BB, 0x02BD, r_idx_02BB_02BD},
    {0x02C6, 0x02C7, r_idx_02C6_02C7},
    {0x02D8, 0x02DD, r_idx_02D8_02DD},
    {0x0300, 0x030C, r_idx_0300_030C},
    {0x0329, 0x0329, r_idx_0329_0329},
    {0x0384, 0x03D5, r_idx_0384_03D5},
    {0x03F0, 0x03F6, r_idx_03F0_03F6},
    {0x0400, 0x0463, r_idx_0400_0463},
    {0x046A, 0x046B, r_idx_046A_046B},
    {0x0490, 0x04A5, r_idx_0490_04A5},
    {0x04AA, 0x04BB, r_idx_04AA_04BB},
    {0x04C0, 0x04C2, r_idx_04C0_04C2},
    {0x04CF, 0x04F9, r_idx_04CF_04F9},
    {0x05D0, 0x05EA, r_idx_05D0_05EA},
    {0x1E0C, 0x1E0D, r_idx_1E0C_1E0D},
    {0x1E34, 0x1E37, r_idx_1E34_1E37},
    {0x1E40, 0x1E47, r_idx_1E40_1E47},
    {0x1E6C, 0x1E6D, r_idx_1E6C_1E6D},
    {0x1EB8, 0x1EBD, r_idx_1EB8_1EBD},
    {0x1ECA, 0x1ECD, r_idx_1ECA_1ECD},
    {0x1EE4, 0x1EE5, r_idx_1EE4_1EE5},
    {0x1EF8, 0x1EF9, r_idx_1EF8_1EF9},
    {0x2000, 0x2026, r_idx_2000_2026},
    {0x2030, 0x2033, r_idx_2030_2033},
    {0x2039, 0x203E, r_idx_2039_203E},
    {0x2070, 0x209A, r_idx_2070_209A},
    {0x20A7, 0x20AE, r_idx_20A7_20AE},
    {0x2102, 0x2102, r_idx_2102_2102},
    {0x210E, 0x210F, r_idx_210E_210F},
    {0x2115, 0x211D, r_idx_2115_211D},
    {0x2122, 0x2126, r_idx_2122_2126},
    {0x2135, 0x2135, r_idx_2135_2135},
    {0x2190, 0x2195, r_idx_2190_2195},
    {0x21A4, 0x21A8, r_idx_21A4_21A8},
    {0x21B2, 0x21B5, r_idx_21B2_21B5},
    {0x21BB, 0x21BB, r_idx_21BB_21BB},
    {0x21CB, 0x21D5, r_idx_21CB_21D5},
    {0x2200, 0x220D, r_idx_2200_220D},
    {0x2212, 0x221F, r_idx_2212_221F},
    {0x2225, 0x222A, r_idx_2225_222A},
    {0x2248, 0x2248, r_idx_2248_2248},
    {0x2260, 0x2265, r_idx_2260_2265},
    {0x226A, 0x226B, r_idx_226A_226B},
    {0x2282, 0x2287, r_idx_2282_2287},
    {0x22A5, 0x22A5, r_idx_22A5_22A5},
    {0x22C2, 0x22C3, r_idx_22C2_22C3},
    {0x2300, 0x2302, r_idx_2300_2302},
    {0x2308, 0x230B, r_idx_2308_230B},
    {0x2310, 0x2310, r_idx_2310_2310},
    {0x2319, 0x2319, r_idx_2319_2319},
    {0x2320, 0x2321, r_idx_2320_2321},
    {0x239B, 0x23AF, r_idx_239B_23AF},
    {0x23BA, 0x23BD, r_idx_23BA_23BD},
    {0x23D0, 0x23D0, r_idx_23D0_23D0},
    {0x2409, 0x240D, r_idx_2409_240D},
    {0x2424, 0x2424, r_idx_2424_2424},
    {0x2500, 0x2503, r_idx_2500_2503},
    {0x2508, 0x254B, r_idx_2508_254B},
    {0x2550, 0x25A0, r_idx_2550_25A0},
    {0x25AC, 0x25CF, r_idx_25AC_25CF},
    {0x25D8, 0x25D9, r_idx_25D8_25D9},
    {0x263A, 0x2642, r_idx_263A_2642},
    {0x2660, 0x266B, r_idx_2660_266B},
    {0x2713, 0x2718, r_idx_2713_2718},
    {0x27E8, 0x27EB, r_idx_27E8_27EB},
    {0x2800, 0x28FF, r_idx_2800_28FF},
    {0x2E2C, 0x2E2C, r_idx_2E2C_2E2C},
    {0xE0A0, 0xE0A2, r_idx_E0A0_E0A2},
    {0xE0B0, 0xE0B3, r_idx_E0B0_E0B3},
    {0xF6BE, 0xF6BE, r_idx_F6BE_F6BE},
    {0xFFFD, 0xFFFD, r_idx_FFFD_FFFD},
};

static const uint16_t pal[] = {
    0x0000, 0x0040, 0x0404, 0x0208, 0x0008, 0x0200, 0x0400, 0x0060,
    0x0004, 0x01F0, 0x0090, 0x0110, 0x0444, 0x0FFF, 0x0080, 0x0020,
    0x0010, 0x07FC, 0x0204, 0x0408, 0x0108, 0x0FC0, 0x0100, 0x00A0,
    0x03F8, 0x07F0, 0x003F, 0x00C0, 0x0402, 0x0002, 0x01FC, 0x00F0,
    0x0606, 0x0410, 0x0840, 0x0440, 0x0248, 0x01F8, 0x0800, 0x00E0,
    0x0202, 0x0044, 0x03F0, 0x0FE0, 0x007F, 0x0088, 0x0FFE, 0x0030,
    0x0504, 0x0600, 0x0C06, 0x0180, 0x0AAA, 0x0220, 0x030C, 0x0FFC,
    0x0500, 0x060C, 0x0E00, 0x0F00, 0x0018, 0x0104, 0x01C0, 0x0480,
    0x0424, 0x0484, 0x0FF8, 0x0210, 0x0420, 0x0150, 0x0842, 0x0CC6,
    0x0414, 0x0C30, 0x0318, 0x040C, 0x0442, 0x0604, 0x050A, 0x020C,
    0x0240, 0x0492, 0x0084, 0x01F4, 0x0230, 0x0300, 0x0038, 0x0188,
    0x0198, 0x0380, 0x03FC, 0x07FE, 0x0042, 0x00FC, 0x0412, 0x0070,
    0x000C, 0x007C, 0x047C, 0x0555, 0x0006, 0x0022, 0x07E0, 0x0802,
    0x0C00, 0x0001, 0x00F8, 0x0462, 0x07C2, 0x003C, 0x0140, 0x03C0,
    0x0660, 0x0C63, 0x0014, 0x0050, 0x00FF, 0x0102, 0x01E0, 0x01FE,
    0x03FE, 0x0406, 0x07F8, 0x0878, 0x0B1A, 0x0C60, 0x0C66, 0x0E0E,
    0x0FF0, 0x000E, 0x0048, 0x0082, 0x0244, 0x0330, 0x03E0, 0x03FF,
    0x0482, 0x07BC, 0x087E, 0x00CC, 0x01E6, 0x0280, 0x0540, 0x0666,
    0x0820, 0x0844, 0x0C36, 0x0C7C, 0x0DB6, 0x0F1E, 0x0024, 0x0063,
    0x0066, 0x009F, 0x00C6, 0x00FE, 0x0422, 0x063E, 0x0F90, 0x0003,
    0x0007, 0x000F, 0x0028, 0x0120, 0x01B0, 0x021C, 0x0294, 0x0306,
    0x0308, 0x0336, 0x03B8, 0x0438, 0x043C, 0x043E, 0x0448, 0x0520,
    0x05F0, 0x0608, 0x0618, 0x0630, 0x0700, 0x071C, 0x0784, 0x07C0,
    0x0801, 0x0804, 0x0E07, 0x0EF7, 0x0F0F, 0x0F80, 0x0F9F, 0x0FC6,
    0x0012, 0x0041, 0x007E, 0x0222, 0x0224, 0x0384, 0x0446, 0x0508,
    0x0706, 0x0780, 0x0808, 0x0810, 0x087C, 0x0880, 0x09F2, 0x0C04,
    0x0C46, 0x0CC0, 0x0CE6, 0x0FC4, 0x000A, 0x001E, 0x001F, 0x003E,
    0x0078, 0x00C2, 0x00CE, 0x0118, 0x0144, 0x0184, 0x018C, 0x019E,
    0x01F2, 0x01FF, 0x0228, 0x0310, 0x0340, 0x0358, 0x0360, 0x041F,
    0x0450, 0x0454, 0x047E, 0x0488, 0x0490, 0x04A4, 0x04F2, 0x0502,
    0x0510, 0x0514, 0x0544, 0x0580, 0x05F2, 0x061C, 0x0702, 0x075C,
    0x07FF, 0x0860, 0x0920, 0x09B2, 0x09F0, 0x0B02, 0x0BF2,
};

const FontFace terminus12x24_regular = {
    .ranges      = r_ranges,
    .pool        = r_pool,
    .palette     = pal,
    .num_ranges  = 86,
    .pool_bytes  = 14929,
    .palette_len = 255,
    .smear_left  = 0,
};

#if FONT_BOLD_ENABLED

static const uint8_t b_pool[] = {
    0x04, 0x0F, 0x0E, 0x27, 0xA4, 0x4A, 0x4A, 0x4A, 0xA4, 0x27, 0x8C, 0xA9, 0xF5, 0x39, 0x39, 0xF5,
    0xA9, 0x8C, 0x04, 0x0F, 0x03, 0x2F, 0x07, 0x1B, 0x1B, 0x85, 0x33, 0x03, 0x1B, 0x1B, 0x07, 0x2F,
    0x04, 0x0F, 0x03, 0x33, 0x1B, 0x07, 0x07, 0x85, 0x2F, 0x03, 0x07, 0x07, 0x1B, 0x33, 0x07, 0x09,
    0x08, 0x39, 0x4A, 0xA4, 0x27, 0x2E, 0x27, 0xA4, 0x4A, 0x39, 0x04, 0x0F, 0x0E, 0x60, 0x3C, 0x2F,
    0x07, 0x1B, 0x33, 0x55, 0x31, 0x55, 0x33, 0x1B, 0x07, 0x2F, 0x3C, 0x60, 0x04, 0x0F, 0x0E, 0x31,
    0x55, 0x33, 0x1B, 0x07, 0x2F, 0x3C, 0x60, 0x3C, 0x2F, 0x07, 0x1B, 0x33, 0x55, 0x31, 0x04, 0x0F,
    0x04, 0x18, 0x39, 0x32, 0xFF, 0x3E, 0x0C, 0x7E, 0x83, 0x47, 0x04, 0x7E, 0xFF, 0x3E, 0x0C, 0x68,
    0x31, 0x78, 0x04, 0x0F, 0x07, 0x25, 0x36, 0x20, 0x20, 0x31, 0x31, 0x31, 0x9D, 0x83, 0x20, 0x01,
    0x36, 0x25, 0x04, 0x0F, 0x06, 0x67, 0x32, 0x7F, 0x95, 0x94, 0xD2, 0xD0, 0x86, 0x32, 0x04, 0x0F,
    0x82, 0x20, 0x82, 0x36, 0x81, 0x58, 0x80, 0x1F, 0x80, 0x07, 0x04, 0x0F, 0x86, 0x32, 0x06, 0xD0,
    0xD2, 0x94, 0x95, 0x7F, 0x32, 0x67, 0x04, 0x0F, 0x00, 0x09, 0x8B, 0x33, 0x00, 0x09, 0x04, 0x0F,
    0x00, 0x09, 0x8B, 0x2F, 0x00, 0x09, 0x04, 0x0F, 0x82, 0x1B, 0x00, 0x7A, 0x87, 0x1B, 0x00, 0x61,
    0x04, 0x0F, 0x01, 0x56, 0x07, 0x83, 0x1B, 0x00, 0x59, 0x83, 0x1B, 0x01, 0x07, 0x56, 0x04, 0x0F,
    0x01, 0x59, 0x1B, 0x83, 0x07, 0x00, 0x56, 0x83, 0x07, 0x01, 0x1B, 0x59, 0x06, 0x0C, 0x02, 0x32,
    0x39, 0x18, 0x84, 0x39, 0x02, 0x18, 0x39, 0x32, 0x03, 0x10, 0x05, 0x09, 0x4A, 0x55, 0x55, 0x76,
    0x85, 0x82, 0x4A, 0x05, 0x58, 0x1F, 0x3C, 0x3C, 0x4A, 0x09, 0x06, 0x0C, 0x0B, 0x18, 0x02, 0xCE,
    0x7C, 0x7C, 0xFD, 0xFD, 0x7C, 0x7C, 0xCE, 0x02, 0x18, 0x01, 0x0B, 0x03, 0x18, 0x60, 0x60, 0x5A,
    0x82, 0x39, 0x02, 0x5A, 0x00, 0x11, 0x08, 0x0B, 0x0A, 0x98, 0x8B, 0x58, 0x85, 0x70, 0xD1, 0x70,
    0x85, 0x58, 0x8B, 0x98, 0x06, 0x0C, 0x0B, 0x18, 0x02, 0xFE, 0x7C, 0x7C, 0x7C, 0xFE, 0xFF, 0x62,
    0x0B, 0xFF, 0x32, 0x0B, 0x7C, 0x02, 0x18, 0x02, 0x06, 0x00, 0x09, 0x82, 0x4A, 0x00, 0x09, 0x02,
    0x09, 0x08, 0x09, 0x4A, 0x4A, 0x3C, 0x2F, 0x07, 0x1B, 0x33, 0x18, 0x02, 0x09, 0x08, 0x09, 0x4A,
    0x3C, 0x3C, 0x1F, 0x3C, 0x3C, 0x4A, 0x09, 0x01, 0x0B, 0x01, 0x09, 0x4A, 0x83, 0x39, 0x03, 0x4A,
    0x09, 0x00, 0x11, 0x08, 0x0B, 0x0A, 0xD1, 0x70, 0x85, 0x58, 0x8B, 0x98, 0x8B, 0x58, 0x85, 0x70,
    0xD1, 0x03, 0x11, 0x10, 0x1B, 0x3E, 0x6F, 0x1B, 0xD9, 0x9A, 0x8B, 0x3C, 0x2F, 0x98, 0xDA, 0xDF,
    0xA9, 0x8F, 0xEA, 0x64, 0x64, 0x03, 0x11, 0x10, 0x1B, 0x3E, 0x6F, 0xD9, 0x9A, 0x8B, 0xFF, 0xD8,
    0x00, 0x2F, 0x07, 0x1B, 0xFF, 0xBC, 0x01, 0xFF, 0x66, 0x03, 0x8F, 0x4B, 0x3C, 0x2F, 0xC2, 0x03,
    0x11, 0x10, 0x6F, 0x70, 0x07, 0x3E, 0xFF, 0x62, 0x00, 0x8F, 0xFF, 0xCC, 0x03, 0x3C, 0x2F, 0x98,
    0xDA, 0xDF, 0xA9, 0x8F, 0xEA, 0x64, 0x64, 0x04, 0x0F, 0x01, 0x87, 0xB3, 0x83, 0x49, 0x00, 0x0D,
    0x84, 0x49, 0x00, 0xFF, 0x3F, 0x0C, 0x04, 0x0F, 0x07, 0x2A, 0xB2, 0x39, 0x39, 0x39, 0xB2, 0x7A,
    0x39, 0x82, 0x20, 0x02, 0xC8, 0xFF, 0x8C, 0x06, 0xFF, 0xF8, 0x06, 0x08, 0x0B, 0x0A, 0xFF, 0xBE,
    0x07, 0xFF, 0xE3, 0x00, 0x97, 0x97, 0xFF, 0xE3, 0x07, 0xFF, 0x7F, 0x0C, 0x7D, 0x7D, 0x7D, 0xFF,
    0x73, 0x0C, 0xFF, 0xDE, 0x07, 0x04, 0x0F, 0x05, 0xE6, 0x3E, 0xE6, 0x2F, 0x25, 0x36, 0x85, 0x20,
    0x01, 0x36, 0x25, 0x08, 0x0B, 0x0A, 0xFF, 0xFA, 0x01, 0x36, 0xFF, 0x0E, 0x06, 0xFF, 0x1E, 0x06,
    0xFF, 0x36, 0x06, 0x8F, 0xFF, 0xC6, 0x06, 0xFF, 0x86, 0x07, 0xC8, 0x36, 0xFF, 0xF8, 0x05, 0x00,
    0x13, 0x0B, 0x07, 0x1F, 0x58, 0x00, 0x25, 0x36, 0x20, 0x20, 0x31, 0x31, 0x31, 0x9D, 0x83, 0x20,
    0x01, 0x36, 0x25, 0x00, 0x13, 0x0B, 0x36, 0x36, 0x25, 0x00, 0x25, 0x36, 0x20, 0x20, 0x31, 0x31,
    0x31, 0x9D, 0x83, 0x20, 0x01, 0x36, 0x25, 0x00, 0x13, 0x81, 0x07, 0x08, 0x00, 0x25, 0x36, 0x20,
    0x20, 0x31, 0x31, 0x31, 0x9D, 0x83, 0x20, 0x01, 0x36, 0x25, 0x04, 0x14, 0x07, 0x25, 0x36, 0x20,
    0x20, 0x31, 0x31, 0x31, 0x9D, 0x83, 0x20, 0x06, 0x36, 0x25, 0x00, 0x07, 0x07, 0x07, 0x1B, 0x04,
    0x13, 0x81, 0x20, 0x01, 0x00, 0x7F, 0x87, 0x20, 0x04, 0xFF, 0x06, 0x0F, 0x9A, 0x9A, 0x9A, 0x61,
    0x04, 0x0F, 0x00, 0x76, 0x83, 0x07, 0x81, 0x97, 0x83, 0x07, 0x00, 0x25, 0x04, 0x0F, 0x01, 0x87,
    0xB3, 0x83, 0x49, 0x00, 0xFF, 0x3F, 0x0C, 0x83, 0x49, 0x01, 0xB3, 0x87, 0x04, 0x13, 0x82, 0x1B,
    0x00, 0x7A, 0x87, 0x1B, 0x04, 0x61, 0x2F, 0x2F, 0x2F, 0x07, 0x00, 0x13, 0x03, 0x85, 0x76, 0x1B,
    0x00, 0x82, 0x1B, 0x00, 0x7A, 0x87, 0x1B, 0x00, 0x61, 0x04, 0x0F, 0x82, 0x1B, 0x03, 0x7A, 0x1B,
    0x1B, 0x2A, 0x84, 0x1B, 0x00, 0x61, 0x00, 0x13, 0x03, 0x07, 0x1F, 0x58, 0x00, 0x86, 0x32, 0x06,
    0xD0, 0xD2, 0x94, 0x95, 0x7F, 0x32, 0x67, 0x04, 0x0F, 0x01, 0x86, 0x70, 0x82, 0x7D, 0x01, 0x93,
    0x7E, 0x83, 0x71, 0x01, 0x7E, 0xCC, 0x04, 0x12, 0x01, 0x5D, 0xDE, 0x89, 0x36, 0x01, 0xFF, 0x0C,
    0x07, 0x2E, 0x81, 0x32, 0x04, 0x0F, 0x83, 0x32, 0x01, 0xBF, 0x7E, 0x84, 0x92, 0x01, 0x7E, 0xBF,
    0x04, 0x0F, 0x00, 0x93, 0x84, 0x47, 0x00, 0xBF, 0x84, 0x47, 0x00, 0x93, 0x08, 0x0B, 0x05, 0x1C,
    0x20, 0xFF, 0x0E, 0x07, 0xFF, 0x9E, 0x07, 0xFF, 0xF6, 0x06, 0x8F, 0x83, 0x20, 0x08, 0x0B, 0x04,
    0xB4, 0xB4, 0x55, 0x18, 0x36, 0x82, 0xA7, 0x01, 0x36, 0x18, 0x08, 0x0B, 0x81, 0x31, 0x01, 0x19,
    0xB2, 0x82, 0x39, 0x01, 0xB2, 0x19, 0x08, 0x0B, 0x00, 0x93, 0x82, 0x47, 0x00, 0xBF, 0x82, 0x47,
    0x00, 0x93, 0x08, 0x0B, 0x04, 0x86, 0x70, 0x7D, 0x93, 0x7E, 0x82, 0x71, 0x01, 0x7E, 0xCC,
};

static const uint16_t b_idx_0020_007E[] = {
    0xFFFF, 0xFFFF, 0xFFFF, 0xFFFF, 0xFFFF, 0xFFFF, 0x0000, 0xFFFF,
    0x0012, 0x0020, 0x002E, 0xFFFF, 0xFFFF, 0xFFFF, 0xFFFF, 0xFFFF,
    0xFFFF, 0xFFFF, 0xFFFF, 0xFFFF, 0xFFFF, 0xFFFF, 0xFFFF, 0xFFFF,
    0xFFFF, 0xFFFF, 0xFFFF, 0xFFFF, 0x003A, 0xFFFF, 0x004C, 0xFFFF,
    0x005E, 0xFFFF, 0xFFFF, 0xFFFF, 0xFFFF, 0xFFFF, 0xFFFF, 0x0072,
    0xFFFF, 0xFFFF, 0xFFFF, 0xFFFF, 0xFFFF, 0x0082, 0xFFFF, 0xFFFF,
    0xFFFF, 0xFFFF, 0xFFFF, 0xFFFF, 0xFFFF, 0xFFFF, 0x008E, 0x009A,
    0xFFFF, 0xFFFF, 0xFFFF, 0x00A6, 0xFFFF, 0x00AE, 0xFFFF, 0xFFFF,
    0xFFFF, 0xFFFF, 0xFFFF, 0xFFFF, 0xFFFF, 0xFFFF, 0xFFFF, 0xFFFF,
    0xFFFF, 0xFFFF, 0xFFFF, 0xFFFF, 0xFFFF, 0xFFFF, 0xFFFF, 0xFFFF,
    0xFFFF, 0xFFFF, 0xFFFF, 0xFFFF, 0x00B6, 0xFFFF, 0xFFFF, 0xFFFF,
    0xFFFF, 0xFFFF, 0xFFFF, 0x00C0, 0xFFFF, 0x00CE, 0xFFFF,
};

static const uint16_t b_idx_00A0_017F[] = {
    0xFFFF, 0xFFFF, 0xFFFF, 0xFFFF, 0x00DC, 0xFFFF, 0xFFFF, 0x00E8,
    0xFFFF, 0x00FA, 0x0109, 0x0116, 0xFFFF, 0xFFFF, 0x0124, 0xFFFF,
    0x0137, 0xFFFF, 0x013F, 0x014B, 0xFFFF, 0xFFFF, 0xFFFF, 0xFFFF,
    0xFFFF, 0xFFFF, 0x0157, 0x0163, 0x0171, 0x0185, 0x019F, 0xFFFF,
    0xFFFF, 0xFFFF, 0xFFFF, 0xFFFF, 0xFFFF, 0xFFFF, 0x01B7, 0xFFFF,
    0xFFFF, 0xFFFF, 0xFFFF, 0xFFFF, 0xFFFF, 0xFFFF, 0xFFFF, 0xFFFF,
    0xFFFF, 0xFFFF, 0xFFFF, 0xFFFF, 0xFFFF, 0xFFFF, 0xFFFF, 0xFFFF,
    0xFFFF, 0xFFFF, 0xFFFF, 0xFFFF, 0xFFFF, 0xFFFF, 0xFFFF, 0x01C6,
    0xFFFF, 0xFFFF, 0xFFFF, 0xFFFF, 0xFFFF, 0xFFFF, 0x01DB, 0xFFFF,
    0xFFFF, 0xFFFF, 0xFFFF, 0xFFFF, 0xFFFF, 0xFFFF, 0xFFFF, 0xFFFF,
    0x01F5, 0xFFFF, 0xFFFF, 0xFFFF, 0xFFFF, 0xFFFF, 0xFFFF, 0xFFFF,
    0x0203, 0xFFFF, 0xFFFF, 0xFFFF, 0xFFFF, 0xFFFF, 0xFFFF, 0xFFFF,
    0xFFFF, 0xFFFF, 0xFFFF, 0xFFFF, 0xFFFF, 0xFFFF, 0xFFFF, 0xFFFF,
    0xFFFF, 0xFFFF, 0xFFFF, 0xFFFF, 0xFFFF, 0xFFFF, 0xFFFF, 0xFFFF,
    0xFFFF, 0xFFFF, 0xFFFF, 0xFFFF, 0xFFFF, 0xFFFF, 0xFFFF, 0xFFFF,
    0xFFFF, 0xFFFF, 0xFFFF, 0xFFFF, 0x021F, 0xFFFF, 0x0233, 0xFFFF,
    0x0247, 0xFFFF, 0x025A, 0xFFFF, 0xFFFF, 0xFFFF, 0xFFFF, 0xFFFF,
    0xFFFF, 0xFFFF, 0xFFFF, 0xFFFF, 0xFFFF, 0xFFFF, 0xFFFF, 0xFFFF,
    0xFFFF, 0xFFFF, 0xFFFF, 0x026F, 0xFFFF, 0xFFFF, 0xFFFF, 0xFFFF,
    0xFFFF, 0xFFFF, 0xFFFF, 0xFFFF, 0xFFFF, 0xFFFF, 0xFFFF, 0xFFFF,
    0x0280, 0xFFFF, 0xFFFF, 0xFFFF, 0xFFFF, 0xFFFF, 0xFFFF, 0xFFFF,
    0xFFFF, 0xFFFF, 0xFFFF, 0xFFFF, 0xFFFF, 0xFFFF, 0xFFFF, 0xFFFF,
    0xFFFF, 0xFFFF, 0x028C, 0xFFFF, 0xFFFF, 0xFFFF, 0xFFFF, 0xFFFF,
    0xFFFF, 0xFFFF, 0xFFFF, 0xFFFF, 0xFFFF, 0xFFFF, 0xFFFF, 0xFFFF,
    0xFFFF, 0xFFFF, 0xFFFF, 0x029C, 0xFFFF, 0x02AA, 0xFFFF, 0x02B9,
    0xFFFF, 0xFFFF, 0xFFFF, 0xFFFF, 0xFFFF, 0xFFFF, 0xFFFF, 0xFFFF,
    0xFFFF, 0xFFFF, 0xFFFF, 0xFFFF, 0x02C6, 0xFFFF, 0xFFFF, 0xFFFF,
    0xFFFF, 0xFFFF, 0xFFFF, 0xFFFF, 0xFFFF, 0xFFFF, 0xFFFF, 0xFFFF,
};

static const uint16_t b_idx_0400_045F[] = {
    0xFFFF, 0xFFFF, 0xFFFF, 0xFFFF, 0xFFFF, 0xFFFF, 0xFFFF, 0xFFFF,
    0xFFFF, 0x02D7, 0xFFFF, 0xFFFF, 0xFFFF, 0xFFFF, 0xFFFF, 0xFFFF,
    0xFFFF, 0xFFFF, 0xFFFF, 0xFFFF, 0x02E6, 0xFFFF, 0xFFFF, 0xFFFF,
    0xFFFF, 0xFFFF, 0xFFFF, 0xFFFF, 0x0082, 0xFFFF, 0xFFFF, 0xFFFF,
    0xFFFF, 0xFFFF, 0xFFFF, 0xFFFF, 0xFFFF, 0xFFFF, 0xFFFF, 0xFFFF,
    0xFFFF, 0xFFFF, 0xFFFF, 0x02F4, 0xFFFF, 0xFFFF, 0x0300, 0xFFFF,
    0xFFFF, 0xFFFF, 0xFFFF, 0xFFFF, 0xFFFF, 0xFFFF, 0xFFFF, 0xFFFF,
    0xFFFF, 0xFFFF, 0xFFFF, 0xFFFF, 0x030C, 0xFFFF, 0xFFFF, 0xFFFF,
    0xFFFF, 0xFFFF, 0xFFFF, 0xFFFF, 0xFFFF, 0xFFFF, 0xFFFF, 0xFFFF,
    0xFFFF, 0xFFFF, 0x031D, 0xFFFF, 0x032A, 0xFFFF, 0x0336, 0xFFFF,
    0xFFFF, 0xFFFF, 0xFFFF, 0xFFFF, 0xFFFF, 0xFFFF, 0xFFFF, 0xFFFF,
    0xFFFF, 0x0342, 0xFFFF, 0xFFFF, 0xFFFF, 0xFFFF, 0xFFFF, 0xFFFF,
};

static const FontRange b_ranges[] = {
    {0x0020, 0x007E, b_idx_0020_007E},
    {0x00A0, 0x017F, b_idx_00A0_017F},
    {0x0400, 0x045F, b_idx_0400_045F},
};

const FontFace terminus12x24_bold = {
    .ranges      = b_ranges,
    .pool        = b_pool,
    .palette     = pal,
    .num_ranges  = 3,
    .pool_bytes  = 847,
    .palette_len = 255,
    .smear_left  = 0,
};

#endif /* FONT_BOLD_ENABLED */

#endif /* FONT_RT_12X24 */
