/*
 * 8x16 Terminus glyph tables — compressed format v1 (spec in
 * terminus_font.h, encoder in tools/gen_terminus.py).
 *
 * Derived from the Terminus Font 4.49.1 (ter-u16n.bdf + ter-u16b.bdf).
 * Copyright (c) 2020 Dimitar Zhekov <dimitar.zhekov@gmail.com>,
 * with Reserved Font Name "Terminus Font".
 * Licensed under the SIL Open Font License, Version 1.1 — full text in
 * components/font/LICENSE. This file is NOT covered by the repository's
 * MIT license.
 *
 * GENERATED file, but COMMITTED: regenerate with
 *     python tools/gen_terminus.py 8x16
 * instead of editing by hand.
 *
 * Size stats:
 *   regular  1356 glyphs (+114 range-gap cps -> '?') in 86 ranges
 *            pool 11350 B / 1202 unique records = 9.4 B/record (8.4 B/glyph vs 16 B flat)
 *            idx 2940 B, range dir 688 B
 *   bold     415 cps in 3 ranges: 265 smear-synthesized, 150 stored (140 unique records)
 *            pool 1341 B, idx 830 B, range dir 24 B
 *   total    17173 B   (flat row tables: 30808 B -> -44.3%)
 */
#include "terminus_font.h"

#if FONT_RT_8X16

static const uint8_t r_pool[] = {
    0x29, 0x09, 0x66, 0x42, 0x00, 0x42, 0x42, 0x42, 0x00, 0x42, 0x42, 0x66, 0x00, 0x00, 0x00, 0x29,
    0x85, 0x10, 0x02, 0x00, 0x10, 0x10, 0x12, 0x81, 0x24, 0x29, 0x81, 0x24, 0x03, 0x7E, 0x24, 0x24,
    0x7E, 0x81, 0x24, 0x1C, 0x0C, 0x10, 0x10, 0x7C, 0x92, 0x90, 0x90, 0x7C, 0x12, 0x12, 0x92, 0x7C,
    0x10, 0x10, 0x29, 0x09, 0x64, 0x94, 0x68, 0x08, 0x10, 0x10, 0x20, 0x2C, 0x52, 0x4C, 0x29, 0x09,
    0x18, 0x24, 0x24, 0x18, 0x30, 0x4A, 0x44, 0x44, 0x44, 0x3A, 0x12, 0x81, 0x10, 0x29, 0x01, 0x08,
    0x10, 0x84, 0x20, 0x01, 0x10, 0x08, 0x29, 0x01, 0x20, 0x10, 0x84, 0x08, 0x01, 0x10, 0x20, 0x54,
    0x04, 0x24, 0x18, 0x7E, 0x18, 0x24, 0x54, 0x04, 0x10, 0x10, 0x7C, 0x10, 0x10, 0xA2, 0x02, 0x10,
    0x10, 0x20, 0x70, 0x00, 0x7E, 0xA1, 0x80, 0x10, 0x29, 0x80, 0x04, 0x80, 0x08, 0x80, 0x10, 0x80,
    0x20, 0x80, 0x40, 0x29, 0x09, 0x3C, 0x42, 0x42, 0x46, 0x4A, 0x52, 0x62, 0x42, 0x42, 0x3C, 0x29,
    0x02, 0x08, 0x18, 0x28, 0x84, 0x08, 0x00, 0x3E, 0x29, 0x09, 0x3C, 0x42, 0x42, 0x02, 0x04, 0x08,
    0x10, 0x20, 0x40, 0x7E, 0x29, 0x09, 0x3C, 0x42, 0x42, 0x02, 0x1C, 0x02, 0x02, 0x42, 0x42, 0x3C,
    0x29, 0x06, 0x02, 0x06, 0x0A, 0x12, 0x22, 0x42, 0x7E, 0x81, 0x02, 0x29, 0x09, 0x7E, 0x40, 0x40,
    0x40, 0x7C, 0x02, 0x02, 0x02, 0x42, 0x3C, 0x29, 0x04, 0x1C, 0x20, 0x40, 0x40, 0x7C, 0x82, 0x42,
    0x00, 0x3C, 0x29, 0x06, 0x7E, 0x02, 0x02, 0x04, 0x04, 0x08, 0x08, 0x81, 0x10, 0x29, 0x04, 0x3C,
    0x42, 0x42, 0x42, 0x3C, 0x82, 0x42, 0x00, 0x3C, 0x29, 0x00, 0x3C, 0x82, 0x42, 0x04, 0x3E, 0x02,
    0x02, 0x04, 0x38, 0x56, 0x80, 0x10, 0x81, 0x00, 0x80, 0x10, 0x57, 0x80, 0x10, 0x81, 0x00, 0x02,
    0x10, 0x10, 0x20, 0x38, 0x08, 0x04, 0x08, 0x10, 0x20, 0x40, 0x20, 0x10, 0x08, 0x04, 0x53, 0x03,
    0x7E, 0x00, 0x00, 0x7E, 0x38, 0x08, 0x40, 0x20, 0x10, 0x08, 0x04, 0x08, 0x10, 0x20, 0x40, 0x29,
    0x09, 0x3C, 0x42, 0x42, 0x42, 0x04, 0x08, 0x08, 0x00, 0x08, 0x08, 0x29, 0x09, 0x7C, 0x82, 0x9E,
    0xA2, 0xA2, 0xA2, 0xA6, 0x9A, 0x80, 0x7E, 0x29, 0x00, 0x3C, 0x82, 0x42, 0x00, 0x7E, 0x82, 0x42,
    0x29, 0x04, 0x7C, 0x42, 0x42, 0x42, 0x7C, 0x82, 0x42, 0x00, 0x7C, 0x29, 0x02, 0x3C, 0x42, 0x42,
    0x82, 0x40, 0x02, 0x42, 0x42, 0x3C, 0x29, 0x01, 0x78, 0x44, 0x84, 0x42, 0x01, 0x44, 0x78, 0x29,
    0x04, 0x7E, 0x40, 0x40, 0x40, 0x78, 0x82, 0x40, 0x00, 0x7E, 0x29, 0x04, 0x7E, 0x40, 0x40, 0x40,
    0x78, 0x83, 0x40, 0x29, 0x09, 0x3C, 0x42, 0x42, 0x40, 0x40, 0x4E, 0x42, 0x42, 0x42, 0x3C, 0x29,
    0x82, 0x42, 0x00, 0x7E, 0x83, 0x42, 0x29, 0x00, 0x38, 0x86, 0x10, 0x00, 0x38, 0x29, 0x00, 0x0E,
    0x84, 0x04, 0x02, 0x44, 0x44, 0x38, 0x29, 0x09, 0x42, 0x44, 0x48, 0x50, 0x60, 0x60, 0x50, 0x48,
    0x44, 0x42, 0x29, 0x87, 0x40, 0x00, 0x7E, 0x29, 0x04, 0x82, 0xC6, 0xAA, 0x92, 0x92, 0x83, 0x82,
    0x29, 0x81, 0x42, 0x03, 0x62, 0x52, 0x4A, 0x46, 0x81, 0x42, 0x29, 0x00, 0x3C, 0x86, 0x42, 0x00,
    0x3C, 0x29, 0x00, 0x7C, 0x82, 0x42, 0x00, 0x7C, 0x82, 0x40, 0x2A, 0x00, 0x3C, 0x85, 0x42, 0x02,
    0x4A, 0x3C, 0x02, 0x29, 0x00, 0x7C, 0x82, 0x42, 0x04, 0x7C, 0x50, 0x48, 0x44, 0x42, 0x29, 0x09,
    0x3C, 0x42, 0x40, 0x40, 0x3C, 0x02, 0x02, 0x42, 0x42, 0x3C, 0x29, 0x00, 0xFE, 0x87, 0x10, 0x29,
    0x87, 0x42, 0x00, 0x3C, 0x29, 0x83, 0x42, 0x81, 0x24, 0x80, 0x18, 0x29, 0x83, 0x82, 0x04, 0x92,
    0x92, 0xAA, 0xC6, 0x82, 0x29, 0x80, 0x42, 0x80, 0x24, 0x80, 0x18, 0x80, 0x24, 0x80, 0x42, 0x29,
    0x04, 0x82, 0x82, 0x44, 0x44, 0x28, 0x83, 0x10, 0x29, 0x09, 0x7E, 0x02, 0x02, 0x04, 0x08, 0x10,
    0x20, 0x40, 0x40, 0x7E, 0x29, 0x00, 0x38, 0x86, 0x20, 0x00, 0x38, 0x29, 0x80, 0x40, 0x80, 0x20,
    0x80, 0x10, 0x80, 0x08, 0x80, 0x04, 0x29, 0x00, 0x38, 0x86, 0x08, 0x00, 0x38, 0x12, 0x02, 0x10,
    0x28, 0x44, 0xD0, 0x00, 0x7E, 0x01, 0x01, 0x10, 0x08, 0x56, 0x06, 0x3C, 0x02, 0x3E, 0x42, 0x42,
    0x42, 0x3E, 0x29, 0x81, 0x40, 0x00, 0x7C, 0x83, 0x42, 0x00, 0x7C, 0x56, 0x06, 0x3C, 0x42, 0x40,
    0x40, 0x40, 0x42, 0x3C, 0x29, 0x81, 0x02, 0x00, 0x3E, 0x83, 0x42, 0x00, 0x3E, 0x56, 0x06, 0x3C,
    0x42, 0x42, 0x7E, 0x40, 0x40, 0x3C, 0x29, 0x03, 0x0E, 0x10, 0x10, 0x7C, 0x84, 0x10, 0x59, 0x00,
    0x3E, 0x83, 0x42, 0x03, 0x3E, 0x02, 0x02, 0x3C, 0x29, 0x81, 0x40, 0x00, 0x7C, 0x84, 0x42, 0x29,
    0x03, 0x10, 0x10, 0x00, 0x30, 0x83, 0x10, 0x00, 0x38, 0x2C, 0x03, 0x04, 0x04, 0x00, 0x0C, 0x84,
    0x04, 0x02, 0x44, 0x44, 0x38, 0x29, 0x81, 0x40, 0x06, 0x42, 0x44, 0x48, 0x70, 0x48, 0x44, 0x42,
    0x29, 0x00, 0x30, 0x86, 0x10, 0x00, 0x38, 0x56, 0x00, 0xFC, 0x84, 0x92, 0x56, 0x00, 0x7C, 0x84,
    0x42, 0x56, 0x00, 0x3C, 0x83, 0x42, 0x00, 0x3C, 0x59, 0x00, 0x7C, 0x83, 0x42, 0x00, 0x7C, 0x81,
    0x40, 0x59, 0x00, 0x3E, 0x83, 0x42, 0x00, 0x3E, 0x81, 0x02, 0x56, 0x01, 0x5E, 0x60, 0x83, 0x40,
    0x56, 0x06, 0x3E, 0x40, 0x40, 0x3C, 0x02, 0x02, 0x7C, 0x29, 0x81, 0x10, 0x00, 0x7C, 0x83, 0x10,
    0x00, 0x0E, 0x56, 0x84, 0x42, 0x00, 0x3E, 0x56, 0x81, 0x42, 0x80, 0x24, 0x80, 0x18, 0x56, 0x80,
    0x82, 0x82, 0x92, 0x00, 0x7C, 0x56, 0x06, 0x42, 0x42, 0x24, 0x18, 0x24, 0x42, 0x42, 0x59, 0x84,
    0x42, 0x03, 0x3E, 0x02, 0x02, 0x3C, 0x56, 0x06, 0x7E, 0x04, 0x08, 0x10, 0x20, 0x40, 0x7E, 0x29,
    0x04, 0x0C, 0x10, 0x10, 0x10, 0x20, 0x82, 0x10, 0x00, 0x0C, 0x29, 0x88, 0x10, 0x29, 0x04, 0x30,
    0x08, 0x08, 0x08, 0x04, 0x82, 0x08, 0x00, 0x30, 0x12, 0x02, 0x62, 0x92, 0x8C, 0x29, 0x02, 0x10,
    0x10, 0x00, 0x85, 0x10, 0x3A, 0x0A, 0x10, 0x10, 0x7C, 0x92, 0x90, 0x90, 0x90, 0x92, 0x7C, 0x10,
    0x10, 0x29, 0x09, 0x18, 0x24, 0x20, 0x20, 0x78, 0x20, 0x20, 0x20, 0x22, 0x7E, 0x46, 0x06, 0x44,
    0x38, 0x44, 0x44, 0x44, 0x38, 0x44, 0x29, 0x09, 0x82, 0x82, 0x44, 0x28, 0x10, 0x7C, 0x10, 0x7C,
    0x10, 0x10, 0x29, 0x82, 0x10, 0x80, 0x00, 0x82, 0x10, 0x1B, 0x0B, 0x38, 0x44, 0x40, 0x30, 0x48,
    0x44, 0x44, 0x24, 0x18, 0x04, 0x44, 0x38, 0x01, 0x80, 0x24, 0x38, 0x08, 0x7E, 0x81, 0x99, 0xA5,
    0xA1, 0xA5, 0x99, 0x81, 0x7E, 0x16, 0x06, 0x38, 0x04, 0x3C, 0x44, 0x3C, 0x00, 0x7C, 0x56, 0x06,
    0x12, 0x24, 0x48, 0x90, 0x48, 0x24, 0x12, 0x53, 0x00, 0x7E, 0x81, 0x02, 0x70, 0x00, 0x3C, 0x38,
    0x08, 0x7E, 0x81, 0xB9, 0xA5, 0xB9, 0xA9, 0xA5, 0x81, 0x7E, 0x00, 0x00, 0x3C, 0x13, 0x03, 0x18,
    0x24, 0x24, 0x18, 0x56, 0x06, 0x10, 0x10, 0x7C, 0x10, 0x10, 0x00, 0x7C, 0x15, 0x05, 0x18, 0x24,
    0x04, 0x08, 0x10, 0x3C, 0x15, 0x05, 0x38, 0x04, 0x18, 0x04, 0x04, 0x38, 0x01, 0x01, 0x08, 0x10,
    0x59, 0x83, 0x42, 0x01, 0x46, 0x7A, 0x81, 0x40, 0x29, 0x00, 0x7E, 0x82, 0x92, 0x00, 0x72, 0x82,
    0x12, 0x71, 0x80, 0x10, 0xC2, 0x02, 0x10, 0x10, 0x20, 0x15, 0x05, 0x10, 0x30, 0x10, 0x10, 0x10,
    0x38, 0x16, 0x06, 0x38, 0x44, 0x44, 0x44, 0x38, 0x00, 0x7C, 0x56, 0x06, 0x90, 0x48, 0x24, 0x12,
    0x24, 0x48, 0x90, 0x1C, 0x0C, 0x20, 0x60, 0x20, 0x22, 0x24, 0x08, 0x10, 0x22, 0x46, 0x8A, 0x1E,
    0x02, 0x02, 0x1C, 0x0C, 0x20, 0x60, 0x20, 0x22, 0x24, 0x08, 0x10, 0x20, 0x4C, 0x92, 0x04, 0x08,
    0x1E, 0x1C, 0x0C, 0xE0, 0x10, 0x60, 0x12, 0xE4, 0x08, 0x10, 0x22, 0x46, 0x8A, 0x1E, 0x02, 0x02,
    0x29, 0x09, 0x10, 0x10, 0x00, 0x10, 0x10, 0x20, 0x42, 0x42, 0x42, 0x3C, 0x0B, 0x07, 0x10, 0x08,
    0x00, 0x3C, 0x42, 0x42, 0x42, 0x7E, 0x82, 0x42, 0x0B, 0x07, 0x08, 0x10, 0x00, 0x3C, 0x42, 0x42,
    0x42, 0x7E, 0x82, 0x42, 0x0B, 0x07, 0x18, 0x24, 0x00, 0x3C, 0x42, 0x42, 0x42, 0x7E, 0x82, 0x42,
    0x0B, 0x07, 0x32, 0x4C, 0x00, 0x3C, 0x42, 0x42, 0x42, 0x7E, 0x82, 0x42, 0x0B, 0x07, 0x24, 0x24,
    0x00, 0x3C, 0x42, 0x42, 0x42, 0x7E, 0x82, 0x42, 0x0B, 0x07, 0x18, 0x24, 0x18, 0x3C, 0x42, 0x42,
    0x42, 0x7E, 0x82, 0x42, 0x29, 0x04, 0x7E, 0x90, 0x90, 0x90, 0xFC, 0x82, 0x90, 0x00, 0x9E, 0x2C,
    0x02, 0x3C, 0x42, 0x42, 0x82, 0x40, 0x05, 0x42, 0x42, 0x3C, 0x10, 0x10, 0x20, 0x0B, 0x0B, 0x10,
    0x08, 0x00, 0x7E, 0x40, 0x40, 0x40, 0x78, 0x40, 0x40, 0x40, 0x7E, 0x0B, 0x0B, 0x08, 0x10, 0x00,
    0x7E, 0x40, 0x40, 0x40, 0x78, 0x40, 0x40, 0x40, 0x7E, 0x0B, 0x0B, 0x18, 0x24, 0x00, 0x7E, 0x40,
    0x40, 0x40, 0x78, 0x40, 0x40, 0x40, 0x7E, 0x0B, 0x0B, 0x24, 0x24, 0x00, 0x7E, 0x40, 0x40, 0x40,
    0x78, 0x40, 0x40, 0x40, 0x7E, 0x0B, 0x03, 0x20, 0x10, 0x00, 0x38, 0x85, 0x10, 0x00, 0x38, 0x0B,
    0x03, 0x08, 0x10, 0x00, 0x38, 0x85, 0x10, 0x00, 0x38, 0x0B, 0x03, 0x18, 0x24, 0x00, 0x38, 0x85,
    0x10, 0x00, 0x38, 0x0B, 0x03, 0x44, 0x44, 0x00, 0x38, 0x85, 0x10, 0x00, 0x38, 0x29, 0x09, 0x78,
    0x44, 0x42, 0x42, 0xF2, 0x42, 0x42, 0x42, 0x44, 0x78, 0x0B, 0x08, 0x32, 0x4C, 0x00, 0x42, 0x42,
    0x62, 0x52, 0x4A, 0x46, 0x81, 0x42, 0x0B, 0x03, 0x10, 0x08, 0x00, 0x3C, 0x85, 0x42, 0x00, 0x3C,
    0x0B, 0x03, 0x08, 0x10, 0x00, 0x3C, 0x85, 0x42, 0x00, 0x3C, 0x0B, 0x03, 0x18, 0x24, 0x00, 0x3C,
    0x85, 0x42, 0x00, 0x3C, 0x0B, 0x03, 0x32, 0x4C, 0x00, 0x3C, 0x85, 0x42, 0x00, 0x3C, 0x0B, 0x03,
    0x24, 0x24, 0x00, 0x3C, 0x85, 0x42, 0x00, 0x3C, 0x55, 0x05, 0x42, 0x24, 0x18, 0x18, 0x24, 0x42,
    0x29, 0x09, 0x3C, 0x43, 0x42, 0x46, 0x4A, 0x52, 0x62, 0x42, 0xC2, 0x3C, 0x0B, 0x01, 0x10, 0x08,
    0x87, 0x42, 0x00, 0x3C, 0x0B, 0x01, 0x08, 0x10, 0x87, 0x42, 0x00, 0x3C, 0x0B, 0x02, 0x18, 0x24,
    0x00, 0x86, 0x42, 0x00, 0x3C, 0x0B, 0x02, 0x24, 0x24, 0x00, 0x86, 0x42, 0x00, 0x3C, 0x0B, 0x06,
    0x08, 0x10, 0x82, 0x82, 0x44, 0x44, 0x28, 0x83, 0x10, 0x29, 0x02, 0x40, 0x40, 0x7C, 0x82, 0x42,
    0x02, 0x7C, 0x40, 0x40, 0x29, 0x09, 0x38, 0x44, 0x44, 0x48, 0x7C, 0x42, 0x42, 0x42, 0x62, 0x5C,
    0x29, 0x09, 0x10, 0x08, 0x00, 0x3C, 0x02, 0x3E, 0x42, 0x42, 0x42, 0x3E, 0x29, 0x09, 0x08, 0x10,
    0x00, 0x3C, 0x02, 0x3E, 0x42, 0x42, 0x42, 0x3E, 0x29, 0x09, 0x18, 0x24, 0x00, 0x3C, 0x02, 0x3E,
    0x42, 0x42, 0x42, 0x3E, 0x29, 0x09, 0x32, 0x4C, 0x00, 0x3C, 0x02, 0x3E, 0x42, 0x42, 0x42, 0x3E,
    0x29, 0x09, 0x24, 0x24, 0x00, 0x3C, 0x02, 0x3E, 0x42, 0x42, 0x42, 0x3E, 0x29, 0x09, 0x18, 0x24,
    0x18, 0x3C, 0x02, 0x3E, 0x42, 0x42, 0x42, 0x3E, 0x56, 0x06, 0x6C, 0x12, 0x72, 0x9E, 0x90, 0x90,
    0x6C, 0x59, 0x09, 0x3C, 0x42, 0x40, 0x40, 0x40, 0x42, 0x3C, 0x10, 0x10, 0x20, 0x29, 0x09, 0x10,
    0x08, 0x00, 0x3C, 0x42, 0x42, 0x7E, 0x40, 0x40, 0x3C, 0x29, 0x09, 0x08, 0x10, 0x00, 0x3C, 0x42,
    0x42, 0x7E, 0x40, 0x40, 0x3C, 0x29, 0x09, 0x18, 0x24, 0x00, 0x3C, 0x42, 0x42, 0x7E, 0x40, 0x40,
    0x3C, 0x29, 0x09, 0x24, 0x24, 0x00, 0x3C, 0x42, 0x42, 0x7E, 0x40, 0x40, 0x3C, 0x29, 0x03, 0x20,
    0x10, 0x00, 0x30, 0x83, 0x10, 0x00, 0x38, 0x29, 0x03, 0x08, 0x10, 0x00, 0x30, 0x83, 0x10, 0x00,
    0x38, 0x29, 0x03, 0x30, 0x48, 0x00, 0x30, 0x83, 0x10, 0x00, 0x38, 0x29, 0x03, 0x48, 0x48, 0x00,
    0x30, 0x83, 0x10, 0x00, 0x38, 0x29, 0x03, 0x28, 0x10, 0x28, 0x3C, 0x83, 0x42, 0x00, 0x3C, 0x29,
    0x03, 0x32, 0x4C, 0x00, 0x7C, 0x84, 0x42, 0x29, 0x03, 0x10, 0x08, 0x00, 0x3C, 0x83, 0x42, 0x00,
    0x3C, 0x29, 0x03, 0x08, 0x10, 0x00, 0x3C, 0x83, 0x42, 0x00, 0x3C, 0x29, 0x03, 0x18, 0x24, 0x00,
    0x3C, 0x83, 0x42, 0x00, 0x3C, 0x29, 0x03, 0x32, 0x4C, 0x00, 0x3C, 0x83, 0x42, 0x00, 0x3C, 0x29,
    0x03, 0x24, 0x24, 0x00, 0x3C, 0x83, 0x42, 0x00, 0x3C, 0x46, 0x06, 0x10, 0x10, 0x00, 0x7C, 0x00,
    0x10, 0x10, 0x47, 0x07, 0x02, 0x3C, 0x46, 0x4A, 0x52, 0x62, 0x42, 0xBC, 0x29, 0x02, 0x10, 0x08,
    0x00, 0x84, 0x42, 0x00, 0x3E, 0x29, 0x02, 0x08, 0x10, 0x00, 0x84, 0x42, 0x00, 0x3E, 0x29, 0x02,
    0x18, 0x24, 0x00, 0x84, 0x42, 0x00, 0x3E, 0x29, 0x02, 0x24, 0x24, 0x00, 0x84, 0x42, 0x00, 0x3E,
    0x2C, 0x02, 0x08, 0x10, 0x00, 0x84, 0x42, 0x03, 0x3E, 0x02, 0x02, 0x3C, 0x2C, 0x81, 0x40, 0x00,
    0x7C, 0x83, 0x42, 0x00, 0x7C, 0x81, 0x40, 0x2C, 0x02, 0x24, 0x24, 0x00, 0x84, 0x42, 0x03, 0x3E,
    0x02, 0x02, 0x3C, 0x0B, 0x02, 0x3C, 0x00, 0x3C, 0x82, 0x42, 0x00, 0x7E, 0x82, 0x42, 0x38, 0x08,
    0x3C, 0x00, 0x3C, 0x02, 0x3E, 0x42, 0x42, 0x42, 0x3E, 0x0B, 0x07, 0x24, 0x18, 0x00, 0x3C, 0x42,
    0x42, 0x42, 0x7E, 0x82, 0x42, 0x29, 0x09, 0x24, 0x18, 0x00, 0x3C, 0x02, 0x3E, 0x42, 0x42, 0x42,
    0x3E, 0x2C, 0x00, 0x3C, 0x82, 0x42, 0x00, 0x7E, 0x82, 0x42, 0x02, 0x02, 0x04, 0x03, 0x59, 0x09,
    0x3C, 0x02, 0x3E, 0x42, 0x42, 0x42, 0x3E, 0x02, 0x04, 0x03, 0x0B, 0x0B, 0x08, 0x10, 0x00, 0x3C,
    0x42, 0x42, 0x40, 0x40, 0x40, 0x42, 0x42, 0x3C, 0x29, 0x09, 0x08, 0x10, 0x00, 0x3C, 0x42, 0x40,
    0x40, 0x40, 0x42, 0x3C, 0x0B, 0x0B, 0x18, 0x24, 0x00, 0x3C, 0x42, 0x42, 0x40, 0x40, 0x40, 0x42,
    0x42, 0x3C, 0x29, 0x09, 0x18, 0x24, 0x00, 0x3C, 0x42, 0x40, 0x40, 0x40, 0x42, 0x3C, 0x0B, 0x0B,
    0x10, 0x10, 0x00, 0x3C, 0x42, 0x42, 0x40, 0x40, 0x40, 0x42, 0x42, 0x3C, 0x29, 0x09, 0x10, 0x10,
    0x00, 0x3C, 0x42, 0x40, 0x40, 0x40, 0x42, 0x3C, 0x0B, 0x0B, 0x24, 0x18, 0x00, 0x3C, 0x42, 0x42,
    0x40, 0x40, 0x40, 0x42, 0x42, 0x3C, 0x29, 0x09, 0x24, 0x18, 0x00, 0x3C, 0x42, 0x40, 0x40, 0x40,
    0x42, 0x3C, 0x0B, 0x04, 0x24, 0x18, 0x00, 0x78, 0x44, 0x83, 0x42, 0x01, 0x44, 0x78, 0x0B, 0x05,
    0x24, 0x18, 0x02, 0x02, 0x02, 0x3E, 0x83, 0x42, 0x00, 0x3E, 0x29, 0x03, 0x02, 0x0F, 0x02, 0x3E,
    0x83, 0x42, 0x00, 0x3E, 0x0B, 0x06, 0x3C, 0x00, 0x7E, 0x40, 0x40, 0x40, 0x78, 0x82, 0x40, 0x00,
    0x7E, 0x38, 0x08, 0x3C, 0x00, 0x3C, 0x42, 0x42, 0x7E, 0x40, 0x40, 0x3C, 0x0B, 0x0B, 0x24, 0x18,
    0x00, 0x7E, 0x40, 0x40, 0x40, 0x78, 0x40, 0x40, 0x40, 0x7E, 0x29, 0x09, 0x24, 0x18, 0x00, 0x3C,
    0x42, 0x42, 0x7E, 0x40, 0x40, 0x3C, 0x0B, 0x0B, 0x10, 0x10, 0x00, 0x7E, 0x40, 0x40, 0x40, 0x78,
    0x40, 0x40, 0x40, 0x7E, 0x29, 0x09, 0x10, 0x10, 0x00, 0x3C, 0x42, 0x42, 0x7E, 0x40, 0x40, 0x3C,
    0x2C, 0x04, 0x7E, 0x40, 0x40, 0x40, 0x78, 0x82, 0x40, 0x03, 0x7E, 0x02, 0x04, 0x03, 0x59, 0x09,
    0x3C, 0x42, 0x42, 0x7E, 0x40, 0x40, 0x3C, 0x08, 0x10, 0x0C, 0x0B, 0x0B, 0x18, 0x24, 0x00, 0x3C,
    0x42, 0x40, 0x40, 0x4E, 0x42, 0x42, 0x42, 0x3C, 0x2C, 0x03, 0x18, 0x24, 0x00, 0x3E, 0x83, 0x42,
    0x03, 0x3E, 0x02, 0x02, 0x3C, 0x0B, 0x0B, 0x24, 0x18, 0x00, 0x3C, 0x42, 0x40, 0x40, 0x4E, 0x42,
    0x42, 0x42, 0x3C, 0x2C, 0x03, 0x24, 0x18, 0x00, 0x3E, 0x83, 0x42, 0x03, 0x3E, 0x02, 0x02, 0x3C,
    0x0B, 0x0B, 0x10, 0x10, 0x00, 0x3C, 0x42, 0x40, 0x40, 0x4E, 0x42, 0x42, 0x42, 0x3C, 0x2C, 0x03,
    0x08, 0x08, 0x00, 0x3E, 0x83, 0x42, 0x03, 0x3E, 0x02, 0x02, 0x3C, 0x2D, 0x0D, 0x3C, 0x42, 0x42,
    0x40, 0x40, 0x4E, 0x42, 0x42, 0x42, 0x3C, 0x00, 0x10, 0x10, 0x20, 0x1D, 0x04, 0x04, 0x08, 0x08,
    0x00, 0x3E, 0x83, 0x42, 0x03, 0x3E, 0x02, 0x02, 0x3C, 0x0B, 0x02, 0x18, 0x24, 0x00, 0x82, 0x42,
    0x00, 0x7E, 0x82, 0x42, 0x0B, 0x05, 0x0C, 0x12, 0x40, 0x40, 0x40, 0x7C, 0x84, 0x42, 0x29, 0x04,
    0x42, 0xFF, 0x42, 0x42, 0x7E, 0x83, 0x42, 0x29, 0x03, 0x40, 0xF0, 0x40, 0x7C, 0x84, 0x42, 0x0B,
    0x03, 0x32, 0x4C, 0x00, 0x38, 0x85, 0x10, 0x00, 0x38, 0x29, 0x03, 0x34, 0x58, 0x00, 0x30, 0x83,
    0x10, 0x00, 0x38, 0x0B, 0x02, 0x7C, 0x00, 0x38, 0x86, 0x10, 0x00, 0x38, 0x38, 0x02, 0x78, 0x00,
    0x30, 0x83, 0x10, 0x00, 0x38, 0x0B, 0x03, 0x24, 0x18, 0x00, 0x38, 0x85, 0x10, 0x00, 0x38, 0x29,
    0x03, 0x48, 0x30, 0x00, 0x30, 0x83, 0x10, 0x00, 0x38, 0x2C, 0x00, 0x38, 0x86, 0x10, 0x03, 0x38,
    0x10, 0x20, 0x18, 0x2C, 0x03, 0x10, 0x10, 0x00, 0x30, 0x83, 0x10, 0x03, 0x38, 0x10, 0x20, 0x18,
    0x0B, 0x03, 0x10, 0x10, 0x00, 0x38, 0x85, 0x10, 0x00, 0x38, 0x56, 0x00, 0x30, 0x83, 0x10, 0x00,
    0x38, 0x29, 0x00, 0xE7, 0x84, 0x42, 0x02, 0x52, 0x52, 0xEC, 0x2C, 0x03, 0x42, 0x42, 0x00, 0xC6,
    0x83, 0x42, 0x03, 0xE2, 0x12, 0x12, 0x0C, 0x0B, 0x03, 0x0C, 0x12, 0x00, 0x0E, 0x83, 0x04, 0x02,
    0x44, 0x44, 0x38, 0x2C, 0x03, 0x0C, 0x12, 0x00, 0x0C, 0x84, 0x04, 0x02, 0x44, 0x44, 0x38, 0x2D,
    0x0D, 0x42, 0x44, 0x48, 0x50, 0x60, 0x60, 0x50, 0x48, 0x44, 0x42, 0x00, 0x10, 0x10, 0x20, 0x2D,
    0x81, 0x40, 0x0A, 0x42, 0x44, 0x48, 0x70, 0x48, 0x44, 0x42, 0x00, 0x10, 0x10, 0x20, 0x56, 0x06,
    0x42, 0x44, 0x48, 0x70, 0x48, 0x44, 0x42, 0x0B, 0x02, 0x20, 0x40, 0x00, 0x86, 0x40, 0x00, 0x7E,
    0x0B, 0x03, 0x08, 0x10, 0x00, 0x30, 0x85, 0x10, 0x00, 0x38, 0x2D, 0x87, 0x40, 0x04, 0x7E, 0x00,
    0x10, 0x10, 0x20, 0x2D, 0x00, 0x30, 0x86, 0x10, 0x04, 0x38, 0x00, 0x10, 0x10, 0x20, 0x0B, 0x01,
    0x24, 0x18, 0x87, 0x40, 0x00, 0x7E, 0x0B, 0x03, 0x48, 0x30, 0x00, 0x30, 0x85, 0x10, 0x00, 0x38,
    0x29, 0x82, 0x40, 0x80, 0x44, 0x81, 0x40, 0x00, 0x7E, 0x29, 0x00, 0x30, 0x81, 0x10, 0x80, 0x11,
    0x81, 0x10, 0x00, 0x38, 0x29, 0x82, 0x40, 0x05, 0x60, 0xC0, 0x40, 0x40, 0x40, 0x7E, 0x29, 0x09,
    0x30, 0x10, 0x10, 0x10, 0x18, 0x30, 0x10, 0x10, 0x10, 0x38, 0x0B, 0x08, 0x08, 0x10, 0x42, 0x42,
    0x42, 0x62, 0x52, 0x4A, 0x46, 0x81, 0x42, 0x29, 0x03, 0x08, 0x10, 0x00, 0x7C, 0x84, 0x42, 0x2D,
    0x81, 0x42, 0x0A, 0x62, 0x52, 0x4A, 0x46, 0x42, 0x42, 0x42, 0x00, 0x10, 0x10, 0x20, 0x5A, 0x00,
    0x7C, 0x84, 0x42, 0x03, 0x00, 0x10, 0x10, 0x20, 0x0B, 0x08, 0x24, 0x18, 0x42, 0x42, 0x42, 0x62,
    0x52, 0x4A, 0x46, 0x81, 0x42, 0x29, 0x03, 0x24, 0x18, 0x00, 0x7C, 0x84, 0x42, 0x1A, 0x04, 0x40,
    0x40, 0x80, 0x00, 0x7C, 0x84, 0x42, 0x2C, 0x81, 0x42, 0x09, 0x62, 0x52, 0x4A, 0x46, 0x42, 0x42,
    0x42, 0x02, 0x02, 0x0C, 0x59, 0x00, 0x7C, 0x84, 0x42, 0x02, 0x02, 0x02, 0x0C, 0x0B, 0x02, 0x3C,
    0x00, 0x3C, 0x86, 0x42, 0x00, 0x3C, 0x38, 0x02, 0x3C, 0x00, 0x3C, 0x83, 0x42, 0x00, 0x3C, 0x0B,
    0x03, 0x24, 0x18, 0x00, 0x3C, 0x85, 0x42, 0x00, 0x3C, 0x29, 0x03, 0x24, 0x18, 0x00, 0x3C, 0x83,
    0x42, 0x00, 0x3C, 0x0B, 0x03, 0x12, 0x24, 0x00, 0x3C, 0x85, 0x42, 0x00, 0x3C, 0x29, 0x03, 0x12,
    0x24, 0x00, 0x3C, 0x83, 0x42, 0x00, 0x3C, 0x29, 0x04, 0x7E, 0x90, 0x90, 0x90, 0x9C, 0x82, 0x90,
    0x00, 0x7E, 0x56, 0x06, 0x7C, 0x92, 0x92, 0x9E, 0x90, 0x90, 0x7C, 0x0B, 0x0B, 0x08, 0x10, 0x00,
    0x7C, 0x42, 0x42, 0x42, 0x7C, 0x50, 0x48, 0x44, 0x42, 0x29, 0x04, 0x08, 0x10, 0x00, 0x5E, 0x60,
    0x83, 0x40, 0x2D, 0x00, 0x7C, 0x82, 0x42, 0x08, 0x7C, 0x50, 0x48, 0x44, 0x42, 0x00, 0x10, 0x10,
    0x20, 0x5A, 0x01, 0x5E, 0x60, 0x83, 0x40, 0x03, 0x00, 0x40, 0x40, 0x80, 0x0B, 0x0B, 0x24, 0x18,
    0x00, 0x7C, 0x42, 0x42, 0x42, 0x7C, 0x50, 0x48, 0x44, 0x42, 0x29, 0x04, 0x24, 0x18, 0x00, 0x5E,
    0x60, 0x83, 0x40, 0x0B, 0x0B, 0x08, 0x10, 0x00, 0x3C, 0x42, 0x40, 0x40, 0x3C, 0x02, 0x02, 0x42,
    0x3C, 0x29, 0x09, 0x04, 0x08, 0x00, 0x3E, 0x40, 0x40, 0x3C, 0x02, 0x02, 0x7C, 0x0B, 0x0B, 0x18,
    0x24, 0x00, 0x3C, 0x42, 0x40, 0x40, 0x3C, 0x02, 0x02, 0x42, 0x3C, 0x29, 0x09, 0x18, 0x24, 0x00,
    0x3E, 0x40, 0x40, 0x3C, 0x02, 0x02, 0x7C, 0x2C, 0x0C, 0x3C, 0x42, 0x40, 0x40, 0x3C, 0x02, 0x02,
    0x42, 0x42, 0x3C, 0x10, 0x10, 0x20, 0x59, 0x09, 0x3E, 0x40, 0x40, 0x3C, 0x02, 0x02, 0x7C, 0x10,
    0x10, 0x20, 0x0B, 0x0B, 0x24, 0x18, 0x00, 0x3C, 0x42, 0x40, 0x40, 0x3C, 0x02, 0x02, 0x42, 0x3C,
    0x29, 0x09, 0x24, 0x18, 0x00, 0x3E, 0x40, 0x40, 0x3C, 0x02, 0x02, 0x7C, 0x2C, 0x00, 0xFE, 0x87,
    0x10, 0x02, 0x08, 0x08, 0x10, 0x2C, 0x81, 0x10, 0x00, 0x7C, 0x83, 0x10, 0x03, 0x0E, 0x04, 0x04,
    0x08, 0x0B, 0x03, 0x24, 0x18, 0x00, 0xFE, 0x86, 0x10, 0x0B, 0x05, 0x24, 0x18, 0x00, 0x10, 0x10,
    0x7C, 0x83, 0x10, 0x00, 0x0E, 0x29, 0x04, 0xFE, 0x10, 0x10, 0x10, 0x7C, 0x83, 0x10, 0x29, 0x81,
    0x10, 0x06, 0x7C, 0x10, 0x38, 0x10, 0x10, 0x10, 0x0E, 0x0B, 0x02, 0x32, 0x4C, 0x00, 0x86, 0x42,
    0x00, 0x3C, 0x29, 0x02, 0x32, 0x4C, 0x00, 0x84, 0x42, 0x00, 0x3E, 0x0B, 0x01, 0x3C, 0x00, 0x87,
    0x42, 0x00, 0x3C, 0x38, 0x01, 0x3C, 0x00, 0x84, 0x42, 0x00, 0x3E, 0x0B, 0x01, 0x24, 0x18, 0x87,
    0x42, 0x00, 0x3C, 0x29, 0x02, 0x24, 0x18, 0x00, 0x84, 0x42, 0x00, 0x3E, 0x0B, 0x02, 0x18, 0x24,
    0x18, 0x86, 0x42, 0x00, 0x3C, 0x29, 0x02, 0x18, 0x24, 0x18, 0x84, 0x42, 0x00, 0x3E, 0x0B, 0x02,
    0x12, 0x24, 0x00, 0x86, 0x42, 0x00, 0x3C, 0x29, 0x02, 0x12, 0x24, 0x00, 0x84, 0x42, 0x00, 0x3E,
    0x2C, 0x87, 0x42, 0x03, 0x3C, 0x08, 0x10, 0x0C, 0x59, 0x84, 0x42, 0x03, 0x3E, 0x02, 0x04, 0x03,
    0x0B, 0x02, 0x18, 0x24, 0x00, 0x82, 0x82, 0x04, 0x92, 0x92, 0xAA, 0xC6, 0x82, 0x29, 0x04, 0x18,
    0x24, 0x00, 0x82, 0x82, 0x82, 0x92, 0x00, 0x7C, 0x0B, 0x07, 0x18, 0x24, 0x00, 0x82, 0x82, 0x44,
    0x44, 0x28, 0x82, 0x10, 0x2C, 0x02, 0x18, 0x24, 0x00, 0x84, 0x42, 0x03, 0x3E, 0x02, 0x02, 0x3C,
    0x0B, 0x07, 0x44, 0x44, 0x00, 0x82, 0x82, 0x44, 0x44, 0x28, 0x82, 0x10, 0x0B, 0x0B, 0x08, 0x10,
    0x00, 0x7E, 0x02, 0x04, 0x08, 0x10, 0x20, 0x40, 0x40, 0x7E, 0x29, 0x09, 0x08, 0x10, 0x00, 0x7E,
    0x04, 0x08, 0x10, 0x20, 0x40, 0x7E, 0x0B, 0x0B, 0x10, 0x10, 0x00, 0x7E, 0x02, 0x04, 0x08, 0x10,
    0x20, 0x40, 0x40, 0x7E, 0x29, 0x09, 0x10, 0x10, 0x00, 0x7E, 0x04, 0x08, 0x10, 0x20, 0x40, 0x7E,
    0x0B, 0x0B, 0x24, 0x18, 0x00, 0x7E, 0x02, 0x04, 0x08, 0x10, 0x20, 0x40, 0x40, 0x7E, 0x29, 0x09,
    0x24, 0x18, 0x00, 0x7E, 0x04, 0x08, 0x10, 0x20, 0x40, 0x7E, 0x29, 0x00, 0x0E, 0x87, 0x10, 0x29,
    0x02, 0x3C, 0x42, 0x42, 0x82, 0x02, 0x02, 0x42, 0x42, 0x3C, 0x29, 0x04, 0x7E, 0x02, 0x02, 0x02,
    0x1E, 0x82, 0x02, 0x00, 0x7E, 0x29, 0x04, 0x3C, 0x42, 0x02, 0x02, 0x7E, 0x82, 0x42, 0x00, 0x3C,
    0x29, 0x09, 0x3C, 0x42, 0x42, 0x40, 0x38, 0x40, 0x40, 0x42, 0x42, 0x3C, 0x2C, 0x04, 0x0C, 0x12,
    0x10, 0x10, 0x7C, 0x84, 0x10, 0x01, 0x90, 0x60, 0x2C, 0x81, 0x42, 0x09, 0x62, 0x52, 0x4A, 0x46,
    0x42, 0x42, 0x42, 0x40, 0x40, 0x80, 0x59, 0x00, 0x7C, 0x84, 0x42, 0x81, 0x02, 0x29, 0x09, 0x7E,
    0x02, 0x04, 0x08, 0x7E, 0x10, 0x20, 0x40, 0x40, 0x7E, 0x56, 0x06, 0x7E, 0x04, 0x08, 0x7C, 0x10,
    0x20, 0x7E, 0x29, 0x09, 0x7E, 0x02, 0x04, 0x08, 0x1C, 0x02, 0x02, 0x42, 0x42, 0x3C, 0x0B, 0x06,
    0x7C, 0x00, 0x7E, 0x90, 0x90, 0x90, 0xFC, 0x82, 0x90, 0x00, 0x9E, 0x38, 0x08, 0x7C, 0x00, 0x6C,
    0x12, 0x72, 0x9E, 0x90, 0x90, 0x6C, 0x29, 0x09, 0x3C, 0x42, 0x42, 0x40, 0x40, 0x4E, 0x42, 0x4F,
    0x42, 0x3C, 0x59, 0x09, 0x3E, 0x42, 0x42, 0x4F, 0x42, 0x42, 0x3E, 0x02, 0x02, 0x3C, 0x0B, 0x0B,
    0x24, 0x18, 0x42, 0x44, 0x48, 0x50, 0x60, 0x60, 0x50, 0x48, 0x44, 0x42, 0x0B, 0x0B, 0x24, 0x18,
    0x40, 0x40, 0x40, 0x42, 0x44, 0x48, 0x70, 0x48, 0x44, 0x42, 0x2C, 0x00, 0x3C, 0x86, 0x42, 0x03,
    0x3C, 0x08, 0x10, 0x0C, 0x59, 0x00, 0x3C, 0x83, 0x42, 0x03, 0x3C, 0x08, 0x10, 0x0C, 0x0E, 0x02,
    0x3C, 0x00, 0x3C, 0x86, 0x42, 0x03, 0x3C, 0x08, 0x10, 0x0C, 0x3B, 0x02, 0x3C, 0x00, 0x3C, 0x83,
    0x42, 0x03, 0x3C, 0x08, 0x10, 0x0C, 0x0B, 0x0B, 0x24, 0x18, 0x00, 0x7E, 0x04, 0x08, 0x1C, 0x02,
    0x02, 0x42, 0x42, 0x3C, 0x2C, 0x0C, 0x24, 0x18, 0x00, 0x7E, 0x02, 0x04, 0x08, 0x1C, 0x02, 0x02,
    0x42, 0x42, 0x3C, 0x2C, 0x03, 0x12, 0x0C, 0x00, 0x0C, 0x84, 0x04, 0x02, 0x44, 0x44, 0x38, 0x0B,
    0x0B, 0x08, 0x10, 0x00, 0x3C, 0x42, 0x40, 0x40, 0x4E, 0x42, 0x42, 0x42, 0x3C, 0x2C, 0x03, 0x04,
    0x08, 0x00, 0x3E, 0x83, 0x42, 0x03, 0x3E, 0x02, 0x02, 0x3C, 0x0B, 0x0B, 0x08, 0x10, 0x00, 0x7E,
    0x90, 0x90, 0x90, 0xFC, 0x90, 0x90, 0x90, 0x9E, 0x29, 0x09, 0x08, 0x10, 0x00, 0x6C, 0x12, 0x72,
    0x9E, 0x90, 0x90, 0x6C, 0x0B, 0x0B, 0x08, 0x10, 0x00, 0x3D, 0x42, 0x46, 0x4A, 0x52, 0x62, 0x42,
    0xC2, 0x3C, 0x29, 0x09, 0x08, 0x10, 0x02, 0x3C, 0x46, 0x4A, 0x52, 0x62, 0x42, 0xBC, 0x2D, 0x0D,
    0x3C, 0x42, 0x40, 0x40, 0x3C, 0x02, 0x02, 0x42, 0x42, 0x3C, 0x00, 0x10, 0x10, 0x20, 0x5A, 0x0A,
    0x3E, 0x40, 0x40, 0x3C, 0x02, 0x02, 0x7C, 0x00, 0x10, 0x10, 0x20, 0x2D, 0x00, 0xFE, 0x87, 0x10,
    0x03, 0x00, 0x10, 0x10, 0x20, 0x2D, 0x81, 0x10, 0x00, 0x7C, 0x83, 0x10, 0x04, 0x0E, 0x00, 0x04,
    0x04, 0x08, 0x0B, 0x06, 0x7C, 0x00, 0x82, 0x82, 0x44, 0x44, 0x28, 0x83, 0x10, 0x3B, 0x01, 0x3C,
    0x00, 0x84, 0x42, 0x03, 0x3E, 0x02, 0x02, 0x3C, 0x59, 0x00, 0x0C, 0x84, 0x04, 0x02, 0x44, 0x44,
    0x38, 0x56, 0x06, 0x3C, 0x42, 0x02, 0x02, 0x02, 0x42, 0x3C, 0x56, 0x06, 0x3C, 0x42, 0x42, 0x7E,
    0x02, 0x02, 0x3C, 0x56, 0x06, 0x3C, 0x02, 0x02, 0x7E, 0x42, 0x42, 0x3C, 0x56, 0x06, 0x3C, 0x42,
    0x40, 0x38, 0x40, 0x42, 0x3C, 0x59, 0x00, 0x7C, 0x84, 0x42, 0x02, 0x40, 0x40, 0x80, 0x59, 0x09,
    0x7E, 0x02, 0x04, 0x08, 0x1C, 0x02, 0x02, 0x42, 0x42, 0x3C, 0x02, 0x02, 0x08, 0x10, 0x10, 0x02,
    0x02, 0x08, 0x08, 0x10, 0x02, 0x02, 0x10, 0x10, 0x08, 0x01, 0x01, 0x18, 0x24, 0x01, 0x01, 0x24,
    0x18, 0x01, 0x80, 0x10, 0xC2, 0x02, 0x08, 0x10, 0x0C, 0x01, 0x01, 0x32, 0x4C, 0x01, 0x01, 0x12,
    0x24, 0x00, 0x00, 0x7E, 0x02, 0x02, 0x18, 0x24, 0x18, 0xD1, 0x80, 0x10, 0x01, 0x01, 0x40, 0x80,
    0x03, 0x03, 0x08, 0x10, 0x00, 0x24, 0x0B, 0x02, 0x40, 0x80, 0x3C, 0x82, 0x42, 0x00, 0x7E, 0x82,
    0x42, 0x51, 0x80, 0x10, 0x0B, 0x06, 0x40, 0x80, 0x7E, 0x40, 0x40, 0x40, 0x78, 0x82, 0x40, 0x00,
    0x7E, 0x0B, 0x01, 0x40, 0x80, 0x82, 0x42, 0x00, 0x7E, 0x83, 0x42, 0x0B, 0x02, 0x40, 0x80, 0x38,
    0x86, 0x10, 0x00, 0x38, 0x0B, 0x02, 0x40, 0x80, 0x3C, 0x86, 0x42, 0x00, 0x3C, 0x0B, 0x07, 0x40,
    0x80, 0x00, 0x82, 0x82, 0x44, 0x44, 0x28, 0x82, 0x10, 0x0B, 0x02, 0x40, 0x80, 0x3C, 0x84, 0x42,
    0x02, 0x24, 0x24, 0x66, 0x0B, 0x05, 0x08, 0x10, 0x48, 0x48, 0x00, 0x30, 0x83, 0x10, 0x00, 0x0C,
    0x29, 0x00, 0x7E, 0x87, 0x40, 0x29, 0x80, 0x10, 0x80, 0x28, 0x81, 0x44, 0x02, 0x82, 0x82, 0xFE,
    0x29, 0x04, 0x3C, 0x42, 0x42, 0x42, 0x5A, 0x82, 0x42, 0x00, 0x3C, 0x29, 0x80, 0x10, 0x80, 0x28,
    0x81, 0x44, 0x81, 0x82, 0x29, 0x04, 0x7E, 0x00, 0x00, 0x00, 0x3C, 0x82, 0x00, 0x00, 0x7E, 0x29,
    0x00, 0x7E, 0x87, 0x42, 0x29, 0x09, 0x7E, 0x40, 0x20, 0x10, 0x08, 0x08, 0x10, 0x20, 0x40, 0x7E,
    0x29, 0x01, 0x10, 0x7C, 0x84, 0x92, 0x01, 0x7C, 0x10, 0x29, 0x85, 0x92, 0x02, 0x7C, 0x10, 0x10,
    0x29, 0x00, 0x3C, 0x84, 0x42, 0x02, 0x24, 0x24, 0x66, 0x29, 0x09, 0x08, 0x10, 0x00, 0x3A, 0x46,
    0x44, 0x44, 0x44, 0x46, 0x3A, 0x29, 0x09, 0x08, 0x10, 0x00, 0x3C, 0x42, 0x40, 0x38, 0x40, 0x42,
    0x3C, 0x2C, 0x03, 0x08, 0x10, 0x00, 0x7C, 0x84, 0x42, 0x81, 0x02, 0x29, 0x03, 0x08, 0x10, 0x00,
    0x30, 0x83, 0x10, 0x00, 0x0C, 0x0B, 0x04, 0x08, 0x10, 0x00, 0x24, 0x00, 0x84, 0x42, 0x00, 0x3C,
    0x56, 0x06, 0x3A, 0x46, 0x44, 0x44, 0x44, 0x46, 0x3A, 0x2C, 0x04, 0x38, 0x44, 0x44, 0x48, 0x7C,
    0x82, 0x42, 0x00, 0x7C, 0x81, 0x40, 0x59, 0x80, 0x82, 0x80, 0x44, 0x80, 0x28, 0x82, 0x10, 0x29,
    0x03, 0x3E, 0x10, 0x08, 0x3C, 0x83, 0x42, 0x00, 0x3C, 0x2C, 0x04, 0x7E, 0x04, 0x08, 0x10, 0x20,
    0x82, 0x40, 0x03, 0x3C, 0x02, 0x02, 0x04, 0x29, 0x04, 0x38, 0x44, 0x44, 0x44, 0x7C, 0x82, 0x44,
    0x00, 0x38, 0x56, 0x00, 0x30, 0x83, 0x10, 0x00, 0x0C, 0x29, 0x80, 0x20, 0x80, 0x10, 0x80, 0x28,
    0x80, 0x44, 0x80, 0x82, 0x2C, 0x04, 0x3E, 0x40, 0x40, 0x40, 0x3C, 0x82, 0x40, 0x03, 0x3C, 0x02,
    0x02, 0x04, 0x56, 0x00, 0x7E, 0x84, 0x42, 0x59, 0x00, 0x3C, 0x83, 0x42, 0x00, 0x7C, 0x81, 0x40,
    0x59, 0x01, 0x3C, 0x42, 0x82, 0x40, 0x03, 0x3C, 0x02, 0x02, 0x04, 0x56, 0x00, 0x3E, 0x83, 0x44,
    0x00, 0x38, 0x56, 0x00, 0xFE, 0x83, 0x10, 0x00, 0x0C, 0x56, 0x84, 0x42, 0x00, 0x3C, 0x59, 0x00,
    0x4C, 0x83, 0x92, 0x00, 0x7C, 0x81, 0x10, 0x59, 0x80, 0x42, 0x80, 0x24, 0x80, 0x18, 0x80, 0x24,
    0x80, 0x42, 0x59, 0x84, 0x92, 0x00, 0x7C, 0x81, 0x10, 0x56, 0x01, 0x44, 0x82, 0x82, 0x92, 0x00,
    0x6C, 0x29, 0x03, 0x48, 0x48, 0x00, 0x30, 0x83, 0x10, 0x00, 0x0C, 0x29, 0x02, 0x24, 0x24, 0x00,
    0x84, 0x42, 0x00, 0x3C, 0x29, 0x02, 0x08, 0x10, 0x00, 0x84, 0x42, 0x00, 0x3C, 0x29, 0x04, 0x08,
    0x10, 0x00, 0x44, 0x82, 0x82, 0x92, 0x00, 0x6C, 0x29, 0x09, 0x38, 0x44, 0x44, 0x44, 0x3E, 0x04,
    0xC4, 0x44, 0x44, 0x38, 0x48, 0x01, 0x10, 0x7C, 0x83, 0x92, 0x01, 0x7C, 0x10, 0x56, 0x06, 0xC2,
    0x24, 0x18, 0x10, 0x30, 0x48, 0x86, 0x59, 0x00, 0x3C, 0x83, 0x42, 0x03, 0x7C, 0x40, 0x40, 0x3C,
    0x29, 0x04, 0x3C, 0x42, 0x42, 0x42, 0x7E, 0x82, 0x42, 0x00, 0x3C, 0x56, 0x06, 0x1E, 0x20, 0x40,
    0x7C, 0x40, 0x20, 0x1E, 0x56, 0x06, 0x78, 0x04, 0x02, 0x3E, 0x02, 0x04, 0x78, 0x29, 0x03, 0xF8,
    0x20, 0x20, 0x3C, 0x83, 0x22, 0x00, 0x24, 0x0B, 0x03, 0x08, 0x10, 0x00, 0x7E, 0x86, 0x40, 0x29,
    0x09, 0x3C, 0x42, 0x40, 0x40, 0x78, 0x40, 0x40, 0x40, 0x42, 0x3C, 0x29, 0x03, 0x30, 0x50, 0x90,
    0x9C, 0x83, 0x92, 0x00, 0x9C, 0x29, 0x81, 0x90, 0x01, 0x9C, 0xF2, 0x82, 0x92, 0x00, 0x9C, 0x29,
    0x03, 0xF8, 0x20, 0x20, 0x3C, 0x84, 0x22, 0x0B, 0x0B, 0x08, 0x10, 0x42, 0x44, 0x48, 0x50, 0x60,
    0x60, 0x50, 0x48, 0x44, 0x42, 0x0B, 0x08, 0x10, 0x08, 0x42, 0x42, 0x42, 0x46, 0x4A, 0x52, 0x62,
    0x81, 0x42, 0x0B, 0x01, 0x24, 0x18, 0x83, 0x42, 0x04, 0x3E, 0x02, 0x02, 0x02, 0x3C, 0x2B, 0x87,
    0x42, 0x02, 0x7E, 0x18, 0x18, 0x29, 0x03, 0x7C, 0x40, 0x40, 0x7C, 0x83, 0x42, 0x00, 0x7C, 0x2A,
    0x00, 0x3C, 0x86, 0x44, 0x01, 0xFE, 0x82, 0x29, 0x81, 0x92, 0x02, 0x54, 0x38, 0x54, 0x82, 0x92,
    0x29, 0x81, 0x42, 0x03, 0x46, 0x4A, 0x52, 0x62, 0x81, 0x42, 0x0B, 0x08, 0x24, 0x18, 0x42, 0x42,
    0x42, 0x46, 0x4A, 0x52, 0x62, 0x81, 0x42, 0x29, 0x01, 0x0E, 0x12, 0x85, 0x22, 0x00, 0x42, 0x29,
    0x83, 0x42, 0x04, 0x3E, 0x02, 0x02, 0x02, 0x3C, 0x1B, 0x01, 0x10, 0x7C, 0x86, 0x92, 0x01, 0x7C,
    0x10, 0x2B, 0x87, 0x42, 0x02, 0x3F, 0x01, 0x01, 0x29, 0x83, 0x42, 0x00, 0x3E, 0x82, 0x02, 0x29,
    0x87, 0x92, 0x00, 0x7E, 0x2B, 0x87, 0x92, 0x02, 0x7F, 0x01, 0x01, 0x29, 0x03, 0xC0, 0x40, 0x40,
    0x7C, 0x83, 0x42, 0x00, 0x7C, 0x29, 0x81, 0x82, 0x00, 0xF2, 0x83, 0x8A, 0x00, 0xF2, 0x29, 0x09,
    0x3C, 0x42, 0x02, 0x02, 0x1E, 0x02, 0x02, 0x02, 0x42, 0x3C, 0x29, 0x00, 0x8C, 0x82, 0x92, 0x04,
    0xF2, 0x92, 0x92, 0x92, 0x8C, 0x29, 0x00, 0x3E, 0x82, 0x42, 0x04, 0x3E, 0x0A, 0x12, 0x22, 0x42,
    0x29, 0x03, 0x3C, 0x40, 0x40, 0x7C, 0x83, 0x42, 0x00, 0x7C, 0x29, 0x04, 0x38, 0x44, 0x44, 0x48,
    0x7C, 0x82, 0x42, 0x00, 0x7C, 0x56, 0x00, 0x7E, 0x84, 0x40, 0x56, 0x06, 0x92, 0x92, 0x54, 0x38,
    0x54, 0x92, 0x92, 0x56, 0x06, 0x3C, 0x42, 0x02, 0x1C, 0x02, 0x42, 0x3C, 0x56, 0x00, 0x1E, 0x83,
    0x22, 0x00, 0x42, 0x56, 0x03, 0x82, 0xC6, 0xAA, 0x92, 0x81, 0x82, 0x56, 0x81, 0x42, 0x00, 0x7E,
    0x81, 0x42, 0x56, 0x00, 0xFE, 0x84, 0x10, 0x58, 0x84, 0x42, 0x02, 0x3F, 0x01, 0x01, 0x56, 0x81,
    0x42, 0x00, 0x3E, 0x81, 0x02, 0x56, 0x84, 0x92, 0x00, 0x7E, 0x58, 0x84, 0x92, 0x02, 0x7F, 0x01,
    0x01, 0x56, 0x06, 0x60, 0x20, 0x3C, 0x22, 0x22, 0x22, 0x3C, 0x56, 0x06, 0x82, 0x82, 0xF2, 0x8A,
    0x8A, 0x8A, 0xF2, 0x56, 0x06, 0x40, 0x40, 0x78, 0x44, 0x44, 0x44, 0x78, 0x56, 0x06, 0x3C, 0x42,
    0x02, 0x1E, 0x02, 0x42, 0x3C, 0x56, 0x06, 0x8C, 0x92, 0x92, 0xF2, 0x92, 0x92, 0x8C, 0x56, 0x06,
    0x3E, 0x42, 0x42, 0x3E, 0x12, 0x22, 0x42, 0x2C, 0x03, 0x40, 0xF0, 0x40, 0x7C, 0x84, 0x42, 0x02,
    0x02, 0x02, 0x0C, 0x29, 0x03, 0x08, 0x10, 0x00, 0x7E, 0x84, 0x40, 0x56, 0x06, 0x3C, 0x42, 0x40,
    0x78, 0x40, 0x42, 0x3C, 0x56, 0x06, 0x70, 0x90, 0x9C, 0x92, 0x92, 0x92, 0x9C, 0x56, 0x06, 0x90,
    0x90, 0x9C, 0xF2, 0x92, 0x92, 0x9C, 0x29, 0x09, 0x08, 0x10, 0x00, 0x42, 0x44, 0x48, 0x70, 0x48,
    0x44, 0x42, 0x2C, 0x02, 0x24, 0x18, 0x00, 0x84, 0x42, 0x03, 0x3E, 0x02, 0x02, 0x3C, 0x58, 0x84,
    0x42, 0x02, 0x7E, 0x18, 0x18, 0x29, 0x03, 0x40, 0xF0, 0x40, 0x7C, 0x83, 0x42, 0x00, 0x7C, 0x29,
    0x09, 0x20, 0x20, 0x78, 0x20, 0x20, 0x3C, 0x22, 0x22, 0x22, 0x3C, 0x29, 0x05, 0xFE, 0x82, 0x44,
    0x28, 0x38, 0x54, 0x82, 0x92, 0x56, 0x06, 0xFE, 0x44, 0x28, 0x38, 0x54, 0x92, 0x92, 0x0B, 0x02,
    0x02, 0x02, 0x7E, 0x87, 0x40, 0x38, 0x02, 0x02, 0x02, 0x7E, 0x84, 0x40, 0x29, 0x04, 0x7E, 0x40,
    0x40, 0x40, 0xF8, 0x83, 0x40, 0x56, 0x03, 0x7E, 0x40, 0x40, 0xF8, 0x81, 0x40, 0x2B, 0x00, 0x7E,
    0x82, 0x40, 0x00, 0x7C, 0x82, 0x42, 0x01, 0x02, 0x04, 0x58, 0x08, 0x7E, 0x40, 0x40, 0x78, 0x44,
    0x44, 0x44, 0x04, 0x08, 0x2B, 0x81, 0x92, 0x08, 0x54, 0x38, 0x54, 0x92, 0x92, 0x92, 0x93, 0x01,
    0x01, 0x58, 0x08, 0x92, 0x92, 0x54, 0x38, 0x54, 0x92, 0x93, 0x01, 0x01, 0x2C, 0x09, 0x3C, 0x42,
    0x42, 0x02, 0x1C, 0x02, 0x02, 0x42, 0x42, 0x3C, 0x81, 0x10, 0x59, 0x06, 0x3C, 0x42, 0x02, 0x1C,
    0x02, 0x42, 0x3C, 0x81, 0x10, 0x2B, 0x0B, 0x42, 0x44, 0x48, 0x50, 0x60, 0x60, 0x50, 0x48, 0x44,
    0x43, 0x01, 0x01, 0x58, 0x08, 0x42, 0x44, 0x48, 0x70, 0x48, 0x44, 0x43, 0x01, 0x01, 0x29, 0x09,
    0x42, 0x42, 0x54, 0x58, 0x70, 0x70, 0x58, 0x54, 0x42, 0x42, 0x56, 0x06, 0x42, 0x54, 0x58, 0x70,
    0x58, 0x54, 0x42, 0x29, 0x09, 0xC2, 0x44, 0x48, 0x50, 0x60, 0x60, 0x50, 0x48, 0x44, 0x42, 0x56,
    0x06, 0xC2, 0x44, 0x48, 0x70, 0x48, 0x44, 0x42, 0x2B, 0x82, 0x42, 0x00, 0x7E, 0x82, 0x42, 0x02,
    0x43, 0x01, 0x01, 0x58, 0x81, 0x42, 0x05, 0x7E, 0x42, 0x42, 0x43, 0x01, 0x01, 0x29, 0x04, 0x47,
    0x44, 0x44, 0x44, 0x7C, 0x83, 0x44, 0x56, 0x03, 0x47, 0x44, 0x44, 0x7C, 0x81, 0x44, 0x2C, 0x02,
    0x3C, 0x42, 0x42, 0x82, 0x40, 0x02, 0x42, 0x42, 0x3C, 0x81, 0x10, 0x59, 0x06, 0x3C, 0x42, 0x40,
    0x40, 0x40, 0x42, 0x3C, 0x81, 0x10, 0x29, 0x06, 0x82, 0x82, 0x44, 0x44, 0x28, 0x10, 0x7C, 0x81,
    0x10, 0x59, 0x09, 0x82, 0x82, 0x44, 0x44, 0x28, 0x28, 0x10, 0x7C, 0x10, 0x10, 0x2B, 0x0B, 0x42,
    0x42, 0x24, 0x24, 0x18, 0x18, 0x24, 0x24, 0x42, 0x43, 0x01, 0x01, 0x58, 0x08, 0x42, 0x42, 0x24,
    0x18, 0x24, 0x42, 0x43, 0x01, 0x01, 0x2B, 0x83, 0x42, 0x06, 0x3E, 0x02, 0x02, 0x02, 0x03, 0x01,
    0x01, 0x58, 0x81, 0x42, 0x05, 0x3E, 0x02, 0x02, 0x03, 0x01, 0x01, 0x29, 0x81, 0x42, 0x06, 0x4A,
    0x4A, 0x3E, 0x0A, 0x0A, 0x02, 0x02, 0x56, 0x06, 0x42, 0x4A, 0x4A, 0x3E, 0x0A, 0x02, 0x02, 0x29,
    0x82, 0x40, 0x00, 0x7C, 0x83, 0x42, 0x56, 0x02, 0x40, 0x40, 0x7C, 0x82, 0x42, 0x0B, 0x08, 0x24,
    0x18, 0x00, 0x92, 0x92, 0x92, 0x54, 0x38, 0x54, 0x81, 0x92, 0x29, 0x09, 0x24, 0x18, 0x00, 0x92,
    0x92, 0x54, 0x38, 0x54, 0x92, 0x92, 0x0B, 0x0B, 0x24, 0x24, 0x00, 0x3C, 0x42, 0x02, 0x02, 0x7E,
    0x42, 0x42, 0x42, 0x3C, 0x29, 0x09, 0x24, 0x24, 0x00, 0x3C, 0x02, 0x02, 0x7E, 0x42, 0x42, 0x3C,
    0x0B, 0x08, 0x44, 0x44, 0x00, 0x92, 0x92, 0x92, 0x54, 0x38, 0x54, 0x81, 0x92, 0x29, 0x09, 0x44,
    0x44, 0x00, 0x92, 0x92, 0x54, 0x38, 0x54, 0x92, 0x92, 0x0B, 0x0B, 0x24, 0x24, 0x00, 0x3C, 0x42,
    0x42, 0x02, 0x1C, 0x02, 0x42, 0x42, 0x3C, 0x29, 0x09, 0x24, 0x24, 0x00, 0x3C, 0x42, 0x02, 0x1C,
    0x02, 0x42, 0x3C, 0x0B, 0x08, 0x3C, 0x00, 0x42, 0x42, 0x42, 0x46, 0x4A, 0x52, 0x62, 0x81, 0x42,
    0x0B, 0x0B, 0x24, 0x24, 0x00, 0x42, 0x42, 0x42, 0x46, 0x4A, 0x52, 0x62, 0x42, 0x42, 0x56, 0x06,
    0x3C, 0x42, 0x42, 0x7E, 0x42, 0x42, 0x3C, 0x0B, 0x0B, 0x24, 0x24, 0x00, 0x3C, 0x42, 0x42, 0x42,
    0x7E, 0x42, 0x42, 0x42, 0x3C, 0x29, 0x09, 0x24, 0x24, 0x00, 0x3C, 0x42, 0x42, 0x7E, 0x42, 0x42,
    0x3C, 0x0B, 0x0B, 0x24, 0x24, 0x00, 0x3C, 0x42, 0x02, 0x02, 0x1E, 0x02, 0x02, 0x42, 0x3C, 0x29,
    0x09, 0x24, 0x24, 0x00, 0x3C, 0x42, 0x02, 0x1E, 0x02, 0x42, 0x3C, 0x0B, 0x01, 0x3C, 0x00, 0x83,
    0x42, 0x04, 0x3E, 0x02, 0x02, 0x02, 0x3C, 0x0B, 0x02, 0x24, 0x24, 0x00, 0x82, 0x42, 0x04, 0x3E,
    0x02, 0x02, 0x02, 0x3C, 0x0B, 0x02, 0x12, 0x24, 0x00, 0x82, 0x42, 0x04, 0x3E, 0x02, 0x02, 0x02,
    0x3C, 0x2C, 0x02, 0x12, 0x24, 0x00, 0x84, 0x42, 0x03, 0x3E, 0x02, 0x02, 0x3C, 0x0B, 0x02, 0x24,
    0x24, 0x00, 0x82, 0x42, 0x00, 0x3E, 0x82, 0x02, 0x29, 0x06, 0x24, 0x24, 0x00, 0x42, 0x42, 0x42,
    0x3E, 0x81, 0x02, 0x0B, 0x06, 0x48, 0x48, 0x00, 0x82, 0x82, 0x82, 0xF2, 0x82, 0x8A, 0x00, 0xF2,
    0x29, 0x09, 0x48, 0x48, 0x00, 0x82, 0x82, 0xF2, 0x8A, 0x8A, 0x8A, 0xF2, 0x29, 0x09, 0x42, 0x42,
    0x22, 0x22, 0x14, 0x28, 0x44, 0x44, 0x42, 0x42, 0x29, 0x00, 0x7C, 0x86, 0x02, 0x00, 0x7F, 0x29,
    0x00, 0x70, 0x83, 0x08, 0x03, 0x14, 0x24, 0x42, 0x82, 0x29, 0x00, 0x7F, 0x87, 0x02, 0x29, 0x02,
    0x7C, 0x02, 0x02, 0x85, 0x42, 0x29, 0x00, 0x30, 0x87, 0x08, 0x29, 0x01, 0x7C, 0x08, 0x86, 0x10,
    0x29, 0x00, 0x7C, 0x87, 0x42, 0x29, 0x00, 0x4C, 0x86, 0x42, 0x00, 0x3C, 0x24, 0x00, 0x30, 0x82,
    0x08, 0x2C, 0x00, 0x7C, 0x8A, 0x02, 0x29, 0x00, 0x7C, 0x86, 0x02, 0x00, 0x7C, 0x0B, 0x02, 0x40,
    0x40, 0x7E, 0x82, 0x02, 0x01, 0x04, 0x08, 0x81, 0x10, 0x29, 0x00, 0x7C, 0x86, 0x42, 0x00, 0x7E,
    0x29, 0x01, 0xDC, 0x62, 0x85, 0x42, 0x00, 0x4E, 0x29, 0x00, 0x70, 0x87, 0x08, 0x29, 0x00, 0x38,
    0x86, 0x04, 0x00, 0x3C, 0x29, 0x00, 0xFC, 0x86, 0x42, 0x00, 0x3C, 0x29, 0x81, 0x42, 0x81, 0x22,
    0x03, 0x14, 0x14, 0x18, 0x60, 0x2C, 0x04, 0x3C, 0x42, 0x42, 0x42, 0x32, 0x86, 0x02, 0x29, 0x04,
    0x3C, 0x42, 0x42, 0x42, 0x32, 0x82, 0x02, 0x00, 0x7C, 0x2C, 0x04, 0x42, 0x42, 0x22, 0x24, 0x18,
    0x86, 0x10, 0x29, 0x09, 0x42, 0x42, 0x22, 0x24, 0x18, 0x10, 0x08, 0x08, 0x04, 0x7C, 0x2C, 0x05,
    0x7E, 0x02, 0x02, 0x42, 0x42, 0x44, 0x82, 0x48, 0x81, 0x40, 0x29, 0x00, 0x7C, 0x87, 0x02, 0x29,
    0x83, 0x92, 0x04, 0xA2, 0xC2, 0x82, 0x84, 0xF8, 0x29, 0x00, 0xFC, 0x86, 0x42, 0x00, 0x82, 0x2C,
    0x01, 0x78, 0x44, 0x84, 0x42, 0x04, 0x44, 0x78, 0x00, 0x10, 0x10, 0x2C, 0x81, 0x02, 0x00, 0x3E,
    0x83, 0x42, 0x03, 0x3E, 0x00, 0x08, 0x08, 0x2B, 0x0B, 0x42, 0x44, 0x48, 0x50, 0x60, 0x60, 0x50,
    0x48, 0x44, 0x42, 0x00, 0x3C, 0x2B, 0x81, 0x40, 0x08, 0x42, 0x44, 0x48, 0x70, 0x48, 0x44, 0x42,
    0x00, 0x3C, 0x2C, 0x87, 0x40, 0x03, 0x7E, 0x00, 0x10, 0x10, 0x2C, 0x00, 0x30, 0x86, 0x10, 0x03,
    0x38, 0x00, 0x10, 0x10, 0x0B, 0x06, 0x10, 0x10, 0x82, 0xC6, 0xAA, 0x92, 0x92, 0x83, 0x82, 0x29,
    0x03, 0x10, 0x10, 0x00, 0xFC, 0x84, 0x92, 0x2C, 0x04, 0x82, 0xC6, 0xAA, 0x92, 0x92, 0x83, 0x82,
    0x02, 0x00, 0x10, 0x10, 0x59, 0x00, 0xFC, 0x84, 0x92, 0x02, 0x00, 0x10, 0x10, 0x0B, 0x80, 0x10,
    0x81, 0x42, 0x03, 0x62, 0x52, 0x4A, 0x46, 0x81, 0x42, 0x29, 0x03, 0x10, 0x10, 0x00, 0x7C, 0x84,
    0x42, 0x2C, 0x81, 0x42, 0x09, 0x62, 0x52, 0x4A, 0x46, 0x42, 0x42, 0x42, 0x00, 0x10, 0x10, 0x59,
    0x00, 0x7C, 0x84, 0x42, 0x02, 0x00, 0x10, 0x10, 0x2C, 0x00, 0xFE, 0x87, 0x10, 0x02, 0x00, 0x10,
    0x10, 0x2C, 0x81, 0x10, 0x00, 0x7C, 0x83, 0x10, 0x03, 0x0E, 0x00, 0x04, 0x04, 0x2C, 0x04, 0x7E,
    0x40, 0x40, 0x40, 0x78, 0x82, 0x40, 0x03, 0x7E, 0x00, 0x10, 0x10, 0x59, 0x09, 0x3C, 0x42, 0x42,
    0x7E, 0x40, 0x40, 0x3C, 0x00, 0x10, 0x10, 0x0B, 0x0B, 0x32, 0x4C, 0x00, 0x7E, 0x40, 0x40, 0x40,
    0x78, 0x40, 0x40, 0x40, 0x7E, 0x29, 0x09, 0x32, 0x4C, 0x00, 0x3C, 0x42, 0x42, 0x7E, 0x40, 0x40,
    0x3C, 0x2C, 0x00, 0x38, 0x86, 0x10, 0x03, 0x38, 0x00, 0x10, 0x10, 0x2C, 0x03, 0x10, 0x10, 0x00,
    0x30, 0x83, 0x10, 0x03, 0x38, 0x00, 0x10, 0x10, 0x2C, 0x00, 0x3C, 0x86, 0x42, 0x03, 0x3C, 0x00,
    0x10, 0x10, 0x59, 0x00, 0x3C, 0x83, 0x42, 0x03, 0x3C, 0x00, 0x10, 0x10, 0x2C, 0x87, 0x42, 0x03,
    0x3C, 0x00, 0x10, 0x10, 0x59, 0x84, 0x42, 0x03, 0x3E, 0x00, 0x08, 0x08, 0x0B, 0x07, 0x64, 0x98,
    0x00, 0x82, 0x82, 0x44, 0x44, 0x28, 0x82, 0x10, 0x2C, 0x02, 0x32, 0x4C, 0x00, 0x84, 0x42, 0x03,
    0x3E, 0x02, 0x02, 0x3C, 0x70, 0x00, 0xFE, 0x29, 0x88, 0x28, 0xD2, 0x02, 0x7E, 0x00, 0x7E, 0x12,
    0x02, 0x08, 0x10, 0x10, 0x12, 0x02, 0x08, 0x08, 0x10, 0xA2, 0x02, 0x08, 0x08, 0x10, 0x12, 0x02,
    0x10, 0x10, 0x08, 0x12, 0x02, 0x12, 0x24, 0x24, 0x12, 0x02, 0x12, 0x12, 0x24, 0xA2, 0x02, 0x24,
    0x24, 0x48, 0x12, 0x02, 0x48, 0x48, 0x24, 0x29, 0x02, 0x10, 0x10, 0x7C, 0x85, 0x10, 0x29, 0x02,
    0x10, 0x10, 0x7C, 0x82, 0x10, 0x02, 0x7C, 0x10, 0x10, 0x63, 0x03, 0x18, 0x3C, 0x3C, 0x18, 0xA1,
    0x80, 0x92, 0x29, 0x09, 0x48, 0xA8, 0x50, 0x10, 0x20, 0x20, 0x40, 0x54, 0xAA, 0x94, 0x13, 0x82,
    0x10, 0x13, 0x82, 0x24, 0x56, 0x06, 0x04, 0x08, 0x10, 0x20, 0x10, 0x08, 0x04, 0x56, 0x06, 0x20,
    0x10, 0x08, 0x04, 0x08, 0x10, 0x20, 0x29, 0x85, 0x24, 0x02, 0x00, 0x24, 0x24, 0x15, 0x00, 0x18,
    0x82, 0x24, 0x00, 0x18, 0x06, 0x06, 0x10, 0x00, 0x30, 0x10, 0x10, 0x10, 0x38, 0x15, 0x05, 0x04,
    0x0C, 0x14, 0x3E, 0x04, 0x04, 0x15, 0x05, 0x38, 0x20, 0x38, 0x04, 0x04, 0x38, 0x15, 0x05, 0x18,
    0x20, 0x38, 0x24, 0x24, 0x18, 0x15, 0x05, 0x3C, 0x04, 0x08, 0x08, 0x10, 0x10, 0x15, 0x05, 0x18,
    0x24, 0x18, 0x24, 0x24, 0x18, 0x15, 0x05, 0x18, 0x24, 0x24, 0x1C, 0x04, 0x18, 0x24, 0x04, 0x10,
    0x10, 0x7C, 0x10, 0x10, 0x40, 0x00, 0x7C, 0x32, 0x02, 0x7C, 0x00, 0x7C, 0x15, 0x00, 0x08, 0x82,
    0x10, 0x00, 0x08, 0x15, 0x00, 0x10, 0x82, 0x08, 0x00, 0x10, 0x24, 0x00, 0x38, 0x82, 0x24, 0x75,
    0x00, 0x18, 0x82, 0x24, 0x00, 0x18, 0x75, 0x05, 0x10, 0x30, 0x10, 0x10, 0x10, 0x38, 0x75, 0x05,
    0x18, 0x24, 0x04, 0x08, 0x10, 0x3C, 0x75, 0x05, 0x38, 0x04, 0x18, 0x04, 0x04, 0x38, 0x75, 0x05,
    0x04, 0x0C, 0x14, 0x3E, 0x04, 0x04, 0x75, 0x05, 0x38, 0x20, 0x38, 0x04, 0x04, 0x38, 0x75, 0x05,
    0x18, 0x20, 0x38, 0x24, 0x24, 0x18, 0x75, 0x05, 0x3C, 0x04, 0x08, 0x08, 0x10, 0x10, 0x75, 0x05,
    0x18, 0x24, 0x18, 0x24, 0x24, 0x18, 0x75, 0x05, 0x18, 0x24, 0x24, 0x1C, 0x04, 0x18, 0x84, 0x04,
    0x10, 0x10, 0x7C, 0x10, 0x10, 0xA0, 0x00, 0x7C, 0x92, 0x02, 0x7C, 0x00, 0x7C, 0x75, 0x00, 0x08,
    0x82, 0x10, 0x00, 0x08, 0x75, 0x00, 0x10, 0x82, 0x08, 0x00, 0x10, 0x84, 0x04, 0x18, 0x04, 0x1C,
    0x24, 0x1C, 0x84, 0x04, 0x18, 0x24, 0x3C, 0x20, 0x1C, 0x84, 0x04, 0x18, 0x24, 0x24, 0x24, 0x18,
    0x84, 0x04, 0x44, 0x28, 0x10, 0x28, 0x44, 0x84, 0x04, 0x38, 0x04, 0x3C, 0x24, 0x18, 0x66, 0x02,
    0x20, 0x20, 0x38, 0x82, 0x24, 0x66, 0x06, 0x20, 0x20, 0x24, 0x28, 0x30, 0x28, 0x24, 0x66, 0x00,
    0x30, 0x83, 0x10, 0x00, 0x38, 0x84, 0x00, 0x78, 0x82, 0x54, 0x86, 0x06, 0x38, 0x24, 0x24, 0x24,
    0x38, 0x20, 0x20, 0x29, 0x09, 0xF0, 0x88, 0x88, 0x88, 0xF4, 0x84, 0x8E, 0x84, 0x84, 0x82, 0x29,
    0x02, 0xF2, 0x8A, 0x8A, 0x82, 0xAA, 0x02, 0xA2, 0xA2, 0xBC, 0x38, 0x08, 0x1C, 0x22, 0x40, 0xF8,
    0x40, 0xF8, 0x40, 0x22, 0x1C, 0x29, 0x06, 0xFE, 0x10, 0x10, 0x1C, 0x70, 0x1C, 0x70, 0x81, 0x10,
    0x29, 0x02, 0x3C, 0x52, 0x52, 0x82, 0x50, 0x02, 0x52, 0x52, 0x3C, 0x29, 0x09, 0x42, 0x42, 0x62,
    0x52, 0x6A, 0x56, 0x4A, 0x46, 0x42, 0x42, 0x29, 0x81, 0x96, 0x06, 0xD0, 0xF0, 0xF0, 0xB0, 0x96,
    0x90, 0x96, 0x2A, 0x00, 0x3C, 0x85, 0x52, 0x02, 0x5A, 0x3C, 0x06, 0x29, 0x00, 0xF8, 0x82, 0xA4,
    0x04, 0xB8, 0xA8, 0xB4, 0xAA, 0xE6, 0x23, 0x03, 0xFB, 0x55, 0x55, 0x51, 0x29, 0x09, 0x7E, 0x02,
    0x06, 0x0A, 0x14, 0x28, 0x50, 0x60, 0x40, 0x7E, 0x29, 0x09, 0x44, 0x44, 0x22, 0x22, 0x34, 0x58,
    0x88, 0x88, 0x84, 0x44, 0x54, 0x04, 0x20, 0x40, 0xFE, 0x40, 0x20, 0x29, 0x02, 0x10, 0x38, 0x54,
    0x85, 0x10, 0x54, 0x04, 0x08, 0x04, 0xFE, 0x04, 0x08, 0x29, 0x85, 0x10, 0x02, 0x54, 0x38, 0x10,
    0x54, 0x04, 0x24, 0x42, 0xFF, 0x42, 0x24, 0x29, 0x02, 0x10, 0x38, 0x54, 0x82, 0x10, 0x02, 0x54,
    0x38, 0x10, 0x54, 0x04, 0x22, 0x42, 0xFE, 0x42, 0x22, 0x54, 0x04, 0x88, 0x84, 0xFE, 0x84, 0x88,
    0x29, 0x09, 0x10, 0x38, 0x54, 0x10, 0x10, 0x10, 0x54, 0x38, 0x10, 0x7C, 0x29, 0x83, 0x02, 0x04,
    0x22, 0x42, 0xFE, 0x40, 0x20, 0x29, 0x83, 0x80, 0x04, 0x88, 0x84, 0xFE, 0x04, 0x08, 0x47, 0x81,
    0x02, 0x04, 0x22, 0x42, 0xFE, 0x40, 0x20, 0x37, 0x07, 0xF0, 0x30, 0x50, 0x92, 0x82, 0x82, 0x44,
    0x38, 0x46, 0x06, 0x20, 0x40, 0xFE, 0x00, 0xFE, 0x04, 0x08, 0x46, 0x06, 0x08, 0x04, 0xFE, 0x00,
    0xFE, 0x40, 0x20, 0x54, 0x04, 0x20, 0x7E, 0xC0, 0x7E, 0x20, 0x29, 0x02, 0x10, 0x38, 0x6C, 0x85,
    0x28, 0x54, 0x04, 0x08, 0xFC, 0x06, 0xFC, 0x08, 0x29, 0x85, 0x28, 0x02, 0x6C, 0x38, 0x10, 0x54,
    0x04, 0x24, 0x7E, 0xC3, 0x7E, 0x24, 0x29, 0x02, 0x10, 0x38, 0x6C, 0x82, 0x28, 0x02, 0x6C, 0x38,
    0x10, 0x29, 0x81, 0x82, 0x06, 0x7C, 0x44, 0x44, 0x28, 0x28, 0x10, 0x10, 0x38, 0x08, 0x7E, 0x02,
    0x02, 0x02, 0x7E, 0x02, 0x02, 0x02, 0x7E, 0x2A, 0x0A, 0x04, 0x7E, 0x0A, 0x0A, 0x12, 0x7E, 0x12,
    0x22, 0x22, 0x7E, 0x40, 0x29, 0x09, 0x02, 0x04, 0x7C, 0x8A, 0x92, 0x92, 0xA2, 0x7C, 0x40, 0x80,
    0x29, 0x02, 0xFE, 0x82, 0x82, 0x81, 0x44, 0x80, 0x28, 0x80, 0x10, 0x38, 0x08, 0x1E, 0x20, 0x40,
    0x40, 0x7E, 0x40, 0x40, 0x20, 0x1E, 0x2A, 0x0A, 0x02, 0x1E, 0x24, 0x44, 0x48, 0x7E, 0x48, 0x50,
    0x30, 0x3E, 0x20, 0x46, 0x06, 0x1E, 0x20, 0x40, 0x7E, 0x40, 0x20, 0x1E, 0x38, 0x08, 0x78, 0x04,
    0x02, 0x02, 0x7E, 0x02, 0x02, 0x04, 0x78, 0x2A, 0x0A, 0x40, 0x78, 0x24, 0x22, 0x12, 0x7E, 0x12,
    0x0A, 0x0C, 0x7C, 0x04, 0x46, 0x06, 0x78, 0x04, 0x02, 0x7E, 0x02, 0x04, 0x78, 0x56, 0x06, 0x7C,
    0x00, 0x10, 0x10, 0x7C, 0x10, 0x10, 0x47, 0x07, 0x10, 0x10, 0x00, 0x10, 0x10, 0x7C, 0x10, 0x10,
    0x46, 0x06, 0x02, 0x04, 0x08, 0x10, 0x20, 0x40, 0x80, 0x46, 0x06, 0x80, 0x40, 0x20, 0x10, 0x08,
    0x04, 0x02, 0x71, 0x80, 0x18, 0x1A, 0x00, 0x06, 0x82, 0x04, 0x81, 0x44, 0x02, 0x24, 0x14, 0x0C,
    0x54, 0x04, 0x7C, 0x92, 0x92, 0x92, 0x7C, 0x45, 0x83, 0x40, 0x00, 0x7E, 0x47, 0x80, 0x10, 0x80,
    0x28, 0x80, 0x44, 0x80, 0x82, 0x47, 0x80, 0x82, 0x80, 0x44, 0x80, 0x28, 0x80, 0x10, 0x47, 0x00,
    0x3C, 0x85, 0x42, 0x47, 0x85, 0x42, 0x00, 0x3C, 0x54, 0x04, 0x32, 0x4C, 0x00, 0x32, 0x4C, 0x45,
    0x05, 0x02, 0x7E, 0x08, 0x10, 0x7E, 0x40, 0x46, 0x06, 0x7E, 0x00, 0x00, 0x7E, 0x00, 0x00, 0x7E,
    0x38, 0x08, 0x04, 0x08, 0x10, 0x20, 0x10, 0x08, 0x04, 0x00, 0x3E, 0x38, 0x08, 0x20, 0x10, 0x08,
    0x04, 0x08, 0x10, 0x20, 0x00, 0x7C, 0x38, 0x08, 0x09, 0x12, 0x24, 0x48, 0x90, 0x48, 0x24, 0x12,
    0x09, 0x38, 0x08, 0x90, 0x48, 0x24, 0x12, 0x09, 0x12, 0x24, 0x48, 0x90, 0x46, 0x00, 0x3E, 0x83,
    0x40, 0x00, 0x3E, 0x46, 0x00, 0x7C, 0x83, 0x02, 0x00, 0x7C, 0x38, 0x00, 0x3E, 0x83, 0x40, 0x02,
    0x3E, 0x00, 0x7E, 0x38, 0x00, 0x7C, 0x83, 0x02, 0x02, 0x7C, 0x00, 0x7E, 0x47, 0x85, 0x10, 0x00,
    0xFE, 0x29, 0x00, 0x3C, 0x87, 0x42, 0x47, 0x02, 0x10, 0x28, 0x44, 0x82, 0x82, 0x00, 0xFE, 0x29,
    0x00, 0x38, 0x87, 0x20, 0x29, 0x00, 0x38, 0x87, 0x08, 0x29, 0x87, 0x20, 0x00, 0x38, 0x29, 0x87,
    0x08, 0x00, 0x38, 0x53, 0x00, 0x7E, 0x81, 0x40, 0x53, 0x81, 0x40, 0x00, 0x7E, 0x2D, 0x02, 0x0C,
    0x12, 0x12, 0x89, 0x10, 0x0B, 0x87, 0x10, 0x02, 0x90, 0x90, 0x60, 0x0F, 0x03, 0x04, 0x08, 0x10,
    0x10, 0x81, 0x20, 0x87, 0x40, 0x0F, 0x8E, 0x40, 0x0F, 0x87, 0x40, 0x81, 0x20, 0x03, 0x10, 0x10,
    0x08, 0x04, 0x0F, 0x03, 0x40, 0x20, 0x10, 0x10, 0x81, 0x08, 0x87, 0x04, 0x0F, 0x8E, 0x04, 0x0F,
    0x87, 0x04, 0x81, 0x08, 0x03, 0x10, 0x10, 0x20, 0x40, 0x0F, 0x00, 0x7C, 0x8D, 0x40, 0x0F, 0x8D,
    0x40, 0x00, 0x7C, 0x0F, 0x00, 0x7C, 0x8D, 0x04, 0x0F, 0x8D, 0x04, 0x00, 0x7C, 0x0F, 0x01, 0x0E,
    0x10, 0x8C, 0x20, 0x0F, 0x85, 0x20, 0x80, 0xC0, 0x85, 0x20, 0x0F, 0x8C, 0x20, 0x01, 0x10, 0x0E,
    0x0F, 0x01, 0xE0, 0x10, 0x8C, 0x08, 0x0F, 0x85, 0x08, 0x80, 0x06, 0x85, 0x08, 0x0F, 0x8C, 0x08,
    0x01, 0x10, 0xE0, 0x0F, 0x8E, 0x10, 0x70, 0x00, 0xFF, 0x00, 0x00, 0xFF, 0x40, 0x00, 0xFF, 0xB0,
    0x00, 0xFF, 0xF0, 0x00, 0xFF, 0x1C, 0x07, 0x88, 0x88, 0xF8, 0x88, 0x88, 0x88, 0x00, 0x1F, 0x83,
    0x04, 0x1C, 0x83, 0x80, 0x04, 0xF8, 0x00, 0x1F, 0x10, 0x1C, 0x81, 0x10, 0x1C, 0x07, 0x88, 0x88,
    0x50, 0x50, 0x20, 0x20, 0x00, 0x1F, 0x83, 0x04, 0x1C, 0x09, 0xF8, 0x80, 0xE0, 0x80, 0x80, 0x80,
    0x00, 0x1F, 0x10, 0x1C, 0x81, 0x10, 0x1C, 0x0C, 0x70, 0x88, 0x80, 0x80, 0x88, 0x70, 0x00, 0x1E,
    0x11, 0x11, 0x1E, 0x12, 0x11, 0x1C, 0x06, 0x88, 0xC8, 0xA8, 0x98, 0x88, 0x88, 0x00, 0x83, 0x10,
    0x00, 0x1F, 0x71, 0x80, 0xFF, 0x0F, 0x8E, 0x18, 0x70, 0x00, 0xAA, 0x71, 0x80, 0xAA, 0x0E, 0x81,
    0x10, 0x08, 0x00, 0x10, 0x10, 0x10, 0x00, 0x10, 0x10, 0x10, 0x00, 0x81, 0x10, 0x0E, 0x81, 0x18,
    0x08, 0x00, 0x18, 0x18, 0x18, 0x00, 0x18, 0x18, 0x18, 0x00, 0x81, 0x18, 0x78, 0x00, 0x1F, 0x86,
    0x10, 0x78, 0x80, 0x1F, 0x85, 0x10, 0x78, 0x00, 0x1F, 0x86, 0x18, 0x78, 0x80, 0x1F, 0x85, 0x18,
    0x78, 0x00, 0xF0, 0x86, 0x10, 0x78, 0x80, 0xF0, 0x85, 0x10, 0x78, 0x00, 0xF8, 0x86, 0x18, 0x78,
    0x80, 0xF8, 0x85, 0x18, 0x07, 0x85, 0x10, 0x00, 0x1F, 0x08, 0x85, 0x10, 0x80, 0x1F, 0x07, 0x85,
    0x18, 0x00, 0x1F, 0x08, 0x85, 0x18, 0x80, 0x1F, 0x07, 0x85, 0x10, 0x00, 0xF0, 0x08, 0x85, 0x10,
    0x80, 0xF0, 0x07, 0x85, 0x18, 0x00, 0xF8, 0x08, 0x85, 0x18, 0x80, 0xF8, 0x0F, 0x85, 0x10, 0x00,
    0x1F, 0x86, 0x10, 0x0F, 0x85, 0x10, 0x80, 0x1F, 0x85, 0x10, 0x0F, 0x85, 0x18, 0x00, 0x1F, 0x86,
    0x10, 0x0F, 0x85, 0x10, 0x00, 0x1F, 0x86, 0x18, 0x0F, 0x85, 0x18, 0x00, 0x1F, 0x86, 0x18, 0x0F,
    0x85, 0x18, 0x80, 0x1F, 0x85, 0x10, 0x0F, 0x85, 0x10, 0x80, 0x1F, 0x85, 0x18, 0x0F, 0x85, 0x18,
    0x80, 0x1F, 0x85, 0x18, 0x0F, 0x85, 0x10, 0x00, 0xF0, 0x86, 0x10, 0x0F, 0x85, 0x10, 0x80, 0xF0,
    0x85, 0x10, 0x0F, 0x85, 0x18, 0x00, 0xF8, 0x86, 0x10, 0x0F, 0x85, 0x10, 0x00, 0xF8, 0x86, 0x18,
    0x0F, 0x85, 0x18, 0x00, 0xF8, 0x86, 0x18, 0x0F, 0x85, 0x18, 0x80, 0xF8, 0x85, 0x10, 0x0F, 0x85,
    0x10, 0x80, 0xF8, 0x85, 0x18, 0x0F, 0x85, 0x18, 0x80, 0xF8, 0x85, 0x18, 0x78, 0x00, 0xFF, 0x86,
    0x10, 0x78, 0x01, 0xFF, 0xF0, 0x85, 0x10, 0x78, 0x01, 0xFF, 0x1F, 0x85, 0x10, 0x78, 0x80, 0xFF,
    0x85, 0x10, 0x78, 0x00, 0xFF, 0x86, 0x18, 0x78, 0x01, 0xFF, 0xF8, 0x85, 0x18, 0x78, 0x01, 0xFF,
    0x1F, 0x85, 0x18, 0x78, 0x80, 0xFF, 0x85, 0x18, 0x07, 0x85, 0x10, 0x00, 0xFF, 0x08, 0x85, 0x10,
    0x01, 0xFF, 0xF0, 0x08, 0x85, 0x10, 0x01, 0xFF, 0x1F, 0x08, 0x85, 0x10, 0x80, 0xFF, 0x07, 0x85,
    0x18, 0x00, 0xFF, 0x08, 0x85, 0x18, 0x01, 0xFF, 0xF8, 0x08, 0x85, 0x18, 0x01, 0xFF, 0x1F, 0x08,
    0x85, 0x18, 0x80, 0xFF, 0x0F, 0x85, 0x10, 0x00, 0xFF, 0x86, 0x10, 0x0F, 0x85, 0x10, 0x01, 0xFF,
    0xF0, 0x85, 0x10, 0x0F, 0x85, 0x10, 0x01, 0xFF, 0x1F, 0x85, 0x10, 0x0F, 0x85, 0x10, 0x80, 0xFF,
    0x85, 0x10, 0x0F, 0x85, 0x18, 0x00, 0xFF, 0x86, 0x10, 0x0F, 0x85, 0x10, 0x00, 0xFF, 0x86, 0x18,
    0x0F, 0x85, 0x18, 0x00, 0xFF, 0x86, 0x18, 0x0F, 0x85, 0x18, 0x01, 0xFF, 0xF0, 0x85, 0x10, 0x0F,
    0x85, 0x18, 0x01, 0xFF, 0x1F, 0x85, 0x10, 0x0F, 0x85, 0x10, 0x01, 0xFF, 0xF8, 0x85, 0x18, 0x0F,
    0x85, 0x10, 0x01, 0xFF, 0x1F, 0x85, 0x18, 0x0F, 0x85, 0x18, 0x80, 0xFF, 0x85, 0x10, 0x0F, 0x85,
    0x10, 0x80, 0xFF, 0x85, 0x18, 0x0F, 0x85, 0x18, 0x01, 0xFF, 0xF8, 0x85, 0x18, 0x0F, 0x85, 0x18,
    0x01, 0xFF, 0x1F, 0x85, 0x18, 0x0F, 0x85, 0x18, 0x80, 0xFF, 0x85, 0x18, 0x62, 0x02, 0xFF, 0x00,
    0xFF, 0x0F, 0x8E, 0x28, 0x69, 0x02, 0x1F, 0x10, 0x1F, 0x85, 0x10, 0x78, 0x00, 0x3F, 0x86, 0x28,
    0x69, 0x02, 0x3F, 0x20, 0x2F, 0x85, 0x28, 0x69, 0x02, 0xF0, 0x10, 0xF0, 0x85, 0x10, 0x78, 0x00,
    0xF8, 0x86, 0x28, 0x69, 0x02, 0xF8, 0x08, 0xE8, 0x85, 0x28, 0x08, 0x84, 0x10, 0x02, 0x1F, 0x10,
    0x1F, 0x07, 0x85, 0x28, 0x00, 0x3F, 0x08, 0x84, 0x28, 0x02, 0x2F, 0x20, 0x3F, 0x08, 0x84, 0x10,
    0x02, 0xF0, 0x10, 0xF0, 0x07, 0x85, 0x28, 0x00, 0xF8, 0x08, 0x84, 0x28, 0x02, 0xE8, 0x08, 0xF8,
    0x0F, 0x84, 0x10, 0x02, 0x1F, 0x10, 0x1F, 0x85, 0x10, 0x0F, 0x85, 0x28, 0x00, 0x2F, 0x86, 0x28,
    0x0F, 0x84, 0x28, 0x02, 0x2F, 0x20, 0x2F, 0x85, 0x28, 0x0F, 0x84, 0x10, 0x02, 0xF0, 0x10, 0xF0,
    0x85, 0x10, 0x0F, 0x85, 0x28, 0x00, 0xE8, 0x86, 0x28, 0x0F, 0x84, 0x28, 0x02, 0xE8, 0x08, 0xE8,
    0x85, 0x28, 0x69, 0x02, 0xFF, 0x00, 0xFF, 0x85, 0x10, 0x78, 0x00, 0xFF, 0x86, 0x28, 0x69, 0x02,
    0xFF, 0x00, 0xEF, 0x85, 0x28, 0x08, 0x84, 0x10, 0x02, 0xFF, 0x00, 0xFF, 0x07, 0x85, 0x28, 0x00,
    0xFF, 0x08, 0x84, 0x28, 0x02, 0xEF, 0x00, 0xFF, 0x0F, 0x84, 0x10, 0x02, 0xFF, 0x10, 0xFF, 0x85,
    0x10, 0x0F, 0x85, 0x28, 0x00, 0xFF, 0x86, 0x28, 0x0F, 0x84, 0x28, 0x02, 0xEF, 0x00, 0xEF, 0x85,
    0x28, 0x78, 0x01, 0x07, 0x08, 0x85, 0x10, 0x78, 0x01, 0xC0, 0x20, 0x85, 0x10, 0x07, 0x84, 0x10,
    0x01, 0x20, 0xC0, 0x07, 0x84, 0x10, 0x01, 0x08, 0x07, 0x0F, 0x80, 0x01, 0x80, 0x02, 0x80, 0x04,
    0x80, 0x08, 0x80, 0x10, 0x80, 0x20, 0x80, 0x40, 0x80, 0x80, 0x0F, 0x80, 0x80, 0x80, 0x40, 0x80,
    0x20, 0x80, 0x10, 0x80, 0x08, 0x80, 0x04, 0x80, 0x02, 0x80, 0x01, 0x0F, 0x80, 0x81, 0x80, 0x42,
    0x80, 0x24, 0x82, 0x18, 0x80, 0x24, 0x80, 0x42, 0x80, 0x81, 0x70, 0x00, 0xF0, 0x07, 0x86, 0x10,
    0x70, 0x00, 0x1F, 0x78, 0x87, 0x10, 0x71, 0x80, 0xF0, 0x07, 0x86, 0x18, 0x71, 0x80, 0x1F, 0x78,
    0x87, 0x18, 0x71, 0x01, 0xFF, 0x1F, 0x0F, 0x85, 0x10, 0x87, 0x18, 0x71, 0x01, 0xFF, 0xF0, 0x0F,
    0x86, 0x18, 0x86, 0x10, 0x07, 0x86, 0xFF, 0xE1, 0x80, 0xFF, 0xC3, 0x82, 0xFF, 0xA5, 0x84, 0xFF,
    0x87, 0x86, 0xFF, 0x69, 0x88, 0xFF, 0x4B, 0x8A, 0xFF, 0x2D, 0x8C, 0xFF, 0x0F, 0x8E, 0xFF, 0x0F,
    0x8E, 0xFE, 0x0F, 0x8E, 0xFC, 0x0F, 0x8E, 0xF8, 0x0F, 0x8E, 0xF0, 0x0F, 0x8E, 0xE0, 0x0F, 0x8E,
    0xC0, 0x0F, 0x8E, 0x80, 0x0F, 0x8E, 0x0F, 0x0F, 0x0F, 0x88, 0x22, 0x88, 0x22, 0x88, 0x22, 0x88,
    0x22, 0x88, 0x22, 0x88, 0x22, 0x88, 0x22, 0x88, 0x22, 0x0F, 0x0F, 0xAA, 0x55, 0xAA, 0x55, 0xAA,
    0x55, 0xAA, 0x55, 0xAA, 0x55, 0xAA, 0x55, 0xAA, 0x55, 0xAA, 0x55, 0x0F, 0x0F, 0xEE, 0xBB, 0xEE,
    0xBB, 0xEE, 0xBB, 0xEE, 0xBB, 0xEE, 0xBB, 0xEE, 0xBB, 0xEE, 0xBB, 0xEE, 0xBB, 0x87, 0x86, 0xF0,
    0x87, 0x86, 0x0F, 0x07, 0x86, 0xF0, 0x0F, 0x86, 0xF0, 0x86, 0xFF, 0x0F, 0x86, 0xF0, 0x86, 0x0F,
    0x0F, 0x86, 0xFF, 0x86, 0xF0, 0x0F, 0x86, 0xFF, 0x86, 0x0F, 0x07, 0x86, 0x0F, 0x0F, 0x86, 0x0F,
    0x86, 0xF0, 0x0F, 0x86, 0x0F, 0x86, 0xFF, 0x55, 0x84, 0x3C, 0x83, 0x82, 0x7E, 0x29, 0x88, 0x7E,
    0x47, 0x80, 0x10, 0x80, 0x38, 0x80, 0x7C, 0x80, 0xFE, 0x46, 0x06, 0xC0, 0xF0, 0xFC, 0xFF, 0xFC,
    0xF0, 0xC0, 0x47, 0x80, 0xFE, 0x80, 0x7C, 0x80, 0x38, 0x80, 0x10, 0x46, 0x06, 0x03, 0x0F, 0x3F,
    0xFF, 0x3F, 0x0F, 0x03, 0x46, 0x06, 0x10, 0x38, 0x7C, 0xFE, 0x7C, 0x38, 0x10, 0x46, 0x06, 0x10,
    0x28, 0x44, 0x82, 0x44, 0x28, 0x10, 0x63, 0x03, 0x18, 0x24, 0x24, 0x18, 0x0F, 0x84, 0xFF, 0x03,
    0xE7, 0xC3, 0xC3, 0xE7, 0x84, 0xFF, 0x0F, 0x84, 0xFF, 0x03, 0xE7, 0xDB, 0xDB, 0xE7, 0x84, 0xFF,
    0x29, 0x09, 0x7C, 0x82, 0xAA, 0x82, 0x82, 0xBA, 0x92, 0x82, 0x82, 0x7C, 0x29, 0x09, 0x7C, 0xFE,
    0xD6, 0xFE, 0xFE, 0xC6, 0xEE, 0xFE, 0xFE, 0x7C, 0x38, 0x08, 0x10, 0x92, 0x54, 0x38, 0xEE, 0x38,
    0x54, 0x92, 0x10, 0x29, 0x00, 0x38, 0x82, 0x44, 0x04, 0x38, 0x10, 0x7C, 0x10, 0x10, 0x29, 0x04,
    0x1E, 0x06, 0x0A, 0x12, 0x38, 0x82, 0x44, 0x00, 0x38, 0x29, 0x09, 0x10, 0x10, 0x38, 0x7C, 0xFE,
    0xFE, 0x7C, 0x10, 0x10, 0x38, 0x29, 0x09, 0x10, 0x38, 0x38, 0x10, 0x54, 0xFE, 0xFE, 0x54, 0x10,
    0x38, 0x47, 0x00, 0x6C, 0x82, 0xFE, 0x02, 0x7C, 0x38, 0x10, 0x29, 0x02, 0x3E, 0x22, 0x3E, 0x84,
    0x20, 0x00, 0xC0, 0x2A, 0x02, 0x7E, 0x42, 0x7E, 0x84, 0x42, 0x01, 0x44, 0x80, 0x29, 0x80, 0x02,
    0x80, 0x04, 0x80, 0x88, 0x80, 0x50, 0x80, 0x20, 0x29, 0x80, 0x03, 0x80, 0x06, 0x80, 0xCC, 0x80,
    0x78, 0x80, 0x30, 0x29, 0x09, 0x04, 0x44, 0x28, 0x18, 0x18, 0x14, 0x22, 0x20, 0x40, 0x40, 0x29,
    0x09, 0x0C, 0xCC, 0x78, 0x38, 0x38, 0x3C, 0x66, 0x60, 0xC0, 0xC0, 0x29, 0x80, 0x08, 0x80, 0x10,
    0x80, 0x20, 0x80, 0x10, 0x80, 0x08, 0x29, 0x80, 0x20, 0x80, 0x10, 0x80, 0x08, 0x80, 0x10, 0x80,
    0x20, 0x29, 0x80, 0x12, 0x80, 0x24, 0x80, 0x48, 0x80, 0x24, 0x80, 0x12, 0x29, 0x80, 0x48, 0x80,
    0x24, 0x80, 0x12, 0x80, 0x24, 0x80, 0x48, 0x11, 0x80, 0x40, 0x51, 0x80, 0x40, 0x15, 0x80, 0x40,
    0x80, 0x00, 0x80, 0x40, 0x91, 0x80, 0x40, 0x19, 0x80, 0x40, 0x84, 0x00, 0x80, 0x40, 0x55, 0x80,
    0x40, 0x80, 0x00, 0x80, 0x40, 0x19, 0x80, 0x40, 0x80, 0x00, 0x80, 0x40, 0x80, 0x00, 0x80, 0x40,
    0x11, 0x80, 0x04, 0x11, 0x80, 0x44, 0x15, 0x80, 0x04, 0x80, 0x00, 0x80, 0x40, 0x15, 0x80, 0x44,
    0x80, 0x00, 0x80, 0x40, 0x19, 0x80, 0x04, 0x84, 0x00, 0x80, 0x40, 0x19, 0x80, 0x44, 0x84, 0x00,
    0x80, 0x40, 0x19, 0x80, 0x04, 0x80, 0x00, 0x80, 0x40, 0x80, 0x00, 0x80, 0x40, 0x19, 0x80, 0x44,
    0x80, 0x00, 0x80, 0x40, 0x80, 0x00, 0x80, 0x40, 0x51, 0x80, 0x04, 0x15, 0x80, 0x40, 0x80, 0x00,
    0x80, 0x04, 0x51, 0x80, 0x44, 0x15, 0x80, 0x40, 0x80, 0x00, 0x80, 0x44, 0x55, 0x80, 0x04, 0x80,
    0x00, 0x80, 0x40, 0x19, 0x80, 0x40, 0x80, 0x00, 0x80, 0x04, 0x80, 0x00, 0x80, 0x40, 0x55, 0x80,
    0x44, 0x80, 0x00, 0x80, 0x40, 0x19, 0x80, 0x40, 0x80, 0x00, 0x80, 0x44, 0x80, 0x00, 0x80, 0x40,
    0x15, 0x80, 0x04, 0x80, 0x00, 0x80, 0x04, 0x15, 0x80, 0x44, 0x80, 0x00, 0x80, 0x04, 0x15, 0x80,
    0x04, 0x80, 0x00, 0x80, 0x44, 0x15, 0x80, 0x44, 0x80, 0x00, 0x80, 0x44, 0x19, 0x80, 0x04, 0x80,
    0x00, 0x80, 0x04, 0x80, 0x00, 0x80, 0x40, 0x19, 0x80, 0x44, 0x80, 0x00, 0x80, 0x04, 0x80, 0x00,
    0x80, 0x40, 0x19, 0x80, 0x04, 0x80, 0x00, 0x80, 0x44, 0x80, 0x00, 0x80, 0x40, 0x19, 0x80, 0x44,
    0x80, 0x00, 0x80, 0x44, 0x80, 0x00, 0x80, 0x40, 0x91, 0x80, 0x04, 0x19, 0x80, 0x40, 0x84, 0x00,
    0x80, 0x04, 0x55, 0x80, 0x40, 0x80, 0x00, 0x80, 0x04, 0x19, 0x80, 0x40, 0x80, 0x00, 0x80, 0x40,
    0x80, 0x00, 0x80, 0x04, 0x91, 0x80, 0x44, 0x19, 0x80, 0x40, 0x84, 0x00, 0x80, 0x44, 0x55, 0x80,
    0x40, 0x80, 0x00, 0x80, 0x44, 0x19, 0x80, 0x40, 0x80, 0x00, 0x80, 0x40, 0x80, 0x00, 0x80, 0x44,
    0x19, 0x80, 0x04, 0x84, 0x00, 0x80, 0x04, 0x19, 0x80, 0x44, 0x84, 0x00, 0x80, 0x04, 0x19, 0x80,
    0x04, 0x80, 0x00, 0x80, 0x40, 0x80, 0x00, 0x80, 0x04, 0x19, 0x80, 0x44, 0x80, 0x00, 0x80, 0x40,
    0x80, 0x00, 0x80, 0x04, 0x19, 0x80, 0x04, 0x84, 0x00, 0x80, 0x44, 0x19, 0x80, 0x44, 0x84, 0x00,
    0x80, 0x44, 0x19, 0x80, 0x04, 0x80, 0x00, 0x80, 0x40, 0x80, 0x00, 0x80, 0x44, 0x19, 0x80, 0x44,
    0x80, 0x00, 0x80, 0x40, 0x80, 0x00, 0x80, 0x44, 0x55, 0x80, 0x04, 0x80, 0x00, 0x80, 0x04, 0x19,
    0x80, 0x40, 0x80, 0x00, 0x80, 0x04, 0x80, 0x00, 0x80, 0x04, 0x55, 0x80, 0x44, 0x80, 0x00, 0x80,
    0x04, 0x19, 0x80, 0x40, 0x80, 0x00, 0x80, 0x44, 0x80, 0x00, 0x80, 0x04, 0x55, 0x80, 0x04, 0x80,
    0x00, 0x80, 0x44, 0x19, 0x80, 0x40, 0x80, 0x00, 0x80, 0x04, 0x80, 0x00, 0x80, 0x44, 0x55, 0x80,
    0x44, 0x80, 0x00, 0x80, 0x44, 0x19, 0x80, 0x40, 0x80, 0x00, 0x80, 0x44, 0x80, 0x00, 0x80, 0x44,
    0x19, 0x80, 0x04, 0x80, 0x00, 0x80, 0x04, 0x80, 0x00, 0x80, 0x04, 0x19, 0x80, 0x44, 0x80, 0x00,
    0x80, 0x04, 0x80, 0x00, 0x80, 0x04, 0x19, 0x80, 0x04, 0x80, 0x00, 0x80, 0x44, 0x80, 0x00, 0x80,
    0x04, 0x19, 0x80, 0x44, 0x80, 0x00, 0x80, 0x44, 0x80, 0x00, 0x80, 0x04, 0x19, 0x80, 0x04, 0x80,
    0x00, 0x80, 0x04, 0x80, 0x00, 0x80, 0x44, 0x19, 0x80, 0x44, 0x80, 0x00, 0x80, 0x04, 0x80, 0x00,
    0x80, 0x44, 0x19, 0x80, 0x04, 0x80, 0x00, 0x80, 0x44, 0x80, 0x00, 0x80, 0x44, 0x19, 0x80, 0x44,
    0x80, 0x00, 0x80, 0x44, 0x80, 0x00, 0x80, 0x44, 0xD1, 0x80, 0x40, 0x1D, 0x80, 0x40, 0x88, 0x00,
    0x80, 0x40, 0x59, 0x80, 0x40, 0x84, 0x00, 0x80, 0x40, 0x1D, 0x80, 0x40, 0x80, 0x00, 0x80, 0x40,
    0x84, 0x00, 0x80, 0x40, 0x95, 0x80, 0x40, 0x80, 0x00, 0x80, 0x40, 0x1D, 0x80, 0x40, 0x84, 0x00,
    0x80, 0x40, 0x80, 0x00, 0x80, 0x40, 0x59, 0x80, 0x40, 0x80, 0x00, 0x80, 0x40, 0x80, 0x00, 0x80,
    0x40, 0x1D, 0x80, 0x40, 0x80, 0x00, 0x80, 0x40, 0x80, 0x00, 0x80, 0x40, 0x80, 0x00, 0x80, 0x40,
    0x1D, 0x80, 0x04, 0x88, 0x00, 0x80, 0x40, 0x1D, 0x80, 0x44, 0x88, 0x00, 0x80, 0x40, 0x1D, 0x80,
    0x04, 0x80, 0x00, 0x80, 0x40, 0x84, 0x00, 0x80, 0x40, 0x1D, 0x80, 0x44, 0x80, 0x00, 0x80, 0x40,
    0x84, 0x00, 0x80, 0x40, 0x1D, 0x80, 0x04, 0x84, 0x00, 0x80, 0x40, 0x80, 0x00, 0x80, 0x40, 0x1D,
    0x80, 0x44, 0x84, 0x00, 0x80, 0x40, 0x80, 0x00, 0x80, 0x40, 0x1D, 0x80, 0x04, 0x80, 0x00, 0x80,
    0x40, 0x80, 0x00, 0x80, 0x40, 0x80, 0x00, 0x80, 0x40, 0x1D, 0x80, 0x44, 0x80, 0x00, 0x80, 0x40,
    0x80, 0x00, 0x80, 0x40, 0x80, 0x00, 0x80, 0x40, 0x59, 0x80, 0x04, 0x84, 0x00, 0x80, 0x40, 0x1D,
    0x80, 0x40, 0x80, 0x00, 0x80, 0x04, 0x84, 0x00, 0x80, 0x40, 0x59, 0x80, 0x44, 0x84, 0x00, 0x80,
    0x40, 0x1D, 0x80, 0x40, 0x80, 0x00, 0x80, 0x44, 0x84, 0x00, 0x80, 0x40, 0x59, 0x80, 0x04, 0x80,
    0x00, 0x80, 0x40, 0x80, 0x00, 0x80, 0x40, 0x1D, 0x80, 0x40, 0x80, 0x00, 0x80, 0x04, 0x80, 0x00,
    0x80, 0x40, 0x80, 0x00, 0x80, 0x40, 0x59, 0x80, 0x44, 0x80, 0x00, 0x80, 0x40, 0x80, 0x00, 0x80,
    0x40, 0x1D, 0x80, 0x40, 0x80, 0x00, 0x80, 0x44, 0x80, 0x00, 0x80, 0x40, 0x80, 0x00, 0x80, 0x40,
    0x1D, 0x80, 0x04, 0x80, 0x00, 0x80, 0x04, 0x84, 0x00, 0x80, 0x40, 0x1D, 0x80, 0x44, 0x80, 0x00,
    0x80, 0x04, 0x84, 0x00, 0x80, 0x40, 0x1D, 0x80, 0x04, 0x80, 0x00, 0x80, 0x44, 0x84, 0x00, 0x80,
    0x40, 0x1D, 0x80, 0x44, 0x80, 0x00, 0x80, 0x44, 0x84, 0x00, 0x80, 0x40, 0x1D, 0x80, 0x04, 0x80,
    0x00, 0x80, 0x04, 0x80, 0x00, 0x80, 0x40, 0x80, 0x00, 0x80, 0x40, 0x1D, 0x80, 0x44, 0x80, 0x00,
    0x80, 0x04, 0x80, 0x00, 0x80, 0x40, 0x80, 0x00, 0x80, 0x40, 0x1D, 0x80, 0x04, 0x80, 0x00, 0x80,
    0x44, 0x80, 0x00, 0x80, 0x40, 0x80, 0x00, 0x80, 0x40, 0x1D, 0x80, 0x44, 0x80, 0x00, 0x80, 0x44,
    0x80, 0x00, 0x80, 0x40, 0x80, 0x00, 0x80, 0x40, 0x95, 0x80, 0x04, 0x80, 0x00, 0x80, 0x40, 0x1D,
    0x80, 0x40, 0x84, 0x00, 0x80, 0x04, 0x80, 0x00, 0x80, 0x40, 0x59, 0x80, 0x40, 0x80, 0x00, 0x80,
    0x04, 0x80, 0x00, 0x80, 0x40, 0x1D, 0x80, 0x40, 0x80, 0x00, 0x80, 0x40, 0x80, 0x00, 0x80, 0x04,
    0x80, 0x00, 0x80, 0x40, 0x95, 0x80, 0x44, 0x80, 0x00, 0x80, 0x40, 0x1D, 0x80, 0x40, 0x84, 0x00,
    0x80, 0x44, 0x80, 0x00, 0x80, 0x40, 0x59, 0x80, 0x40, 0x80, 0x00, 0x80, 0x44, 0x80, 0x00, 0x80,
    0x40, 0x1D, 0x80, 0x40, 0x80, 0x00, 0x80, 0x40, 0x80, 0x00, 0x80, 0x44, 0x80, 0x00, 0x80, 0x40,
    0x1D, 0x80, 0x04, 0x84, 0x00, 0x80, 0x04, 0x80, 0x00, 0x80, 0x40, 0x1D, 0x80, 0x44, 0x84, 0x00,
    0x80, 0x04, 0x80, 0x00, 0x80, 0x40, 0x1D, 0x80, 0x04, 0x80, 0x00, 0x80, 0x40, 0x80, 0x00, 0x80,
    0x04, 0x80, 0x00, 0x80, 0x40, 0x1D, 0x80, 0x44, 0x80, 0x00, 0x80, 0x40, 0x80, 0x00, 0x80, 0x04,
    0x80, 0x00, 0x80, 0x40, 0x1D, 0x80, 0x04, 0x84, 0x00, 0x80, 0x44, 0x80, 0x00, 0x80, 0x40, 0x1D,
    0x80, 0x44, 0x84, 0x00, 0x80, 0x44, 0x80, 0x00, 0x80, 0x40, 0x1D, 0x80, 0x04, 0x80, 0x00, 0x80,
    0x40, 0x80, 0x00, 0x80, 0x44, 0x80, 0x00, 0x80, 0x40, 0x1D, 0x80, 0x44, 0x80, 0x00, 0x80, 0x40,
    0x80, 0x00, 0x80, 0x44, 0x80, 0x00, 0x80, 0x40, 0x59, 0x80, 0x04, 0x80, 0x00, 0x80, 0x04, 0x80,
    0x00, 0x80, 0x40, 0x1D, 0x80, 0x40, 0x80, 0x00, 0x80, 0x04, 0x80, 0x00, 0x80, 0x04, 0x80, 0x00,
    0x80, 0x40, 0x59, 0x80, 0x44, 0x80, 0x00, 0x80, 0x04, 0x80, 0x00, 0x80, 0x40, 0x1D, 0x80, 0x40,
    0x80, 0x00, 0x80, 0x44, 0x80, 0x00, 0x80, 0x04, 0x80, 0x00, 0x80, 0x40, 0x59, 0x80, 0x04, 0x80,
    0x00, 0x80, 0x44, 0x80, 0x00, 0x80, 0x40, 0x1D, 0x80, 0x40, 0x80, 0x00, 0x80, 0x04, 0x80, 0x00,
    0x80, 0x44, 0x80, 0x00, 0x80, 0x40, 0x59, 0x80, 0x44, 0x80, 0x00, 0x80, 0x44, 0x80, 0x00, 0x80,
    0x40, 0x1D, 0x80, 0x40, 0x80, 0x00, 0x80, 0x44, 0x80, 0x00, 0x80, 0x44, 0x80, 0x00, 0x80, 0x40,
    0x1D, 0x80, 0x04, 0x80, 0x00, 0x80, 0x04, 0x80, 0x00, 0x80, 0x04, 0x80, 0x00, 0x80, 0x40, 0x1D,
    0x80, 0x44, 0x80, 0x00, 0x80, 0x04, 0x80, 0x00, 0x80, 0x04, 0x80, 0x00, 0x80, 0x40, 0x1D, 0x80,
    0x04, 0x80, 0x00, 0x80, 0x44, 0x80, 0x00, 0x80, 0x04, 0x80, 0x00, 0x80, 0x40, 0x1D, 0x80, 0x44,
    0x80, 0x00, 0x80, 0x44, 0x80, 0x00, 0x80, 0x04, 0x80, 0x00, 0x80, 0x40, 0x1D, 0x80, 0x04, 0x80,
    0x00, 0x80, 0x04, 0x80, 0x00, 0x80, 0x44, 0x80, 0x00, 0x80, 0x40, 0x1D, 0x80, 0x44, 0x80, 0x00,
    0x80, 0x04, 0x80, 0x00, 0x80, 0x44, 0x80, 0x00, 0x80, 0x40, 0x1D, 0x80, 0x04, 0x80, 0x00, 0x80,
    0x44, 0x80, 0x00, 0x80, 0x44, 0x80, 0x00, 0x80, 0x40, 0x1D, 0x80, 0x44, 0x80, 0x00, 0x80, 0x44,
    0x80, 0x00, 0x80, 0x44, 0x80, 0x00, 0x80, 0x40, 0xD1, 0x80, 0x04, 0x1D, 0x80, 0x40, 0x88, 0x00,
    0x80, 0x04, 0x59, 0x80, 0x40, 0x84, 0x00, 0x80, 0x04, 0x1D, 0x80, 0x40, 0x80, 0x00, 0x80, 0x40,
    0x84, 0x00, 0x80, 0x04, 0x95, 0x80, 0x40, 0x80, 0x00, 0x80, 0x04, 0x1D, 0x80, 0x40, 0x84, 0x00,
    0x80, 0x40, 0x80, 0x00, 0x80, 0x04, 0x59, 0x80, 0x40, 0x80, 0x00, 0x80, 0x40, 0x80, 0x00, 0x80,
    0x04, 0x1D, 0x80, 0x40, 0x80, 0x00, 0x80, 0x40, 0x80, 0x00, 0x80, 0x40, 0x80, 0x00, 0x80, 0x04,
    0x1D, 0x80, 0x04, 0x88, 0x00, 0x80, 0x04, 0x1D, 0x80, 0x44, 0x88, 0x00, 0x80, 0x04, 0x1D, 0x80,
    0x04, 0x80, 0x00, 0x80, 0x40, 0x84, 0x00, 0x80, 0x04, 0x1D, 0x80, 0x44, 0x80, 0x00, 0x80, 0x40,
    0x84, 0x00, 0x80, 0x04, 0x1D, 0x80, 0x04, 0x84, 0x00, 0x80, 0x40, 0x80, 0x00, 0x80, 0x04, 0x1D,
    0x80, 0x44, 0x84, 0x00, 0x80, 0x40, 0x80, 0x00, 0x80, 0x04, 0x1D, 0x80, 0x04, 0x80, 0x00, 0x80,
    0x40, 0x80, 0x00, 0x80, 0x40, 0x80, 0x00, 0x80, 0x04, 0x1D, 0x80, 0x44, 0x80, 0x00, 0x80, 0x40,
    0x80, 0x00, 0x80, 0x40, 0x80, 0x00, 0x80, 0x04, 0x59, 0x80, 0x04, 0x84, 0x00, 0x80, 0x04, 0x1D,
    0x80, 0x40, 0x80, 0x00, 0x80, 0x04, 0x84, 0x00, 0x80, 0x04, 0x59, 0x80, 0x44, 0x84, 0x00, 0x80,
    0x04, 0x1D, 0x80, 0x40, 0x80, 0x00, 0x80, 0x44, 0x84, 0x00, 0x80, 0x04, 0x59, 0x80, 0x04, 0x80,
    0x00, 0x80, 0x40, 0x80, 0x00, 0x80, 0x04, 0x1D, 0x80, 0x40, 0x80, 0x00, 0x80, 0x04, 0x80, 0x00,
    0x80, 0x40, 0x80, 0x00, 0x80, 0x04, 0x59, 0x80, 0x44, 0x80, 0x00, 0x80, 0x40, 0x80, 0x00, 0x80,
    0x04, 0x1D, 0x80, 0x40, 0x80, 0x00, 0x80, 0x44, 0x80, 0x00, 0x80, 0x40, 0x80, 0x00, 0x80, 0x04,
    0x1D, 0x80, 0x04, 0x80, 0x00, 0x80, 0x04, 0x84, 0x00, 0x80, 0x04, 0x1D, 0x80, 0x44, 0x80, 0x00,
    0x80, 0x04, 0x84, 0x00, 0x80, 0x04, 0x1D, 0x80, 0x04, 0x80, 0x00, 0x80, 0x44, 0x84, 0x00, 0x80,
    0x04, 0x1D, 0x80, 0x44, 0x80, 0x00, 0x80, 0x44, 0x84, 0x00, 0x80, 0x04, 0x1D, 0x80, 0x04, 0x80,
    0x00, 0x80, 0x04, 0x80, 0x00, 0x80, 0x40, 0x80, 0x00, 0x80, 0x04, 0x1D, 0x80, 0x44, 0x80, 0x00,
    0x80, 0x04, 0x80, 0x00, 0x80, 0x40, 0x80, 0x00, 0x80, 0x04, 0x1D, 0x80, 0x04, 0x80, 0x00, 0x80,
    0x44, 0x80, 0x00, 0x80, 0x40, 0x80, 0x00, 0x80, 0x04, 0x1D, 0x80, 0x44, 0x80, 0x00, 0x80, 0x44,
    0x80, 0x00, 0x80, 0x40, 0x80, 0x00, 0x80, 0x04, 0x95, 0x80, 0x04, 0x80, 0x00, 0x80, 0x04, 0x1D,
    0x80, 0x40, 0x84, 0x00, 0x80, 0x04, 0x80, 0x00, 0x80, 0x04, 0x59, 0x80, 0x40, 0x80, 0x00, 0x80,
    0x04, 0x80, 0x00, 0x80, 0x04, 0x1D, 0x80, 0x40, 0x80, 0x00, 0x80, 0x40, 0x80, 0x00, 0x80, 0x04,
    0x80, 0x00, 0x80, 0x04, 0x95, 0x80, 0x44, 0x80, 0x00, 0x80, 0x04, 0x1D, 0x80, 0x40, 0x84, 0x00,
    0x80, 0x44, 0x80, 0x00, 0x80, 0x04, 0x59, 0x80, 0x40, 0x80, 0x00, 0x80, 0x44, 0x80, 0x00, 0x80,
    0x04, 0x1D, 0x80, 0x40, 0x80, 0x00, 0x80, 0x40, 0x80, 0x00, 0x80, 0x44, 0x80, 0x00, 0x80, 0x04,
    0x1D, 0x80, 0x04, 0x84, 0x00, 0x80, 0x04, 0x80, 0x00, 0x80, 0x04, 0x1D, 0x80, 0x44, 0x84, 0x00,
    0x80, 0x04, 0x80, 0x00, 0x80, 0x04, 0x1D, 0x80, 0x04, 0x80, 0x00, 0x80, 0x40, 0x80, 0x00, 0x80,
    0x04, 0x80, 0x00, 0x80, 0x04, 0x1D, 0x80, 0x44, 0x80, 0x00, 0x80, 0x40, 0x80, 0x00, 0x80, 0x04,
    0x80, 0x00, 0x80, 0x04, 0x1D, 0x80, 0x04, 0x84, 0x00, 0x80, 0x44, 0x80, 0x00, 0x80, 0x04, 0x1D,
    0x80, 0x44, 0x84, 0x00, 0x80, 0x44, 0x80, 0x00, 0x80, 0x04, 0x1D, 0x80, 0x04, 0x80, 0x00, 0x80,
    0x40, 0x80, 0x00, 0x80, 0x44, 0x80, 0x00, 0x80, 0x04, 0x1D, 0x80, 0x44, 0x80, 0x00, 0x80, 0x40,
    0x80, 0x00, 0x80, 0x44, 0x80, 0x00, 0x80, 0x04, 0x59, 0x80, 0x04, 0x80, 0x00, 0x80, 0x04, 0x80,
    0x00, 0x80, 0x04, 0x1D, 0x80, 0x40, 0x80, 0x00, 0x80, 0x04, 0x80, 0x00, 0x80, 0x04, 0x80, 0x00,
    0x80, 0x04, 0x59, 0x80, 0x44, 0x80, 0x00, 0x80, 0x04, 0x80, 0x00, 0x80, 0x04, 0x1D, 0x80, 0x40,
    0x80, 0x00, 0x80, 0x44, 0x80, 0x00, 0x80, 0x04, 0x80, 0x00, 0x80, 0x04, 0x59, 0x80, 0x04, 0x80,
    0x00, 0x80, 0x44, 0x80, 0x00, 0x80, 0x04, 0x1D, 0x80, 0x40, 0x80, 0x00, 0x80, 0x04, 0x80, 0x00,
    0x80, 0x44, 0x80, 0x00, 0x80, 0x04, 0x59, 0x80, 0x44, 0x80, 0x00, 0x80, 0x44, 0x80, 0x00, 0x80,
    0x04, 0x1D, 0x80, 0x40, 0x80, 0x00, 0x80, 0x44, 0x80, 0x00, 0x80, 0x44, 0x80, 0x00, 0x80, 0x04,
    0x1D, 0x80, 0x04, 0x80, 0x00, 0x80, 0x04, 0x80, 0x00, 0x80, 0x04, 0x80, 0x00, 0x80, 0x04, 0x1D,
    0x80, 0x44, 0x80, 0x00, 0x80, 0x04, 0x80, 0x00, 0x80, 0x04, 0x80, 0x00, 0x80, 0x04, 0x1D, 0x80,
    0x04, 0x80, 0x00, 0x80, 0x44, 0x80, 0x00, 0x80, 0x04, 0x80, 0x00, 0x80, 0x04, 0x1D, 0x80, 0x44,
    0x80, 0x00, 0x80, 0x44, 0x80, 0x00, 0x80, 0x04, 0x80, 0x00, 0x80, 0x04, 0x1D, 0x80, 0x04, 0x80,
    0x00, 0x80, 0x04, 0x80, 0x00, 0x80, 0x44, 0x80, 0x00, 0x80, 0x04, 0x1D, 0x80, 0x44, 0x80, 0x00,
    0x80, 0x04, 0x80, 0x00, 0x80, 0x44, 0x80, 0x00, 0x80, 0x04, 0x1D, 0x80, 0x04, 0x80, 0x00, 0x80,
    0x44, 0x80, 0x00, 0x80, 0x44, 0x80, 0x00, 0x80, 0x04, 0x1D, 0x80, 0x44, 0x80, 0x00, 0x80, 0x44,
    0x80, 0x00, 0x80, 0x44, 0x80, 0x00, 0x80, 0x04, 0xD1, 0x80, 0x44, 0x1D, 0x80, 0x40, 0x88, 0x00,
    0x80, 0x44, 0x59, 0x80, 0x40, 0x84, 0x00, 0x80, 0x44, 0x1D, 0x80, 0x40, 0x80, 0x00, 0x80, 0x40,
    0x84, 0x00, 0x80, 0x44, 0x95, 0x80, 0x40, 0x80, 0x00, 0x80, 0x44, 0x1D, 0x80, 0x40, 0x84, 0x00,
    0x80, 0x40, 0x80, 0x00, 0x80, 0x44, 0x59, 0x80, 0x40, 0x80, 0x00, 0x80, 0x40, 0x80, 0x00, 0x80,
    0x44, 0x1D, 0x80, 0x40, 0x80, 0x00, 0x80, 0x40, 0x80, 0x00, 0x80, 0x40, 0x80, 0x00, 0x80, 0x44,
    0x1D, 0x80, 0x04, 0x88, 0x00, 0x80, 0x44, 0x1D, 0x80, 0x44, 0x88, 0x00, 0x80, 0x44, 0x1D, 0x80,
    0x04, 0x80, 0x00, 0x80, 0x40, 0x84, 0x00, 0x80, 0x44, 0x1D, 0x80, 0x44, 0x80, 0x00, 0x80, 0x40,
    0x84, 0x00, 0x80, 0x44, 0x1D, 0x80, 0x04, 0x84, 0x00, 0x80, 0x40, 0x80, 0x00, 0x80, 0x44, 0x1D,
    0x80, 0x44, 0x84, 0x00, 0x80, 0x40, 0x80, 0x00, 0x80, 0x44, 0x1D, 0x80, 0x04, 0x80, 0x00, 0x80,
    0x40, 0x80, 0x00, 0x80, 0x40, 0x80, 0x00, 0x80, 0x44, 0x1D, 0x80, 0x44, 0x80, 0x00, 0x80, 0x40,
    0x80, 0x00, 0x80, 0x40, 0x80, 0x00, 0x80, 0x44, 0x59, 0x80, 0x04, 0x84, 0x00, 0x80, 0x44, 0x1D,
    0x80, 0x40, 0x80, 0x00, 0x80, 0x04, 0x84, 0x00, 0x80, 0x44, 0x59, 0x80, 0x44, 0x84, 0x00, 0x80,
    0x44, 0x1D, 0x80, 0x40, 0x80, 0x00, 0x80, 0x44, 0x84, 0x00, 0x80, 0x44, 0x59, 0x80, 0x04, 0x80,
    0x00, 0x80, 0x40, 0x80, 0x00, 0x80, 0x44, 0x1D, 0x80, 0x40, 0x80, 0x00, 0x80, 0x04, 0x80, 0x00,
    0x80, 0x40, 0x80, 0x00, 0x80, 0x44, 0x59, 0x80, 0x44, 0x80, 0x00, 0x80, 0x40, 0x80, 0x00, 0x80,
    0x44, 0x1D, 0x80, 0x40, 0x80, 0x00, 0x80, 0x44, 0x80, 0x00, 0x80, 0x40, 0x80, 0x00, 0x80, 0x44,
    0x1D, 0x80, 0x04, 0x80, 0x00, 0x80, 0x04, 0x84, 0x00, 0x80, 0x44, 0x1D, 0x80, 0x44, 0x80, 0x00,
    0x80, 0x04, 0x84, 0x00, 0x80, 0x44, 0x1D, 0x80, 0x04, 0x80, 0x00, 0x80, 0x44, 0x84, 0x00, 0x80,
    0x44, 0x1D, 0x80, 0x44, 0x80, 0x00, 0x80, 0x44, 0x84, 0x00, 0x80, 0x44, 0x1D, 0x80, 0x04, 0x80,
    0x00, 0x80, 0x04, 0x80, 0x00, 0x80, 0x40, 0x80, 0x00, 0x80, 0x44, 0x1D, 0x80, 0x44, 0x80, 0x00,
    0x80, 0x04, 0x80, 0x00, 0x80, 0x40, 0x80, 0x00, 0x80, 0x44, 0x1D, 0x80, 0x04, 0x80, 0x00, 0x80,
    0x44, 0x80, 0x00, 0x80, 0x40, 0x80, 0x00, 0x80, 0x44, 0x1D, 0x80, 0x44, 0x80, 0x00, 0x80, 0x44,
    0x80, 0x00, 0x80, 0x40, 0x80, 0x00, 0x80, 0x44, 0x95, 0x80, 0x04, 0x80, 0x00, 0x80, 0x44, 0x1D,
    0x80, 0x40, 0x84, 0x00, 0x80, 0x04, 0x80, 0x00, 0x80, 0x44, 0x59, 0x80, 0x40, 0x80, 0x00, 0x80,
    0x04, 0x80, 0x00, 0x80, 0x44, 0x1D, 0x80, 0x40, 0x80, 0x00, 0x80, 0x40, 0x80, 0x00, 0x80, 0x04,
    0x80, 0x00, 0x80, 0x44, 0x95, 0x80, 0x44, 0x80, 0x00, 0x80, 0x44, 0x1D, 0x80, 0x40, 0x84, 0x00,
    0x80, 0x44, 0x80, 0x00, 0x80, 0x44, 0x59, 0x80, 0x40, 0x80, 0x00, 0x80, 0x44, 0x80, 0x00, 0x80,
    0x44, 0x1D, 0x80, 0x40, 0x80, 0x00, 0x80, 0x40, 0x80, 0x00, 0x80, 0x44, 0x80, 0x00, 0x80, 0x44,
    0x1D, 0x80, 0x04, 0x84, 0x00, 0x80, 0x04, 0x80, 0x00, 0x80, 0x44, 0x1D, 0x80, 0x44, 0x84, 0x00,
    0x80, 0x04, 0x80, 0x00, 0x80, 0x44, 0x1D, 0x80, 0x04, 0x80, 0x00, 0x80, 0x40, 0x80, 0x00, 0x80,
    0x04, 0x80, 0x00, 0x80, 0x44, 0x1D, 0x80, 0x44, 0x80, 0x00, 0x80, 0x40, 0x80, 0x00, 0x80, 0x04,
    0x80, 0x00, 0x80, 0x44, 0x1D, 0x80, 0x04, 0x84, 0x00, 0x80, 0x44, 0x80, 0x00, 0x80, 0x44, 0x1D,
    0x80, 0x44, 0x84, 0x00, 0x80, 0x44, 0x80, 0x00, 0x80, 0x44, 0x1D, 0x80, 0x04, 0x80, 0x00, 0x80,
    0x40, 0x80, 0x00, 0x80, 0x44, 0x80, 0x00, 0x80, 0x44, 0x1D, 0x80, 0x44, 0x80, 0x00, 0x80, 0x40,
    0x80, 0x00, 0x80, 0x44, 0x80, 0x00, 0x80, 0x44, 0x59, 0x80, 0x04, 0x80, 0x00, 0x80, 0x04, 0x80,
    0x00, 0x80, 0x44, 0x1D, 0x80, 0x40, 0x80, 0x00, 0x80, 0x04, 0x80, 0x00, 0x80, 0x04, 0x80, 0x00,
    0x80, 0x44, 0x59, 0x80, 0x44, 0x80, 0x00, 0x80, 0x04, 0x80, 0x00, 0x80, 0x44, 0x1D, 0x80, 0x40,
    0x80, 0x00, 0x80, 0x44, 0x80, 0x00, 0x80, 0x04, 0x80, 0x00, 0x80, 0x44, 0x59, 0x80, 0x04, 0x80,
    0x00, 0x80, 0x44, 0x80, 0x00, 0x80, 0x44, 0x1D, 0x80, 0x40, 0x80, 0x00, 0x80, 0x04, 0x80, 0x00,
    0x80, 0x44, 0x80, 0x00, 0x80, 0x44, 0x59, 0x80, 0x44, 0x80, 0x00, 0x80, 0x44, 0x80, 0x00, 0x80,
    0x44, 0x1D, 0x80, 0x40, 0x80, 0x00, 0x80, 0x44, 0x80, 0x00, 0x80, 0x44, 0x80, 0x00, 0x80, 0x44,
    0x1D, 0x80, 0x04, 0x80, 0x00, 0x80, 0x04, 0x80, 0x00, 0x80, 0x04, 0x80, 0x00, 0x80, 0x44, 0x1D,
    0x80, 0x44, 0x80, 0x00, 0x80, 0x04, 0x80, 0x00, 0x80, 0x04, 0x80, 0x00, 0x80, 0x44, 0x1D, 0x80,
    0x04, 0x80, 0x00, 0x80, 0x44, 0x80, 0x00, 0x80, 0x04, 0x80, 0x00, 0x80, 0x44, 0x1D, 0x80, 0x44,
    0x80, 0x00, 0x80, 0x44, 0x80, 0x00, 0x80, 0x04, 0x80, 0x00, 0x80, 0x44, 0x1D, 0x80, 0x04, 0x80,
    0x00, 0x80, 0x04, 0x80, 0x00, 0x80, 0x44, 0x80, 0x00, 0x80, 0x44, 0x1D, 0x80, 0x44, 0x80, 0x00,
    0x80, 0x04, 0x80, 0x00, 0x80, 0x44, 0x80, 0x00, 0x80, 0x44, 0x1D, 0x80, 0x04, 0x80, 0x00, 0x80,
    0x44, 0x80, 0x00, 0x80, 0x44, 0x80, 0x00, 0x80, 0x44, 0x1D, 0x80, 0x44, 0x80, 0x00, 0x80, 0x44,
    0x80, 0x00, 0x80, 0x44, 0x80, 0x00, 0x80, 0x44, 0x56, 0x80, 0x42, 0x81, 0x00, 0x80, 0x42, 0x0F,
    0x0A, 0x80, 0x80, 0x88, 0x9C, 0xAA, 0x88, 0x88, 0x88, 0x10, 0x20, 0x40, 0x83, 0x80, 0x1C, 0x83,
    0x80, 0x07, 0xF8, 0x00, 0x11, 0x19, 0x15, 0x13, 0x11, 0x11, 0x1C, 0x00, 0x38, 0x82, 0x44, 0x04,
    0xFE, 0xFE, 0xEE, 0xC6, 0xEE, 0x81, 0xFE, 0x0F, 0x0F, 0x80, 0xC0, 0xE0, 0xF0, 0xF8, 0xFC, 0xFE,
    0xFF, 0xFF, 0xFE, 0xFC, 0xF8, 0xF0, 0xE0, 0xC0, 0x80, 0x0F, 0x0F, 0x80, 0x40, 0x20, 0x10, 0x08,
    0x04, 0x02, 0x01, 0x01, 0x02, 0x04, 0x08, 0x10, 0x20, 0x40, 0x80, 0x0F, 0x0F, 0x01, 0x03, 0x07,
    0x0F, 0x1F, 0x3F, 0x7F, 0xFF, 0xFF, 0x7F, 0x3F, 0x1F, 0x0F, 0x07, 0x03, 0x01, 0x0F, 0x0F, 0x01,
    0x02, 0x04, 0x08, 0x10, 0x20, 0x40, 0x80, 0x80, 0x40, 0x20, 0x10, 0x08, 0x04, 0x02, 0x01, 0x29,
    0x00, 0x7E, 0x86, 0x42, 0x00, 0x7E,
};

static const uint16_t r_idx_0000_0000[] = {
    0x0000,
};

static const uint16_t r_idx_0020_007E[] = {
    0x000C, 0x000F, 0x0016, 0x0019, 0x0023, 0x0032, 0x003E, 0x004A,
    0x004D, 0x0056, 0x005F, 0x0066, 0x006D, 0x0072, 0x0075, 0x0078,
    0x0083, 0x008F, 0x0098, 0x00A4, 0x00B0, 0x00BB, 0x00C7, 0x00D2,
    0x00DD, 0x00E8, 0x00F3, 0x00FA, 0x0103, 0x010E, 0x0114, 0x011F,
    0x012B, 0x0137, 0x0140, 0x014B, 0x0156, 0x015F, 0x016A, 0x0173,
    0x017F, 0x0186, 0x018D, 0x0196, 0x01A2, 0x01A7, 0x01B0, 0x01BA,
    0x01C1, 0x01CA, 0x01D3, 0x01DE, 0x01EA, 0x01EF, 0x01F4, 0x01FB,
    0x0204, 0x020F, 0x0218, 0x0224, 0x022B, 0x0236, 0x023D, 0x0242,
    0x0245, 0x0249, 0x0252, 0x025B, 0x0264, 0x026D, 0x0276, 0x027E,
    0x0288, 0x028F, 0x0299, 0x02A5, 0x02B0, 0x02B7, 0x02BC, 0x02C1,
    0x02C8, 0x02D1, 0x02DA, 0x02E0, 0x02E9, 0x02F2, 0x02F7, 0x02FE,
    0x0305, 0x030E, 0x0316, 0x031F, 0x032A, 0x032D, 0x0338,
};

static const uint16_t r_idx_00A0_017F[] = {
    0x000C, 0x033D, 0x0344, 0x0351, 0x035D, 0x0366, 0x0372, 0x0379,
    0x0387, 0x038A, 0x0395, 0x039E, 0x03A7, 0x03AC, 0x03AF, 0x03BA,
    0x03BD, 0x03C3, 0x03CC, 0x03D4, 0x03DC, 0x03E0, 0x03E8, 0x03F1,
    0x03F4, 0x03F9, 0x0401, 0x040A, 0x0413, 0x0422, 0x0431, 0x0440,
    0x044C, 0x0458, 0x0464, 0x0470, 0x047C, 0x0488, 0x0494, 0x049F,
    0x04AD, 0x04BB, 0x04C9, 0x04D7, 0x04E5, 0x04EF, 0x04F9, 0x0503,
    0x050D, 0x0519, 0x0526, 0x0530, 0x053A, 0x0544, 0x054E, 0x0558,
    0x0560, 0x056C, 0x0574, 0x057C, 0x0585, 0x058E, 0x0599, 0x05A4,
    0x05B0, 0x05BC, 0x05C8, 0x05D4, 0x05E0, 0x05EC, 0x05F8, 0x0601,
    0x060D, 0x0619, 0x0625, 0x0631, 0x063D, 0x0647, 0x0651, 0x065B,
    0x0665, 0x066F, 0x0677, 0x0681, 0x068B, 0x0695, 0x069F, 0x06A9,
    0x06B2, 0x06BC, 0x06C5, 0x06CE, 0x06D7, 0x06E0, 0x06EC, 0x06F7,
    0x0703, 0x070E, 0x0719, 0x0725, 0x0731, 0x073E, 0x074A, 0x0758,
    0x0764, 0x0772, 0x077E, 0x078C, 0x0798, 0x07A6, 0x07B2, 0x07BE,
    0x050D, 0x07CA, 0x07D4, 0x07E1, 0x07EC, 0x07FA, 0x0806, 0x0814,
    0x0820, 0x082E, 0x07EC, 0x07FA, 0x083A, 0x0848, 0x0855, 0x0863,
    0x0870, 0x087E, 0x088B, 0x089B, 0x08A9, 0x08B4, 0x08BE, 0x08C7,
    0x08CF, 0x08D9, 0x08E3, 0x08EC, 0x08F5, 0x08FF, 0x0909, 0x0913,
    0x0920, 0x092A, 0x0931, 0x093A, 0x0947, 0x0953, 0x095F, 0x096F,
    0x097E, 0x0987, 0x0990, 0x099A, 0x09A3, 0x09AE, 0x09B6, 0x09C0,
    0x09C9, 0x09D4, 0x09DE, 0x09EA, 0x09F7, 0x09FF, 0x0A0E, 0x0A18,
    0x0A25, 0x0A2D, 0x0A36, 0x0A44, 0x0A4D, 0x0A56, 0x0A5F, 0x0A69,
    0x0A73, 0x0A7D, 0x0A87, 0x0A92, 0x0A9B, 0x0AA9, 0x0AB2, 0x0AC1,
    0x0ACC, 0x0ADA, 0x0AE3, 0x0AF1, 0x0AFD, 0x0B0B, 0x0B17, 0x0B26,
    0x0B32, 0x0B40, 0x0B4C, 0x0B55, 0x0B61, 0x0B69, 0x0B75, 0x0B7E,
    0x0B89, 0x0B92, 0x0B9B, 0x0BA3, 0x0BAB, 0x0BB3, 0x0BBC, 0x0BC5,
    0x0BCE, 0x0BD7, 0x0BE0, 0x0BE8, 0x0BF0, 0x0BFD, 0x0C08, 0x0C14,
    0x0C20, 0x0C2C, 0x0C3A, 0x0C46, 0x0C54, 0x0C60, 0x0C6E, 0x0C7A,
};

static const uint16_t r_idx_0186_0186[] = {
    0x0C7F,
};

static const uint16_t r_idx_018E_0192[] = {
    0x0C8A, 0x0C95, 0x0CA0, 0x011F, 0x0CAC,
};

static const uint16_t r_idx_019D_019E[] = {
    0x0CB8, 0x0CC6,
};

static const uint16_t r_idx_01B5_01B7[] = {
    0x0CCD, 0x0CD9, 0x0CE2,
};

static const uint16_t r_idx_01CD_01D4[] = {
    0x0719, 0x0725, 0x08F5, 0x08FF, 0x0A5F, 0x0A69, 0x0BAB, 0x0BB3,
};

static const uint16_t r_idx_01E2_01F5[] = {
    0x0CEE, 0x0CFB, 0x0D06, 0x0D12, 0x0855, 0x0863, 0x0D1E, 0x0D2C,
    0x0D3A, 0x0D44, 0x0D4E, 0x0D5A, 0x0D66, 0x0D74, 0x0D83, 0x011F,
    0x011F, 0x011F, 0x0D8F, 0x0D9D,
};

static const uint16_t r_idx_01FC_01FF[] = {
    0x0DAA, 0x0DB8, 0x0DC4, 0x0DD2,
};

static const uint16_t r_idx_0218_021B[] = {
    0x0DDE, 0x0DEE, 0x0DFB, 0x0E05,
};

static const uint16_t r_idx_0232_0237[] = {
    0x0E12, 0x0E1D, 0x011F, 0x011F, 0x011F, 0x0E28,
};

static const uint16_t r_idx_0254_025B[] = {
    0x0E31, 0x011F, 0x011F, 0x011F, 0x0E3A, 0x0E43, 0x011F, 0x0E4C,
};

static const uint16_t r_idx_0272_0272[] = {
    0x0E55,
};

static const uint16_t r_idx_0292_0292[] = {
    0x0E5E,
};

static const uint16_t r_idx_02BB_02BD[] = {
    0x0E6A, 0x0E6F, 0x0E74,
};

static const uint16_t r_idx_02C6_02C7[] = {
    0x0E79, 0x0E7D,
};

static const uint16_t r_idx_02D8_02DD[] = {
    0x0E7D, 0x0E81, 0x011F, 0x0E84, 0x0E89, 0x0E8D,
};

static const uint16_t r_idx_0300_030C[] = {
    0x0245, 0x03DC, 0x0E79, 0x0E89, 0x03BA, 0x0E91, 0x0E7D, 0x0E81,
    0x0387, 0x011F, 0x0E94, 0x0E8D, 0x0E7D,
};

static const uint16_t r_idx_0329_0329[] = {
    0x0E99,
};

static const uint16_t r_idx_0384_03D5[] = {
    0x0E9C, 0x0EA0, 0x0EA6, 0x0EB1, 0x0EB4, 0x0EC1, 0x0ECB, 0x011F,
    0x0ED4, 0x011F, 0x0EDD, 0x0EE9, 0x0EF4, 0x0137, 0x0140, 0x0F00,
    0x0F05, 0x015F, 0x0218, 0x017F, 0x0F10, 0x0186, 0x0196, 0x0F1B,
    0x01A7, 0x01B0, 0x0F24, 0x01BA, 0x0F2F, 0x01C1, 0x011F, 0x0F34,
    0x01EA, 0x020F, 0x0F40, 0x0204, 0x0F49, 0x0F50, 0x0503, 0x0C20,
    0x0F59, 0x0F65, 0x0F71, 0x0F7B, 0x0F85, 0x0F90, 0x0F99, 0x0FA6,
    0x0FAF, 0x0E4C, 0x0FB9, 0x0CC6, 0x0FC7, 0x0FD2, 0x097E, 0x0FD9,
    0x03E0, 0x02F7, 0x0FE4, 0x02C1, 0x0FF2, 0x0FF7, 0x1000, 0x100B,
    0x1012, 0x1019, 0x101E, 0x1027, 0x1032, 0x1039, 0x1041, 0x104B,
    0x0681, 0x1054, 0x105D, 0x011F, 0x011F, 0x1068, 0x011F, 0x011F,
    0x011F, 0x1074,
};

static const uint16_t r_idx_03F0_03F6[] = {
    0x107D, 0x1086, 0x025B, 0x0299, 0x1090, 0x109B, 0x10A4,
};

static const uint16_t r_idx_0400_0463[] = {
    0x04AD, 0x04D7, 0x10AD, 0x10B7, 0x10BF, 0x01DE, 0x0186, 0x0503,
    0x018D, 0x10CB, 0x10D5, 0x10DF, 0x10E7, 0x10F5, 0x1102, 0x110E,
    0x0137, 0x1115, 0x0140, 0x0F00, 0x111F, 0x015F, 0x1127, 0x00A4,
    0x1130, 0x113A, 0x0196, 0x1147, 0x01A7, 0x017F, 0x01BA, 0x0F2F,
    0x01C1, 0x014B, 0x01EA, 0x114F, 0x1158, 0x0204, 0x1161, 0x1168,
    0x116F, 0x1174, 0x117B, 0x1185, 0x0252, 0x118E, 0x119A, 0x11A5,
    0x0249, 0x11B0, 0x11BA, 0x11C5, 0x027E, 0x026D, 0x11CA, 0x11D3,
    0x02F2, 0x0BB3, 0x097E, 0x11DC, 0x11E3, 0x11EB, 0x02C1, 0x0FF2,
    0x02C8, 0x025B, 0x11F2, 0x030E, 0x1074, 0x0305, 0x11F7, 0x11FE,
    0x1205, 0x120A, 0x1211, 0x121A, 0x1223, 0x122C, 0x1235, 0x123E,
    0x060D, 0x0631, 0x1247, 0x1253, 0x125B, 0x02E0, 0x028F, 0x065B,
    0x0299, 0x1264, 0x126D, 0x08C7, 0x1276, 0x06BC, 0x1282, 0x128E,
    0x011F, 0x011F, 0x1295, 0x129F,
};

static const uint16_t r_idx_046A_046B[] = {
    0x12AB, 0x12B5,
};

static const uint16_t r_idx_0490_04A5[] = {
    0x12BE, 0x12C5, 0x12CC, 0x12D5, 0x12DD, 0x12E9, 0x12F4, 0x1301,
    0x130C, 0x131A, 0x1325, 0x1333, 0x133E, 0x134A, 0x011F, 0x011F,
    0x1353, 0x135F, 0x1368, 0x1373, 0x137D, 0x1386,
};

static const uint16_t r_idx_04AA_04BB[] = {
    0x138E, 0x139B, 0x011F, 0x011F, 0x020F, 0x0FA6, 0x13A6, 0x13B1,
    0x13BD, 0x13CB, 0x011F, 0x011F, 0x13D6, 0x13E1, 0x13EB, 0x13F6,
    0x13FF, 0x1406,
};

static const uint16_t r_idx_04C0_04C2[] = {
    0x0186, 0x140D, 0x141A,
};

static const uint16_t r_idx_04CF_04F9[] = {
    0x02B0, 0x0719, 0x0725, 0x047C, 0x05E0, 0x0494, 0x05F8, 0x07EC,
    0x07FA, 0x0C95, 0x0E43, 0x1426, 0x1434, 0x1440, 0x144D, 0x1459,
    0x1467, 0x011F, 0x011F, 0x1473, 0x0BA3, 0x1480, 0x06D7, 0x054E,
    0x069F, 0x1090, 0x148E, 0x1497, 0x14A5, 0x14B1, 0x14BF, 0x14CB,
    0x0E1D, 0x14D7, 0x06F7, 0x14E4, 0x14F1, 0x14FD, 0x1508, 0x011F,
    0x011F, 0x1513, 0x1520,
};

static const uint16_t r_idx_05D0_05EA[] = {
    0x152C, 0x1538, 0x153F, 0x1549, 0x154E, 0x1555, 0x155A, 0x1560,
    0x1565, 0x156C, 0x1571, 0x1576, 0x157D, 0x1589, 0x1590, 0x1598,
    0x159D, 0x15A4, 0x15AB, 0x15B5, 0x15BE, 0x15C9, 0x15D2, 0x15DE,
    0x15EA, 0x15EF, 0x15F8,
};

static const uint16_t r_idx_1E0C_1E0D[] = {
    0x15FF, 0x160B,
};

static const uint16_t r_idx_1E34_1E37[] = {
    0x1617, 0x1625, 0x1632, 0x163A,
};

static const uint16_t r_idx_1E40_1E47[] = {
    0x1644, 0x164F, 0x1657, 0x1664, 0x166D, 0x1679, 0x1681, 0x168F,
};

static const uint16_t r_idx_1E6C_1E6D[] = {
    0x1698, 0x16A1,
};

static const uint16_t r_idx_1EB8_1EBD[] = {
    0x16AD, 0x16BB, 0x011F, 0x011F, 0x16C7, 0x16D5,
};

static const uint16_t r_idx_1ECA_1ECD[] = {
    0x16E1, 0x16EB, 0x16F8, 0x1702,
};

static const uint16_t r_idx_1EE4_1EE5[] = {
    0x170C, 0x1714,
};

static const uint16_t r_idx_1EF8_1EF9[] = {
    0x171C, 0x1728,
};

static const uint16_t r_idx_2000_2026[] = {
    0x000C, 0x000C, 0x000C, 0x000C, 0x000C, 0x000C, 0x000C, 0x000C,
    0x000C, 0x000C, 0x000C, 0x000C, 0x000C, 0x000C, 0x000C, 0x000C,
    0x03AC, 0x03AC, 0x0072, 0x0072, 0x1734, 0x1734, 0x1737, 0x173A,
    0x173F, 0x1744, 0x1749, 0x174E, 0x1753, 0x1758, 0x175D, 0x1762,
    0x1767, 0x176E, 0x1779, 0x011F, 0x011F, 0x011F, 0x177F,
};

static const uint16_t r_idx_2030_2033[] = {
    0x1782, 0x011F, 0x178E, 0x1791,
};

static const uint16_t r_idx_2039_203E[] = {
    0x1794, 0x179D, 0x011F, 0x17A6, 0x011F, 0x0E91,
};

static const uint16_t r_idx_2070_209A[] = {
    0x17AD, 0x17B4, 0x011F, 0x011F, 0x17BD, 0x17C5, 0x17CD, 0x17D5,
    0x17DD, 0x17E5, 0x17ED, 0x17F4, 0x17F7, 0x17FC, 0x1803, 0x180A,
    0x180F, 0x1816, 0x181E, 0x1826, 0x182E, 0x1836, 0x183E, 0x1846,
    0x184E, 0x1856, 0x185E, 0x1865, 0x1868, 0x186D, 0x1874, 0x011F,
    0x187B, 0x1882, 0x1889, 0x1890, 0x1897, 0x189E, 0x18A5, 0x18AE,
    0x18B5, 0x011F, 0x18BA,
};

static const uint16_t r_idx_20A7_20AE[] = {
    0x18C3, 0x011F, 0x011F, 0x18CF, 0x011F, 0x18DA, 0x011F, 0x18E5,
};

static const uint16_t r_idx_2102_2102[] = {
    0x18F0,
};

static const uint16_t r_idx_210E_210F[] = {
    0x0288, 0x08C7,
};

static const uint16_t r_idx_2115_211D[] = {
    0x18FB, 0x1907, 0x011F, 0x011F, 0x011F, 0x1912, 0x011F, 0x011F,
    0x191B,
};

static const uint16_t r_idx_2122_2126[] = {
    0x1926, 0x011F, 0x192C, 0x011F, 0x0F50,
};

static const uint16_t r_idx_2135_2135[] = {
    0x1938,
};

static const uint16_t r_idx_2190_2195[] = {
    0x1944, 0x194B, 0x1952, 0x1959, 0x1960, 0x1967,
};

static const uint16_t r_idx_21A4_21A8[] = {
    0x1972, 0x011F, 0x1979, 0x011F, 0x1980,
};

static const uint16_t r_idx_21B2_21B5[] = {
    0x198C, 0x1995, 0x011F, 0x199E,
};

static const uint16_t r_idx_21BB_21BB[] = {
    0x19A7,
};

static const uint16_t r_idx_21CB_21D5[] = {
    0x19B1, 0x19BA, 0x011F, 0x011F, 0x011F, 0x19C3, 0x19CA, 0x19D1,
    0x19D8, 0x19DF, 0x19E6,
};

static const uint16_t r_idx_2200_220D[] = {
    0x19F1, 0x011F, 0x011F, 0x19FC, 0x1A07, 0x1A14, 0x0F05, 0x1A20,
    0x1A2B, 0x1A36, 0x1A43, 0x1A4C, 0x1A57, 0x1A64,
};

static const uint16_t r_idx_2212_221F[] = {
    0x0072, 0x1A6D, 0x1A76, 0x1A80, 0x1A89, 0x011F, 0x011F, 0x1A92,
    0x1A95, 0x011F, 0x011F, 0x011F, 0x1AA0, 0x1AA7,
};

static const uint16_t r_idx_2225_222A[] = {
    0x1737, 0x011F, 0x1AAC, 0x1AB5, 0x1ABE, 0x1AC3,
};

static const uint16_t r_idx_2248_2248[] = {
    0x1AC8,
};

static const uint16_t r_idx_2260_2265[] = {
    0x1ACF, 0x1AD7, 0x011F, 0x011F, 0x1AE0, 0x1AEB,
};

static const uint16_t r_idx_226A_226B[] = {
    0x1AF6, 0x1B01,
};

static const uint16_t r_idx_2282_2287[] = {
    0x1B0C, 0x1B13, 0x011F, 0x011F, 0x1B1A, 0x1B23,
};

static const uint16_t r_idx_22A5_22A5[] = {
    0x1B2C,
};

static const uint16_t r_idx_22C2_22C3[] = {
    0x1B31, 0x01EF,
};

static const uint16_t r_idx_2300_2302[] = {
    0x1A14, 0x011F, 0x1B36,
};

static const uint16_t r_idx_2308_230B[] = {
    0x1B3F, 0x1B44, 0x1B49, 0x1B4E,
};

static const uint16_t r_idx_2310_2310[] = {
    0x1B53,
};

static const uint16_t r_idx_2319_2319[] = {
    0x1B58,
};

static const uint16_t r_idx_2320_2321[] = {
    0x1B5D, 0x1B64,
};

static const uint16_t r_idx_239B_23AF[] = {
    0x1B6B, 0x1B75, 0x1B78, 0x1B82, 0x1B8C, 0x1B8F, 0x1B99, 0x1B75,
    0x1B9E, 0x1BA3, 0x1B8C, 0x1BA8, 0x1BAD, 0x1BB3, 0x1BBA, 0x011F,
    0x1BC0, 0x1BC6, 0x1BCD, 0x1BD3, 0x1BD6,
};

static const uint16_t r_idx_23BA_23BD[] = {
    0x1BD9, 0x1BDC, 0x1BDF, 0x1BE2,
};

static const uint16_t r_idx_23D0_23D0[] = {
    0x1BD3,
};

static const uint16_t r_idx_2409_240D[] = {
    0x1BE5, 0x1BF1, 0x1BFC, 0x1C08, 0x1C16,
};

static const uint16_t r_idx_2424_2424[] = {
    0x1C25,
};

static const uint16_t r_idx_2500_2503[] = {
    0x1BD6, 0x1C32, 0x1BD3, 0x1C35,
};

static const uint16_t r_idx_2508_254B[] = {
    0x1C38, 0x1C3B, 0x1C3E, 0x1C4D, 0x1C5C, 0x1C61, 0x1C66, 0x1C6B,
    0x1C70, 0x1C75, 0x1C7A, 0x1C7F, 0x1C84, 0x1C89, 0x1C8E, 0x1C93,
    0x1C98, 0x1C9D, 0x1CA2, 0x1CA7, 0x1CAC, 0x1CB3, 0x1CBA, 0x1CC1,
    0x1CC8, 0x1CCF, 0x1CD6, 0x1CDD, 0x1CE4, 0x1CEB, 0x1CF2, 0x1CF9,
    0x1D00, 0x1D07, 0x1D0E, 0x1D15, 0x1D1C, 0x1D21, 0x1D27, 0x1D2D,
    0x1D32, 0x1D37, 0x1D3D, 0x1D43, 0x1D48, 0x1D4D, 0x1D53, 0x1D59,
    0x1D5E, 0x1D63, 0x1D69, 0x1D6F, 0x1D74, 0x1D7B, 0x1D83, 0x1D8B,
    0x1D92, 0x1D99, 0x1DA0, 0x1DA7, 0x1DAF, 0x1DB7, 0x1DBF, 0x1DC7,
    0x1DCE, 0x1DD5, 0x1DDD, 0x1DE5,
};

static const uint16_t r_idx_2550_25A0[] = {
    0x1DEC, 0x1DF1, 0x1DF4, 0x1DFB, 0x1E00, 0x1E07, 0x1E0E, 0x1E13,
    0x1E1A, 0x1E21, 0x1E26, 0x1E2D, 0x1E34, 0x1E39, 0x1E40, 0x1E49,
    0x1E50, 0x1E59, 0x1E62, 0x1E69, 0x1E72, 0x1E79, 0x1E7E, 0x1E85,
    0x1E8C, 0x1E91, 0x1E98, 0x1EA1, 0x1EA8, 0x1EB1, 0x1EB7, 0x1EBD,
    0x1EC3, 0x1EC9, 0x1EDA, 0x1EEB, 0x1EFA, 0x1EFD, 0x1F00, 0x1F03,
    0x1F06, 0x1F09, 0x1F0C, 0x1F0F, 0x1F12, 0x1F16, 0x1F1B, 0x1F1F,
    0x1F24, 0x1F27, 0x1F2A, 0x1F2D, 0x1F30, 0x1F33, 0x1F36, 0x1F39,
    0x1F3C, 0x1F3F, 0x1F42, 0x1F45, 0x1F48, 0x1F4B, 0x1F4E, 0x1F51,
    0x1F54, 0x1F57, 0x1F69, 0x1F7B, 0x011F, 0x011F, 0x1F8D, 0x1F90,
    0x1F93, 0x1F96, 0x1F9B, 0x1FA0, 0x1FA5, 0x1FAA, 0x1FAD, 0x1FB2,
    0x1FB7,
};

static const uint16_t r_idx_25AC_25CF[] = {
    0x1FBA, 0x011F, 0x1FBD, 0x011F, 0x011F, 0x011F, 0x1FC0, 0x011F,
    0x011F, 0x011F, 0x1FC9, 0x011F, 0x011F, 0x011F, 0x1FC9, 0x011F,
    0x1FD2, 0x011F, 0x011F, 0x011F, 0x1FDB, 0x011F, 0x011F, 0x011F,
    0x1FDB, 0x011F, 0x1FE4, 0x011F, 0x011F, 0x011F, 0x1FED, 0x1FF6,
    0x011F, 0x011F, 0x011F, 0x1779,
};

static const uint16_t r_idx_25D8_25D9[] = {
    0x1FFC, 0x2006,
};

static const uint16_t r_idx_263A_2642[] = {
    0x2010, 0x201C, 0x2028, 0x011F, 0x011F, 0x011F, 0x2033, 0x011F,
    0x203E,
};

static const uint16_t r_idx_2660_266B[] = {
    0x2049, 0x011F, 0x011F, 0x2055, 0x011F, 0x2061, 0x1FE4, 0x011F,
    0x011F, 0x011F, 0x206A, 0x2073,
};

static const uint16_t r_idx_2713_2718[] = {
    0x207D, 0x2088, 0x011F, 0x011F, 0x2093, 0x209F,
};

static const uint16_t r_idx_27E8_27EB[] = {
    0x20AB, 0x20B6, 0x20C1, 0x20CC,
};

static const uint16_t r_idx_2800_28FF[] = {
    0x000C, 0x20D7, 0x20DA, 0x20DD, 0x20E4, 0x20E7, 0x20EE, 0x20F5,
    0x2100, 0x2103, 0x2106, 0x210D, 0x2114, 0x211B, 0x2122, 0x212D,
    0x2138, 0x213B, 0x2142, 0x2145, 0x214C, 0x2153, 0x215E, 0x2165,
    0x2170, 0x2177, 0x217E, 0x2185, 0x218C, 0x2197, 0x21A2, 0x21AD,
    0x21B8, 0x21BB, 0x21C2, 0x21C9, 0x21D4, 0x21D7, 0x21DE, 0x21E5,
    0x21F0, 0x21F7, 0x21FE, 0x2209, 0x2214, 0x221B, 0x2222, 0x222D,
    0x2238, 0x223F, 0x224A, 0x2251, 0x225C, 0x2263, 0x226E, 0x2275,
    0x2280, 0x228B, 0x2296, 0x22A1, 0x22AC, 0x22B7, 0x22C2, 0x22CD,
    0x22D8, 0x22DB, 0x22E2, 0x22E9, 0x22F4, 0x22FB, 0x2306, 0x2311,
    0x2320, 0x2327, 0x232E, 0x2339, 0x2344, 0x234F, 0x235A, 0x2369,
    0x2378, 0x237F, 0x238A, 0x2391, 0x239C, 0x23A7, 0x23B6, 0x23C1,
    0x23D0, 0x23DB, 0x23E6, 0x23F1, 0x23FC, 0x240B, 0x241A, 0x2429,
    0x2438, 0x243F, 0x244A, 0x2455, 0x2464, 0x246B, 0x2476, 0x2481,
    0x2490, 0x249B, 0x24A6, 0x24B5, 0x24C4, 0x24CF, 0x24DA, 0x24E9,
    0x24F8, 0x2503, 0x2512, 0x251D, 0x252C, 0x2537, 0x2546, 0x2551,
    0x2560, 0x256F, 0x257E, 0x258D, 0x259C, 0x25AB, 0x25BA, 0x25C9,
    0x25D8, 0x25DB, 0x25E2, 0x25E9, 0x25F4, 0x25FB, 0x2606, 0x2611,
    0x2620, 0x2627, 0x262E, 0x2639, 0x2644, 0x264F, 0x265A, 0x2669,
    0x2678, 0x267F, 0x268A, 0x2691, 0x269C, 0x26A7, 0x26B6, 0x26C1,
    0x26D0, 0x26DB, 0x26E6, 0x26F1, 0x26FC, 0x270B, 0x271A, 0x2729,
    0x2738, 0x273F, 0x274A, 0x2755, 0x2764, 0x276B, 0x2776, 0x2781,
    0x2790, 0x279B, 0x27A6, 0x27B5, 0x27C4, 0x27CF, 0x27DA, 0x27E9,
    0x27F8, 0x2803, 0x2812, 0x281D, 0x282C, 0x2837, 0x2846, 0x2851,
    0x2860, 0x286F, 0x287E, 0x288D, 0x289C, 0x28AB, 0x28BA, 0x28C9,
    0x28D8, 0x28DB, 0x28E2, 0x28E9, 0x28F4, 0x28FB, 0x2906, 0x2911,
    0x2920, 0x2927, 0x292E, 0x2939, 0x2944, 0x294F, 0x295A, 0x2969,
    0x2978, 0x297F, 0x298A, 0x2991, 0x299C, 0x29A7, 0x29B6, 0x29C1,
    0x29D0, 0x29DB, 0x29E6, 0x29F1, 0x29FC, 0x2A0B, 0x2A1A, 0x2A29,
    0x2A38, 0x2A3F, 0x2A4A, 0x2A55, 0x2A64, 0x2A6B, 0x2A76, 0x2A81,
    0x2A90, 0x2A9B, 0x2AA6, 0x2AB5, 0x2AC4, 0x2ACF, 0x2ADA, 0x2AE9,
    0x2AF8, 0x2B03, 0x2B12, 0x2B1D, 0x2B2C, 0x2B37, 0x2B46, 0x2B51,
    0x2B60, 0x2B6F, 0x2B7E, 0x2B8D, 0x2B9C, 0x2BAB, 0x2BBA, 0x2BC9,
};

static const uint16_t r_idx_2E2C_2E2C[] = {
    0x2BD8,
};

static const uint16_t r_idx_E0A0_E0A2[] = {
    0x2BDF, 0x2BEE, 0x2BFA,
};

static const uint16_t r_idx_E0B0_E0B3[] = {
    0x2C07, 0x2C19, 0x2C2B, 0x2C3D,
};

static const uint16_t r_idx_F6BE_F6BE[] = {
    0x0E28,
};

static const uint16_t r_idx_FFFD_FFFD[] = {
    0x2C4F,
};

static const FontRange r_ranges[] = {
    {0x0000, 0x0000, r_idx_0000_0000},
    {0x0020, 0x007E, r_idx_0020_007E},
    {0x00A0, 0x017F, r_idx_00A0_017F},
    {0x0186, 0x0186, r_idx_0186_0186},
    {0x018E, 0x0192, r_idx_018E_0192},
    {0x019D, 0x019E, r_idx_019D_019E},
    {0x01B5, 0x01B7, r_idx_01B5_01B7},
    {0x01CD, 0x01D4, r_idx_01CD_01D4},
    {0x01E2, 0x01F5, r_idx_01E2_01F5},
    {0x01FC, 0x01FF, r_idx_01FC_01FF},
    {0x0218, 0x021B, r_idx_0218_021B},
    {0x0232, 0x0237, r_idx_0232_0237},
    {0x0254, 0x025B, r_idx_0254_025B},
    {0x0272, 0x0272, r_idx_0272_0272},
    {0x0292, 0x0292, r_idx_0292_0292},
    {0x02BB, 0x02BD, r_idx_02BB_02BD},
    {0x02C6, 0x02C7, r_idx_02C6_02C7},
    {0x02D8, 0x02DD, r_idx_02D8_02DD},
    {0x0300, 0x030C, r_idx_0300_030C},
    {0x0329, 0x0329, r_idx_0329_0329},
    {0x0384, 0x03D5, r_idx_0384_03D5},
    {0x03F0, 0x03F6, r_idx_03F0_03F6},
    {0x0400, 0x0463, r_idx_0400_0463},
    {0x046A, 0x046B, r_idx_046A_046B},
    {0x0490, 0x04A5, r_idx_0490_04A5},
    {0x04AA, 0x04BB, r_idx_04AA_04BB},
    {0x04C0, 0x04C2, r_idx_04C0_04C2},
    {0x04CF, 0x04F9, r_idx_04CF_04F9},
    {0x05D0, 0x05EA, r_idx_05D0_05EA},
    {0x1E0C, 0x1E0D, r_idx_1E0C_1E0D},
    {0x1E34, 0x1E37, r_idx_1E34_1E37},
    {0x1E40, 0x1E47, r_idx_1E40_1E47},
    {0x1E6C, 0x1E6D, r_idx_1E6C_1E6D},
    {0x1EB8, 0x1EBD, r_idx_1EB8_1EBD},
    {0x1ECA, 0x1ECD, r_idx_1ECA_1ECD},
    {0x1EE4, 0x1EE5, r_idx_1EE4_1EE5},
    {0x1EF8, 0x1EF9, r_idx_1EF8_1EF9},
    {0x2000, 0x2026, r_idx_2000_2026},
    {0x2030, 0x2033, r_idx_2030_2033},
    {0x2039, 0x203E, r_idx_2039_203E},
    {0x2070, 0x209A, r_idx_2070_209A},
    {0x20A7, 0x20AE, r_idx_20A7_20AE},
    {0x2102, 0x2102, r_idx_2102_2102},
    {0x210E, 0x210F, r_idx_210E_210F},
    {0x2115, 0x211D, r_idx_2115_211D},
    {0x2122, 0x2126, r_idx_2122_2126},
    {0x2135, 0x2135, r_idx_2135_2135},
    {0x2190, 0x2195, r_idx_2190_2195},
    {0x21A4, 0x21A8, r_idx_21A4_21A8},
    {0x21B2, 0x21B5, r_idx_21B2_21B5},
    {0x21BB, 0x21BB, r_idx_21BB_21BB},
    {0x21CB, 0x21D5, r_idx_21CB_21D5},
    {0x2200, 0x220D, r_idx_2200_220D},
    {0x2212, 0x221F, r_idx_2212_221F},
    {0x2225, 0x222A, r_idx_2225_222A},
    {0x2248, 0x2248, r_idx_2248_2248},
    {0x2260, 0x2265, r_idx_2260_2265},
    {0x226A, 0x226B, r_idx_226A_226B},
    {0x2282, 0x2287, r_idx_2282_2287},
    {0x22A5, 0x22A5, r_idx_22A5_22A5},
    {0x22C2, 0x22C3, r_idx_22C2_22C3},
    {0x2300, 0x2302, r_idx_2300_2302},
    {0x2308, 0x230B, r_idx_2308_230B},
    {0x2310, 0x2310, r_idx_2310_2310},
    {0x2319, 0x2319, r_idx_2319_2319},
    {0x2320, 0x2321, r_idx_2320_2321},
    {0x239B, 0x23AF, r_idx_239B_23AF},
    {0x23BA, 0x23BD, r_idx_23BA_23BD},
    {0x23D0, 0x23D0, r_idx_23D0_23D0},
    {0x2409, 0x240D, r_idx_2409_240D},
    {0x2424, 0x2424, r_idx_2424_2424},
    {0x2500, 0x2503, r_idx_2500_2503},
    {0x2508, 0x254B, r_idx_2508_254B},
    {0x2550, 0x25A0, r_idx_2550_25A0},
    {0x25AC, 0x25CF, r_idx_25AC_25CF},
    {0x25D8, 0x25D9, r_idx_25D8_25D9},
    {0x263A, 0x2642, r_idx_263A_2642},
    {0x2660, 0x266B, r_idx_2660_266B},
    {0x2713, 0x2718, r_idx_2713_2718},
    {0x27E8, 0x27EB, r_idx_27E8_27EB},
    {0x2800, 0x28FF, r_idx_2800_28FF},
    {0x2E2C, 0x2E2C, r_idx_2E2C_2E2C},
    {0xE0A0, 0xE0A2, r_idx_E0A0_E0A2},
    {0xE0B0, 0xE0B3, r_idx_E0B0_E0B3},
    {0xF6BE, 0xF6BE, r_idx_F6BE_F6BE},
    {0xFFFD, 0xFFFD, r_idx_FFFD_FFFD},
};

const FontFace terminus8x16_regular = {
    .ranges      = r_ranges,
    .pool        = r_pool,
    .palette     = NULL,
    .num_ranges  = 86,
    .pool_bytes  = 11350,
    .palette_len = 0,
    .smear_left  = 0,
};

#if FONT_BOLD_ENABLED

static const uint8_t b_pool[] = {
    0x29, 0x85, 0x18, 0x02, 0x00, 0x18, 0x18, 0x12, 0x81, 0x66, 0x1C, 0x0C, 0x10, 0x10, 0x7C, 0xD6,
    0xD0, 0xD0, 0x7C, 0x16, 0x16, 0xD6, 0x7C, 0x10, 0x10, 0x29, 0x09, 0x66, 0xD6, 0x6C, 0x0C, 0x18,
    0x18, 0x30, 0x36, 0x6B, 0x66, 0x29, 0x09, 0x38, 0x6C, 0x6C, 0x38, 0x76, 0xDC, 0xCC, 0xCC, 0xDC,
    0x76, 0x12, 0x81, 0x18, 0x29, 0x01, 0x0C, 0x18, 0x84, 0x30, 0x01, 0x18, 0x0C, 0x29, 0x01, 0x30,
    0x18, 0x84, 0x0C, 0x01, 0x18, 0x30, 0x54, 0x04, 0x18, 0x18, 0x7E, 0x18, 0x18, 0xA2, 0x02, 0x18,
    0x18, 0x30, 0xA1, 0x80, 0x18, 0x29, 0x80, 0x06, 0x80, 0x0C, 0x80, 0x18, 0x80, 0x30, 0x80, 0x60,
    0x56, 0x80, 0x18, 0x81, 0x00, 0x80, 0x18, 0x57, 0x80, 0x18, 0x81, 0x00, 0x02, 0x18, 0x18, 0x30,
    0x38, 0x08, 0x06, 0x0C, 0x18, 0x30, 0x60, 0x30, 0x18, 0x0C, 0x06, 0x38, 0x08, 0x60, 0x30, 0x18,
    0x0C, 0x06, 0x0C, 0x18, 0x30, 0x60, 0x29, 0x02, 0x7C, 0xC6, 0xCE, 0x82, 0xD6, 0x02, 0xCE, 0xC0,
    0x7E, 0x29, 0x00, 0x3C, 0x86, 0x18, 0x00, 0x3C, 0x29, 0x09, 0xC6, 0xC6, 0xCC, 0xD8, 0xF0, 0xF0,
    0xD8, 0xCC, 0xC6, 0xC6, 0x29, 0x04, 0x82, 0xC6, 0xEE, 0xFE, 0xD6, 0x83, 0xC6, 0x29, 0x00, 0xFF,
    0x87, 0x18, 0x29, 0x83, 0xC6, 0x04, 0xD6, 0xFE, 0xEE, 0xC6, 0x82, 0x29, 0x04, 0xC3, 0xC3, 0x66,
    0x66, 0x3C, 0x83, 0x18, 0x29, 0x00, 0x3C, 0x86, 0x30, 0x00, 0x3C, 0x29, 0x80, 0x60, 0x80, 0x30,
    0x80, 0x18, 0x80, 0x0C, 0x80, 0x06, 0x29, 0x00, 0x3C, 0x86, 0x0C, 0x00, 0x3C, 0x12, 0x02, 0x18,
    0x3C, 0x66, 0x29, 0x03, 0x18, 0x18, 0x00, 0x38, 0x83, 0x18, 0x00, 0x3C, 0x2C, 0x03, 0x06, 0x06,
    0x00, 0x0E, 0x84, 0x06, 0x02, 0x66, 0x66, 0x3C, 0x29, 0x00, 0x38, 0x86, 0x18, 0x00, 0x3C, 0x56,
    0x00, 0xFC, 0x84, 0xD6, 0x56, 0x02, 0xDE, 0xF0, 0xE0, 0x82, 0xC0, 0x56, 0x80, 0xC6, 0x82, 0xD6,
    0x00, 0x7C, 0x29, 0x88, 0x18, 0x12, 0x02, 0x73, 0xDB, 0xCE, 0x29, 0x02, 0x18, 0x18, 0x00, 0x85,
    0x18, 0x3A, 0x0A, 0x10, 0x10, 0x7C, 0xD6, 0xD0, 0xD0, 0xD0, 0xD6, 0x7C, 0x10, 0x10, 0x46, 0x06,
    0x66, 0x3C, 0x66, 0x66, 0x66, 0x3C, 0x66, 0x29, 0x09, 0xC3, 0xC3, 0x66, 0x3C, 0x18, 0x7E, 0x18,
    0x7E, 0x18, 0x18, 0x29, 0x82, 0x18, 0x80, 0x00, 0x82, 0x18, 0x1B, 0x0B, 0x3C, 0x66, 0x60, 0x38,
    0x6C, 0x66, 0x66, 0x36, 0x1C, 0x06, 0x66, 0x3C, 0x38, 0x08, 0x7E, 0x81, 0x99, 0xA5, 0xA1, 0xA5,
    0x99, 0x81, 0x7E, 0x16, 0x06, 0x3C, 0x06, 0x3E, 0x66, 0x3E, 0x00, 0x7E, 0x56, 0x06, 0x1B, 0x36,
    0x6C, 0xD8, 0x6C, 0x36, 0x1B, 0x38, 0x08, 0x7E, 0x81, 0xB9, 0xA5, 0xB9, 0xA9, 0xA5, 0x81, 0x7E,
    0x56, 0x06, 0x18, 0x18, 0x7E, 0x18, 0x18, 0x00, 0x7E, 0x59, 0x83, 0xC6, 0x01, 0xCE, 0xF6, 0x81,
    0xC0, 0x29, 0x00, 0x7E, 0x82, 0xD6, 0x00, 0x76, 0x82, 0x16, 0x71, 0x80, 0x18, 0x15, 0x05, 0x18,
    0x38, 0x18, 0x18, 0x18, 0x3C, 0x16, 0x06, 0x3C, 0x66, 0x66, 0x66, 0x3C, 0x00, 0x7E, 0x56, 0x06,
    0xD8, 0x6C, 0x36, 0x1B, 0x36, 0x6C, 0xD8, 0x1C, 0x0C, 0x60, 0xE0, 0x62, 0x66, 0x6C, 0x18, 0x30,
    0x66, 0xCE, 0x9A, 0x3E, 0x06, 0x06, 0x1C, 0x0C, 0x60, 0xE0, 0x62, 0x66, 0x6C, 0x18, 0x30, 0x60,
    0xDC, 0xB6, 0x0C, 0x18, 0x3E, 0x1C, 0x0C, 0xE0, 0x30, 0x62, 0x36, 0xEC, 0x18, 0x30, 0x66, 0xCE,
    0x9A, 0x3E, 0x06, 0x06, 0x29, 0x04, 0x7E, 0xD8, 0xD8, 0xD8, 0xFE, 0x82, 0xD8, 0x00, 0xDE, 0x0B,
    0x03, 0x30, 0x18, 0x00, 0x3C, 0x85, 0x18, 0x00, 0x3C, 0x0B, 0x03, 0x0C, 0x18, 0x00, 0x3C, 0x85,
    0x18, 0x00, 0x3C, 0x0B, 0x03, 0x38, 0x6C, 0x00, 0x3C, 0x85, 0x18, 0x00, 0x3C, 0x0B, 0x03, 0x66,
    0x66, 0x00, 0x3C, 0x85, 0x18, 0x00, 0x3C, 0x29, 0x09, 0x78, 0x6C, 0x66, 0x66, 0xF6, 0x66, 0x66,
    0x66, 0x6C, 0x78, 0x0B, 0x06, 0x0C, 0x18, 0xC3, 0xC3, 0x66, 0x66, 0x3C, 0x83, 0x18, 0x29, 0x09,
    0x78, 0xCC, 0xCC, 0xC8, 0xFC, 0xC6, 0xC6, 0xC6, 0xE6, 0xDC, 0x56, 0x06, 0x6C, 0x16, 0x16, 0x7E,
    0xD0, 0xD0, 0x6C, 0x29, 0x03, 0x30, 0x18, 0x00, 0x38, 0x83, 0x18, 0x00, 0x3C, 0x29, 0x03, 0x0C,
    0x18, 0x00, 0x38, 0x83, 0x18, 0x00, 0x3C, 0x29, 0x03, 0x38, 0x6C, 0x00, 0x38, 0x83, 0x18, 0x00,
    0x3C, 0x29, 0x03, 0x6C, 0x6C, 0x00, 0x38, 0x83, 0x18, 0x00, 0x3C, 0x29, 0x03, 0x68, 0x30, 0x58,
    0x7C, 0x83, 0xC6, 0x00, 0x7C, 0x46, 0x06, 0x18, 0x18, 0x00, 0x7E, 0x00, 0x18, 0x18, 0x56, 0x06,
    0x3D, 0x67, 0x6E, 0x7E, 0x76, 0xE6, 0xBC, 0x0B, 0x0B, 0x18, 0x18, 0x00, 0x7C, 0xC6, 0xC6, 0xC0,
    0xC0, 0xC0, 0xC6, 0xC6, 0x7C, 0x29, 0x09, 0x18, 0x18, 0x00, 0x7C, 0xC6, 0xC0, 0xC0, 0xC0, 0xC6,
    0x7C, 0x0B, 0x0B, 0x18, 0x18, 0x00, 0xFE, 0xC0, 0xC0, 0xC0, 0xF8, 0xC0, 0xC0, 0xC0, 0xFE, 0x29,
    0x09, 0x18, 0x18, 0x00, 0x7C, 0xC6, 0xC6, 0xFE, 0xC0, 0xC0, 0x7C, 0x0B, 0x0B, 0x18, 0x18, 0x00,
    0x7C, 0xC6, 0xC0, 0xC0, 0xDE, 0xC6, 0xC6, 0xC6, 0x7C, 0x29, 0x04, 0x66, 0xFF, 0x66, 0x66, 0x7E,
    0x83, 0x66, 0x29, 0x03, 0x60, 0xF8, 0x60, 0x7C, 0x84, 0x66, 0x0B, 0x03, 0x76, 0xDC, 0x00, 0x3C,
    0x85, 0x18, 0x00, 0x3C, 0x29, 0x03, 0x76, 0xDC, 0x00, 0x38, 0x83, 0x18, 0x00, 0x3C, 0x0B, 0x02,
    0x7E, 0x00, 0x3C, 0x86, 0x18, 0x00, 0x3C, 0x38, 0x02, 0x7C, 0x00, 0x38, 0x83, 0x18, 0x00, 0x3C,
    0x0B, 0x03, 0x6C, 0x38, 0x00, 0x3C, 0x85, 0x18, 0x00, 0x3C, 0x29, 0x03, 0x6C, 0x38, 0x00, 0x38,
    0x83, 0x18, 0x00, 0x3C, 0x2C, 0x00, 0x3C, 0x86, 0x18, 0x03, 0x3C, 0x18, 0x30, 0x1C, 0x2C, 0x03,
    0x18, 0x18, 0x00, 0x38, 0x83, 0x18, 0x03, 0x3C, 0x18, 0x30, 0x1C, 0x0B, 0x03, 0x18, 0x18, 0x00,
    0x3C, 0x85, 0x18, 0x00, 0x3C, 0x56, 0x00, 0x38, 0x83, 0x18, 0x00, 0x3C, 0x29, 0x00, 0xCF, 0x84,
    0xC6, 0x02, 0xF6, 0xF6, 0xDC, 0x2C, 0x02, 0xC6, 0xC6, 0x00, 0x85, 0xC6, 0x02, 0x36, 0x36, 0x1C,
    0x2C, 0x03, 0x0E, 0x1B, 0x00, 0x0E, 0x84, 0x06, 0x02, 0x66, 0x66, 0x3C, 0x2D, 0x0D, 0xC6, 0xC6,
    0xCC, 0xD8, 0xF0, 0xF0, 0xD8, 0xCC, 0xC6, 0xC6, 0x00, 0x30, 0x30, 0x60, 0x0B, 0x03, 0x0C, 0x18,
    0x00, 0x38, 0x85, 0x18, 0x00, 0x3C, 0x2D, 0x00, 0x38, 0x86, 0x18, 0x04, 0x3C, 0x00, 0x18, 0x18,
    0x30, 0x0B, 0x03, 0x6C, 0x38, 0x00, 0x38, 0x85, 0x18, 0x00, 0x3C, 0x29, 0x00, 0x38, 0x81, 0x18,
    0x80, 0x1B, 0x81, 0x18, 0x00, 0x3C, 0x29, 0x82, 0x60, 0x05, 0x70, 0xE0, 0x60, 0x60, 0x60, 0x7F,
    0x29, 0x09, 0x38, 0x18, 0x18, 0x18, 0x1C, 0x38, 0x18, 0x18, 0x18, 0x3C, 0x1A, 0x04, 0x60, 0x60,
    0xC0, 0x00, 0xFC, 0x84, 0xC6, 0x29, 0x04, 0x7E, 0xD8, 0xD8, 0xD8, 0xDE, 0x82, 0xD8, 0x00, 0x7E,
    0x56, 0x06, 0x7C, 0xD6, 0xD6, 0xDE, 0xD0, 0xD0, 0x7C, 0x29, 0x05, 0x18, 0x30, 0x00, 0xDE, 0xF0,
    0xE0, 0x82, 0xC0, 0x5A, 0x02, 0x6F, 0x78, 0x70, 0x82, 0x60, 0x03, 0x00, 0x60, 0x60, 0xC0, 0x29,
    0x05, 0x6C, 0x38, 0x00, 0xDE, 0xF0, 0xE0, 0x82, 0xC0, 0x2C, 0x00, 0xFF, 0x87, 0x18, 0x02, 0x0C,
    0x0C, 0x18, 0x0B, 0x03, 0x6C, 0x38, 0x00, 0xFF, 0x86, 0x18, 0x29, 0x04, 0xFF, 0x18, 0x18, 0x18,
    0x7E, 0x83, 0x18, 0x0B, 0x02, 0x38, 0x6C, 0x00, 0x82, 0xC6, 0x04, 0xD6, 0xFE, 0xEE, 0xC6, 0x82,
    0x29, 0x04, 0x38, 0x6C, 0x00, 0xC6, 0xC6, 0x82, 0xD6, 0x00, 0x7C, 0x0B, 0x07, 0x38, 0x6C, 0x00,
    0xC3, 0xC3, 0x66, 0x66, 0x3C, 0x82, 0x18, 0x0B, 0x07, 0x66, 0x66, 0x00, 0xC3, 0xC3, 0x66, 0x66,
    0x3C, 0x82, 0x18, 0x0B, 0x0B, 0x18, 0x18, 0x00, 0xFE, 0x06, 0x0C, 0x18, 0x30, 0x60, 0xC0, 0xC0,
    0xFE, 0x29, 0x09, 0x18, 0x18, 0x00, 0xFE, 0x0C, 0x18, 0x30, 0x60, 0xC0, 0xFE, 0x29, 0x03, 0xF0,
    0x60, 0x60, 0x7C, 0x83, 0x66, 0x00, 0x6C, 0x29, 0x03, 0x30, 0x70, 0xD0, 0xDC, 0x83, 0xD6, 0x00,
    0x9C, 0x29, 0x81, 0xD0, 0x01, 0xDC, 0xF6, 0x82, 0xD6, 0x00, 0xDC, 0x29, 0x03, 0xF0, 0x60, 0x60,
    0x7C, 0x84, 0x66, 0x0B, 0x0B, 0x18, 0x30, 0xC6, 0xC6, 0xCC, 0xD8, 0xF0, 0xF0, 0xD8, 0xCC, 0xC6,
    0xC6, 0x2A, 0x00, 0x3E, 0x86, 0x66, 0x01, 0xFF, 0xC3, 0x29, 0x81, 0xD6, 0x02, 0x7C, 0x38, 0x7C,
    0x82, 0xD6, 0x1B, 0x01, 0x10, 0x7C, 0x86, 0xD6, 0x01, 0x7C, 0x10, 0x29, 0x87, 0xD6, 0x00, 0x7E,
    0x2B, 0x87, 0xD6, 0x02, 0x7F, 0x03, 0x03, 0x29, 0x03, 0xE0, 0x60, 0x60, 0x7C, 0x83, 0x66, 0x00,
    0x7C, 0x29, 0x81, 0xC6, 0x00, 0xE6, 0x83, 0xD6, 0x00, 0xE6, 0x29, 0x81, 0x60, 0x00, 0x7C, 0x83,
    0x66, 0x00, 0x7C, 0x29, 0x00, 0xCC, 0x82, 0xD6, 0x04, 0xF6, 0xD6, 0xD6, 0xD6, 0xCC, 0x29, 0x04,
    0x78, 0xCC, 0xCC, 0xC8, 0xFC, 0x82, 0xC6, 0x00, 0xFC, 0x56, 0x06, 0xD6, 0xD6, 0x7C, 0x38, 0x7C,
    0xD6, 0xD6, 0x56, 0x03, 0xC6, 0xEE, 0xFE, 0xD6, 0x81, 0xC6, 0x56, 0x00, 0xFF, 0x84, 0x18, 0x48,
    0x01, 0x10, 0x7C, 0x83, 0xD6, 0x01, 0x7C, 0x10, 0x56, 0x84, 0xD6, 0x00, 0x7E, 0x58, 0x84, 0xD6,
    0x02, 0x7F, 0x03, 0x03, 0x56, 0x06, 0xC6, 0xC6, 0xE6, 0xD6, 0xD6, 0xD6, 0xE6, 0x56, 0x06, 0x60,
    0x60, 0x7C, 0x66, 0x66, 0x66, 0x7C, 0x56, 0x06, 0xCC, 0xD6, 0xD6, 0xF6, 0xD6, 0xD6, 0xCC, 0x2C,
    0x03, 0x60, 0xF8, 0x60, 0x7C, 0x84, 0x66, 0x02, 0x06, 0x06, 0x1C, 0x56, 0x06, 0x70, 0xD0, 0xDC,
    0xD6, 0xD6, 0xD6, 0x9C, 0x56, 0x06, 0xD0, 0xD0, 0xDC, 0xF6, 0xD6, 0xD6, 0xDC,
};

static const uint16_t b_idx_0020_007E[] = {
    0xFFFF, 0x0000, 0x0007, 0xFFFF, 0x000A, 0x0019, 0x0025, 0x0031,
    0x0034, 0x003D, 0xFFFF, 0x0046, 0x004D, 0xFFFF, 0x0052, 0x0055,
    0xFFFF, 0xFFFF, 0xFFFF, 0xFFFF, 0xFFFF, 0xFFFF, 0xFFFF, 0xFFFF,
    0xFFFF, 0xFFFF, 0x0060, 0x0067, 0x0070, 0xFFFF, 0x007B, 0xFFFF,
    0x0086, 0xFFFF, 0xFFFF, 0xFFFF, 0xFFFF, 0xFFFF, 0xFFFF, 0xFFFF,
    0xFFFF, 0x0091, 0xFFFF, 0x0098, 0xFFFF, 0x00A4, 0xFFFF, 0xFFFF,
    0xFFFF, 0xFFFF, 0xFFFF, 0xFFFF, 0x00AD, 0xFFFF, 0xFFFF, 0x00B2,
    0xFFFF, 0x00BB, 0xFFFF, 0x00C4, 0x00CB, 0x00D6, 0x00DD, 0xFFFF,
    0xFFFF, 0xFFFF, 0xFFFF, 0xFFFF, 0xFFFF, 0xFFFF, 0xFFFF, 0xFFFF,
    0xFFFF, 0x00E2, 0x00EC, 0xFFFF, 0x00F8, 0x00FF, 0xFFFF, 0xFFFF,
    0xFFFF, 0xFFFF, 0x0104, 0xFFFF, 0xFFFF, 0xFFFF, 0xFFFF, 0x010B,
    0xFFFF, 0xFFFF, 0xFFFF, 0xFFFF, 0x0112, 0xFFFF, 0x0115,
};

static const uint16_t b_idx_00A0_017F[] = {
    0xFFFF, 0x011A, 0x0121, 0xFFFF, 0x012E, 0x0137, 0x0143, 0x014A,
    0xFFFF, 0x0158, 0x0163, 0x016C, 0xFFFF, 0xFFFF, 0x0175, 0xFFFF,
    0xFFFF, 0x0180, 0xFFFF, 0xFFFF, 0xFFFF, 0x0189, 0x0191, 0x019A,
    0xFFFF, 0x019D, 0x01A5, 0x01AE, 0x01B7, 0x01C6, 0x01D5, 0xFFFF,
    0xFFFF, 0xFFFF, 0xFFFF, 0xFFFF, 0xFFFF, 0xFFFF, 0x01E4, 0xFFFF,
    0xFFFF, 0xFFFF, 0xFFFF, 0xFFFF, 0x01EF, 0x01F9, 0x0203, 0x020D,
    0x0217, 0xFFFF, 0xFFFF, 0xFFFF, 0xFFFF, 0xFFFF, 0xFFFF, 0xFFFF,
    0xFFFF, 0xFFFF, 0xFFFF, 0xFFFF, 0xFFFF, 0x0223, 0xFFFF, 0x022E,
    0xFFFF, 0xFFFF, 0xFFFF, 0xFFFF, 0xFFFF, 0xFFFF, 0x023A, 0xFFFF,
    0xFFFF, 0xFFFF, 0xFFFF, 0xFFFF, 0x0243, 0x024D, 0x0257, 0x0261,
    0x026B, 0xFFFF, 0xFFFF, 0xFFFF, 0xFFFF, 0xFFFF, 0xFFFF, 0x0275,
    0x027E, 0xFFFF, 0xFFFF, 0xFFFF, 0xFFFF, 0xFFFF, 0xFFFF, 0xFFFF,
    0xFFFF, 0xFFFF, 0xFFFF, 0xFFFF, 0xFFFF, 0xFFFF, 0xFFFF, 0xFFFF,
    0xFFFF, 0xFFFF, 0x0287, 0x0295, 0xFFFF, 0xFFFF, 0xFFFF, 0xFFFF,
    0x0217, 0xFFFF, 0xFFFF, 0xFFFF, 0xFFFF, 0xFFFF, 0x02A1, 0x02AF,
    0xFFFF, 0xFFFF, 0xFFFF, 0xFFFF, 0xFFFF, 0xFFFF, 0xFFFF, 0xFFFF,
    0x02BB, 0xFFFF, 0xFFFF, 0xFFFF, 0xFFFF, 0xFFFF, 0x02C9, 0x02D2,
    0x02DA, 0x02E4, 0x02EE, 0x02F7, 0x0300, 0x030A, 0x0314, 0x031E,
    0x032B, 0x0335, 0x033C, 0x0345, 0xFFFF, 0x0350, 0x035C, 0xFFFF,
    0xFFFF, 0xFFFF, 0x036C, 0xFFFF, 0x0376, 0xFFFF, 0x0381, 0xFFFF,
    0x038B, 0x0396, 0x03A0, 0xFFFF, 0xFFFF, 0xFFFF, 0xFFFF, 0xFFFF,
    0xFFFF, 0x03AC, 0xFFFF, 0xFFFF, 0xFFFF, 0xFFFF, 0xFFFF, 0xFFFF,
    0xFFFF, 0xFFFF, 0x03B5, 0x03C0, 0xFFFF, 0x03C9, 0xFFFF, 0x03D3,
    0xFFFF, 0x03DF, 0xFFFF, 0xFFFF, 0xFFFF, 0xFFFF, 0xFFFF, 0xFFFF,
    0xFFFF, 0xFFFF, 0x03E9, 0xFFFF, 0x03F2, 0xFFFF, 0x03FA, 0xFFFF,
    0xFFFF, 0xFFFF, 0xFFFF, 0xFFFF, 0xFFFF, 0xFFFF, 0xFFFF, 0xFFFF,
    0xFFFF, 0xFFFF, 0xFFFF, 0xFFFF, 0x0403, 0x0410, 0x041B, 0xFFFF,
    0x0427, 0xFFFF, 0xFFFF, 0x0433, 0x0441, 0xFFFF, 0xFFFF, 0xFFFF,
};

static const uint16_t b_idx_0400_045F[] = {
    0xFFFF, 0xFFFF, 0x044D, 0xFFFF, 0xFFFF, 0xFFFF, 0x0091, 0x020D,
    0xFFFF, 0x0457, 0x0461, 0x046B, 0x0473, 0xFFFF, 0xFFFF, 0xFFFF,
    0xFFFF, 0xFFFF, 0xFFFF, 0xFFFF, 0x0481, 0xFFFF, 0x0489, 0xFFFF,
    0xFFFF, 0xFFFF, 0x0098, 0xFFFF, 0x00A4, 0xFFFF, 0xFFFF, 0xFFFF,
    0xFFFF, 0xFFFF, 0x00AD, 0xFFFF, 0x0492, 0xFFFF, 0xFFFF, 0xFFFF,
    0x049B, 0x04A0, 0x04A7, 0x04B1, 0x04BA, 0xFFFF, 0x04C3, 0xFFFF,
    0xFFFF, 0xFFFF, 0x04CE, 0xFFFF, 0xFFFF, 0xFFFF, 0x04D9, 0xFFFF,
    0xFFFF, 0xFFFF, 0xFFFF, 0xFFFF, 0x04E2, 0xFFFF, 0xFFFF, 0xFFFF,
    0xFFFF, 0xFFFF, 0x04EA, 0xFFFF, 0x04EF, 0xFFFF, 0xFFFF, 0xFFFF,
    0x04F8, 0x04FD, 0xFFFF, 0x0504, 0x050D, 0xFFFF, 0x0516, 0xFFFF,
    0xFFFF, 0xFFFF, 0x051F, 0xFFFF, 0xFFFF, 0xFFFF, 0x00E2, 0x0261,
    0x00EC, 0x052B, 0x0534, 0x02D2, 0xFFFF, 0xFFFF, 0xFFFF, 0xFFFF,
};

static const FontRange b_ranges[] = {
    {0x0020, 0x007E, b_idx_0020_007E},
    {0x00A0, 0x017F, b_idx_00A0_017F},
    {0x0400, 0x045F, b_idx_0400_045F},
};

const FontFace terminus8x16_bold = {
    .ranges      = b_ranges,
    .pool        = b_pool,
    .palette     = NULL,
    .num_ranges  = 3,
    .pool_bytes  = 1341,
    .palette_len = 0,
    .smear_left  = 1,
};

#endif /* FONT_BOLD_ENABLED */

#endif /* FONT_RT_8X16 */
